movieId,title,clean_title,genres,year
1,Toy Story (1995),Toy Story,Adventure|Animation|Children|Comedy|Fantasy,1995
2,Jumanji (1995),Jumanji,Adventure|Children|Fantasy,1995
3,Grumpier Old Men (1995),Grumpier Old Men,Comedy|Romance,1995
4,Waiting to Exhale (1995),Waiting to Exhale,Comedy|Drama|Romance,1995
5,Father of the Bride Part II (1995),Father of the Bride Part II,Comedy,1995
6,Heat (1995),Heat,Action|Crime|Thriller,1995
7,Sabrina (1995),Sabrina,Comedy|Romance,1995
8,Tom and Huck (1995),Tom and Huck,Adventure|Children,1995
9,Sudden Death (1995),Sudden Death,Action,1995
10,GoldenEye (1995),GoldenEye,Action|Adventure|Thriller,1995
11,"American President, The (1995)","American President, The",Comedy|Drama|Romance,1995
12,Dracula: Dead and Loving It (1995),Dracula: Dead and Loving It,Comedy|Horror,1995
13,Balto (1995),Balto,Adventure|Animation|Children,1995
14,Nixon (1995),Nixon,Drama,1995
15,Cutthroat Island (1995),Cutthroat Island,Action|Adventure|Romance,1995
16,Casino (1995),Casino,Crime|Drama,1995
17,Sense and Sensibility (1995),Sense and Sensibility,Drama|Romance,1995
18,Four Rooms (1995),Four Rooms,Comedy,1995
19,Ace Ventura: When Nature Calls (1995),Ace Ventura: When Nature Calls,Comedy,1995
20,Money Train (1995),Money Train,Action|Comedy|Crime|Drama|Thriller,1995
21,Get Shorty (1995),Get Shorty,Comedy|Crime|Thriller,1995
22,Copycat (1995),Copycat,Crime|Drama|Horror|Mystery|Thriller,1995
23,Assassins (1995),Assassins,Action|Crime|Thriller,1995
24,Powder (1995),Powder,Drama|Sci-Fi,1995
25,Leaving Las Vegas (1995),Leaving Las Vegas,Drama|Romance,1995
26,Othello (1995),Othello,Drama,1995
27,Now and Then (1995),Now and Then,Children|Drama,1995
28,Persuasion (1995),Persuasion,Drama|Romance,1995
29,"City of Lost Children, The (Cité des enfants perdus, La) (1995)","City of Lost Children, The (Cité des enfants perdus, La)",Adventure|Drama|Fantasy|Mystery|Sci-Fi,1995
30,Shanghai Triad (Yao a yao yao dao waipo qiao) (1995),Shanghai Triad (Yao a yao yao dao waipo qiao),Crime|Drama,1995
31,Dangerous Minds (1995),Dangerous Minds,Drama,1995
32,Twelve Monkeys (a.k.a. 12 Monkeys) (1995),Twelve Monkeys (a.k.a. 12 Monkeys),Mystery|Sci-Fi|Thriller,1995
34,Babe (1995),Babe,Children|Drama,1995
36,Dead Man Walking (1995),Dead Man Walking,Crime|Drama,1995
38,It Takes Two (1995),It Takes Two,Children|Comedy,1995
39,Clueless (1995),Clueless,Comedy|Romance,1995
40,"Cry, the Beloved Country (1995)","Cry, the Beloved Country",Drama,1995
41,Richard III (1995),Richard III,Drama|War,1995
42,Dead Presidents (1995),Dead Presidents,Action|Crime|Drama,1995
43,Restoration (1995),Restoration,Drama,1995
44,Mortal Kombat (1995),Mortal Kombat,Action|Adventure|Fantasy,1995
45,To Die For (1995),To Die For,Comedy|Drama|Thriller,1995
46,How to Make an American Quilt (1995),How to Make an American Quilt,Drama|Romance,1995
47,Seven (a.k.a. Se7en) (1995),Seven (a.k.a. Se7en),Mystery|Thriller,1995
48,Pocahontas (1995),Pocahontas,Animation|Children|Drama|Musical|Romance,1995
49,When Night Is Falling (1995),When Night Is Falling,Drama|Romance,1995
50,"Usual Suspects, The (1995)","Usual Suspects, The",Crime|Mystery|Thriller,1995
52,Mighty Aphrodite (1995),Mighty Aphrodite,Comedy|Drama|Romance,1995
53,Lamerica (1994),Lamerica,Adventure|Drama,1994
54,"Big Green, The (1995)","Big Green, The",Children|Comedy,1995
55,Georgia (1995),Georgia,Drama,1995
57,Home for the Holidays (1995),Home for the Holidays,Drama,1995
58,"Postman, The (Postino, Il) (1994)","Postman, The (Postino, Il)",Comedy|Drama|Romance,1994
60,"Indian in the Cupboard, The (1995)","Indian in the Cupboard, The",Adventure|Children|Fantasy,1995
61,Eye for an Eye (1996),Eye for an Eye,Drama|Thriller,1996
62,Mr. Holland's Opus (1995),Mr. Holland's Opus,Drama,1995
63,Don't Be a Menace to South Central While Drinking Your Juice in the Hood (1996),Don't Be a Menace to South Central While Drinking Your Juice in the Hood,Comedy|Crime,1996
64,Two if by Sea (1996),Two if by Sea,Comedy|Romance,1996
65,Bio-Dome (1996),Bio-Dome,Comedy,1996
66,Lawnmower Man 2: Beyond Cyberspace (1996),Lawnmower Man 2: Beyond Cyberspace,Action|Sci-Fi|Thriller,1996
68,French Twist (Gazon maudit) (1995),French Twist (Gazon maudit),Comedy|Romance,1995
69,Friday (1995),Friday,Comedy,1995
70,From Dusk Till Dawn (1996),From Dusk Till Dawn,Action|Comedy|Horror|Thriller,1996
71,Fair Game (1995),Fair Game,Action,1995
72,Kicking and Screaming (1995),Kicking and Screaming,Comedy|Drama,1995
73,"Misérables, Les (1995)","Misérables, Les",Drama|War,1995
74,Bed of Roses (1996),Bed of Roses,Drama|Romance,1996
75,Big Bully (1996),Big Bully,Comedy|Drama,1996
76,Screamers (1995),Screamers,Action|Sci-Fi|Thriller,1995
77,Nico Icon (1995),Nico Icon,Documentary,1995
78,"Crossing Guard, The (1995)","Crossing Guard, The",Action|Crime|Drama|Thriller,1995
79,"Juror, The (1996)","Juror, The",Drama|Thriller,1996
80,"White Balloon, The (Badkonake sefid) (1995)","White Balloon, The (Badkonake sefid)",Children|Drama,1995
81,Things to Do in Denver When You're Dead (1995),Things to Do in Denver When You're Dead,Crime|Drama|Romance,1995
82,Antonia's Line (Antonia) (1995),Antonia's Line (Antonia),Comedy|Drama,1995
83,Once Upon a Time... When We Were Colored (1995),Once Upon a Time... When We Were Colored,Drama|Romance,1995
85,Angels and Insects (1995),Angels and Insects,Drama|Romance,1995
86,White Squall (1996),White Squall,Action|Adventure|Drama,1996
87,Dunston Checks In (1996),Dunston Checks In,Children|Comedy,1996
88,Black Sheep (1996),Black Sheep,Comedy,1996
89,Nick of Time (1995),Nick of Time,Action|Thriller,1995
92,Mary Reilly (1996),Mary Reilly,Drama|Horror|Thriller,1996
93,Vampire in Brooklyn (1995),Vampire in Brooklyn,Comedy|Horror|Romance,1995
94,Beautiful Girls (1996),Beautiful Girls,Comedy|Drama|Romance,1996
95,Broken Arrow (1996),Broken Arrow,Action|Adventure|Thriller,1996
96,In the Bleak Midwinter (1995),In the Bleak Midwinter,Comedy|Drama,1995
97,"Hate (Haine, La) (1995)","Hate (Haine, La)",Crime|Drama,1995
99,Heidi Fleiss: Hollywood Madam (1995),Heidi Fleiss: Hollywood Madam,Documentary,1995
100,City Hall (1996),City Hall,Drama|Thriller,1996
101,Bottle Rocket (1996),Bottle Rocket,Adventure|Comedy|Crime|Romance,1996
102,Mr. Wrong (1996),Mr. Wrong,Comedy,1996
103,Unforgettable (1996),Unforgettable,Mystery|Sci-Fi|Thriller,1996
104,Happy Gilmore (1996),Happy Gilmore,Comedy,1996
105,"Bridges of Madison County, The (1995)","Bridges of Madison County, The",Drama|Romance,1995
106,Nobody Loves Me (Keiner liebt mich) (1994),Nobody Loves Me (Keiner liebt mich),Comedy|Drama,1994
107,Muppet Treasure Island (1996),Muppet Treasure Island,Adventure|Children|Comedy|Musical,1996
108,Catwalk (1996),Catwalk,Documentary,1996
110,Braveheart (1995),Braveheart,Action|Drama|War,1995
111,Taxi Driver (1976),Taxi Driver,Crime|Drama|Thriller,1976
112,Rumble in the Bronx (Hont faan kui) (1995),Rumble in the Bronx (Hont faan kui),Action|Adventure|Comedy|Crime,1995
113,Before and After (1996),Before and After,Drama|Mystery,1996
116,Anne Frank Remembered (1995),Anne Frank Remembered,Documentary,1995
117,"Young Poisoner's Handbook, The (1995)","Young Poisoner's Handbook, The",Crime|Drama,1995
118,If Lucy Fell (1996),If Lucy Fell,Comedy|Romance,1996
119,"Steal Big, Steal Little (1995)","Steal Big, Steal Little",Comedy,1995
121,"Boys of St. Vincent, The (1992)","Boys of St. Vincent, The",Drama,1992
122,Boomerang (1992),Boomerang,Comedy|Romance,1992
123,Chungking Express (Chung Hing sam lam) (1994),Chungking Express (Chung Hing sam lam),Drama|Mystery|Romance,1994
125,Flirting With Disaster (1996),Flirting With Disaster,Comedy,1996
126,"NeverEnding Story III, The (1994)","NeverEnding Story III, The",Adventure|Children|Fantasy,1994
128,Jupiter's Wife (1994),Jupiter's Wife,Documentary,1994
129,Pie in the Sky (1996),Pie in the Sky,Comedy|Romance,1996
132,Jade (1995),Jade,Thriller,1995
135,Down Periscope (1996),Down Periscope,Comedy,1996
137,Man of the Year (1995),Man of the Year,Documentary,1995
140,Up Close and Personal (1996),Up Close and Personal,Drama|Romance,1996
141,"Birdcage, The (1996)","Birdcage, The",Comedy,1996
144,"Brothers McMullen, The (1995)","Brothers McMullen, The",Comedy,1995
145,Bad Boys (1995),Bad Boys,Action|Comedy|Crime|Drama|Thriller,1995
146,"Amazing Panda Adventure, The (1995)","Amazing Panda Adventure, The",Adventure|Children,1995
147,"Basketball Diaries, The (1995)","Basketball Diaries, The",Drama,1995
148,"Awfully Big Adventure, An (1995)","Awfully Big Adventure, An",Drama,1995
149,Amateur (1994),Amateur,Crime|Drama|Thriller,1994
150,Apollo 13 (1995),Apollo 13,Adventure|Drama|IMAX,1995
151,Rob Roy (1995),Rob Roy,Action|Drama|Romance|War,1995
152,"Addiction, The (1995)","Addiction, The",Drama|Horror,1995
153,Batman Forever (1995),Batman Forever,Action|Adventure|Comedy|Crime,1995
154,Beauty of the Day (Belle de jour) (1967),Beauty of the Day (Belle de jour),Drama,1967
155,Beyond Rangoon (1995),Beyond Rangoon,Adventure|Drama|War,1995
156,Blue in the Face (1995),Blue in the Face,Comedy|Drama,1995
157,Canadian Bacon (1995),Canadian Bacon,Comedy|War,1995
158,Casper (1995),Casper,Adventure|Children,1995
159,Clockers (1995),Clockers,Crime|Drama|Mystery,1995
160,Congo (1995),Congo,Action|Adventure|Mystery|Sci-Fi,1995
161,Crimson Tide (1995),Crimson Tide,Drama|Thriller|War,1995
162,Crumb (1994),Crumb,Documentary,1994
163,Desperado (1995),Desperado,Action|Romance|Western,1995
164,Devil in a Blue Dress (1995),Devil in a Blue Dress,Crime|Film-Noir|Mystery|Thriller,1995
165,Die Hard: With a Vengeance (1995),Die Hard: With a Vengeance,Action|Crime|Thriller,1995
166,"Doom Generation, The (1995)","Doom Generation, The",Comedy|Crime|Drama,1995
168,First Knight (1995),First Knight,Action|Drama|Romance,1995
169,Free Willy 2: The Adventure Home (1995),Free Willy 2: The Adventure Home,Adventure|Children|Drama,1995
170,Hackers (1995),Hackers,Action|Adventure|Crime|Thriller,1995
171,Jeffrey (1995),Jeffrey,Comedy|Drama,1995
172,Johnny Mnemonic (1995),Johnny Mnemonic,Action|Sci-Fi|Thriller,1995
173,Judge Dredd (1995),Judge Dredd,Action|Crime|Sci-Fi,1995
174,Jury Duty (1995),Jury Duty,Comedy,1995
175,Kids (1995),Kids,Drama,1995
176,Living in Oblivion (1995),Living in Oblivion,Comedy,1995
177,Lord of Illusions (1995),Lord of Illusions,Horror,1995
178,Love & Human Remains (1993),Love & Human Remains,Comedy|Drama,1993
179,Mad Love (1995),Mad Love,Drama|Romance,1995
180,Mallrats (1995),Mallrats,Comedy|Romance,1995
181,Mighty Morphin Power Rangers: The Movie (1995),Mighty Morphin Power Rangers: The Movie,Action|Children,1995
183,Mute Witness (1994),Mute Witness,Comedy|Horror|Thriller,1994
184,Nadja (1994),Nadja,Drama,1994
185,"Net, The (1995)","Net, The",Action|Crime|Thriller,1995
186,Nine Months (1995),Nine Months,Comedy|Romance,1995
187,Party Girl (1995),Party Girl,Comedy,1995
188,"Prophecy, The (1995)","Prophecy, The",Fantasy|Horror|Mystery,1995
189,Reckless (1995),Reckless,Comedy|Fantasy,1995
190,Safe (1995),Safe,Thriller,1995
191,"Scarlet Letter, The (1995)","Scarlet Letter, The",Drama|Romance,1995
193,Showgirls (1995),Showgirls,Drama,1995
194,Smoke (1995),Smoke,Comedy|Drama,1995
195,Something to Talk About (1995),Something to Talk About,Comedy|Drama|Romance,1995
196,Species (1995),Species,Horror|Sci-Fi,1995
198,Strange Days (1995),Strange Days,Action|Crime|Drama|Mystery|Sci-Fi|Thriller,1995
199,"Umbrellas of Cherbourg, The (Parapluies de Cherbourg, Les) (1964)","Umbrellas of Cherbourg, The (Parapluies de Cherbourg, Les)",Drama|Musical|Romance,1964
201,Three Wishes (1995),Three Wishes,Drama|Fantasy,1995
202,Total Eclipse (1995),Total Eclipse,Drama|Romance,1995
203,"To Wong Foo, Thanks for Everything! Julie Newmar (1995)","To Wong Foo, Thanks for Everything! Julie Newmar",Comedy,1995
204,Under Siege 2: Dark Territory (1995),Under Siege 2: Dark Territory,Action,1995
205,Unstrung Heroes (1995),Unstrung Heroes,Comedy|Drama,1995
206,Unzipped (1995),Unzipped,Documentary,1995
207,"Walk in the Clouds, A (1995)","Walk in the Clouds, A",Drama|Romance,1995
208,Waterworld (1995),Waterworld,Action|Adventure|Sci-Fi,1995
209,White Man's Burden (1995),White Man's Burden,Drama,1995
210,Wild Bill (1995),Wild Bill,Western,1995
211,"Browning Version, The (1994)","Browning Version, The",Drama,1994
212,Bushwhacked (1995),Bushwhacked,Adventure|Comedy|Crime|Mystery,1995
213,Burnt by the Sun (Utomlyonnye solntsem) (1994),Burnt by the Sun (Utomlyonnye solntsem),Drama,1994
214,Before the Rain (Pred dozhdot) (1994),Before the Rain (Pred dozhdot),Drama|War,1994
215,Before Sunrise (1995),Before Sunrise,Drama|Romance,1995
216,Billy Madison (1995),Billy Madison,Comedy,1995
217,"Babysitter, The (1995)","Babysitter, The",Drama|Thriller,1995
218,Boys on the Side (1995),Boys on the Side,Comedy|Drama,1995
219,"Cure, The (1995)","Cure, The",Drama,1995
220,Castle Freak (1995),Castle Freak,Horror,1995
222,Circle of Friends (1995),Circle of Friends,Drama|Romance,1995
223,Clerks (1994),Clerks,Comedy,1994
224,Don Juan DeMarco (1995),Don Juan DeMarco,Comedy|Drama|Romance,1995
225,Disclosure (1994),Disclosure,Drama|Thriller,1994
227,Drop Zone (1994),Drop Zone,Action|Thriller,1994
228,Destiny Turns on the Radio (1995),Destiny Turns on the Radio,Comedy,1995
229,Death and the Maiden (1994),Death and the Maiden,Drama|Thriller,1994
230,Dolores Claiborne (1995),Dolores Claiborne,Drama|Thriller,1995
231,Dumb & Dumber (Dumb and Dumber) (1994),Dumb & Dumber (Dumb and Dumber),Adventure|Comedy,1994
232,Eat Drink Man Woman (Yin shi nan nu) (1994),Eat Drink Man Woman (Yin shi nan nu),Comedy|Drama|Romance,1994
233,Exotica (1994),Exotica,Drama,1994
234,Exit to Eden (1994),Exit to Eden,Comedy,1994
235,Ed Wood (1994),Ed Wood,Comedy|Drama,1994
236,French Kiss (1995),French Kiss,Action|Comedy|Romance,1995
237,Forget Paris (1995),Forget Paris,Comedy|Romance,1995
238,Far From Home: The Adventures of Yellow Dog (1995),Far From Home: The Adventures of Yellow Dog,Adventure|Children,1995
239,"Goofy Movie, A (1995)","Goofy Movie, A",Animation|Children|Comedy|Romance,1995
240,Hideaway (1995),Hideaway,Thriller,1995
241,Fluke (1995),Fluke,Children|Drama,1995
242,Farinelli: il castrato (1994),Farinelli: il castrato,Drama|Musical,1994
243,Gordy (1995),Gordy,Children|Comedy|Fantasy,1995
246,Hoop Dreams (1994),Hoop Dreams,Documentary,1994
247,Heavenly Creatures (1994),Heavenly Creatures,Crime|Drama,1994
248,Houseguest (1994),Houseguest,Comedy,1994
249,Immortal Beloved (1994),Immortal Beloved,Drama|Romance,1994
250,Heavyweights (Heavy Weights) (1995),Heavyweights (Heavy Weights),Children|Comedy,1995
251,"Hunted, The (1995)","Hunted, The",Action,1995
252,I.Q. (1994),I.Q.,Comedy|Romance,1994
253,Interview with the Vampire: The Vampire Chronicles (1994),Interview with the Vampire: The Vampire Chronicles,Drama|Horror,1994
254,Jefferson in Paris (1995),Jefferson in Paris,Drama,1995
255,"Jerky Boys, The (1995)","Jerky Boys, The",Comedy,1995
256,Junior (1994),Junior,Comedy|Sci-Fi,1994
257,Just Cause (1995),Just Cause,Mystery|Thriller,1995
258,"Kid in King Arthur's Court, A (1995)","Kid in King Arthur's Court, A",Adventure|Children|Comedy|Fantasy|Romance,1995
259,Kiss of Death (1995),Kiss of Death,Crime|Drama|Thriller,1995
260,Star Wars: Episode IV - A New Hope (1977),Star Wars: Episode IV - A New Hope,Action|Adventure|Sci-Fi,1977
261,Little Women (1994),Little Women,Drama,1994
262,"Little Princess, A (1995)","Little Princess, A",Children|Drama,1995
263,Ladybird Ladybird (1994),Ladybird Ladybird,Drama,1994
265,Like Water for Chocolate (Como agua para chocolate) (1992),Like Water for Chocolate (Como agua para chocolate),Drama|Fantasy|Romance,1992
266,Legends of the Fall (1994),Legends of the Fall,Drama|Romance|War|Western,1994
267,Major Payne (1995),Major Payne,Comedy,1995
269,My Crazy Life (Mi vida loca) (1993),My Crazy Life (Mi vida loca),Drama,1993
270,Love Affair (1994),Love Affair,Drama|Romance,1994
271,Losing Isaiah (1995),Losing Isaiah,Drama,1995
272,"Madness of King George, The (1994)","Madness of King George, The",Comedy|Drama,1994
273,Mary Shelley's Frankenstein (Frankenstein) (1994),Mary Shelley's Frankenstein (Frankenstein),Drama|Horror|Sci-Fi,1994
274,Man of the House (1995),Man of the House,Comedy,1995
275,Mixed Nuts (1994),Mixed Nuts,Comedy,1994
276,Milk Money (1994),Milk Money,Comedy|Romance,1994
277,Miracle on 34th Street (1994),Miracle on 34th Street,Drama,1994
278,Miami Rhapsody (1995),Miami Rhapsody,Comedy,1995
279,My Family (1995),My Family,Drama,1995
280,Murder in the First (1995),Murder in the First,Drama|Thriller,1995
281,Nobody's Fool (1994),Nobody's Fool,Comedy|Drama|Romance,1994
282,Nell (1994),Nell,Drama,1994
283,New Jersey Drive (1995),New Jersey Drive,Crime|Drama,1995
284,New York Cop (Nyû Yôku no koppu) (1993),New York Cop (Nyû Yôku no koppu),Action|Crime,1993
285,Beyond Bedlam (1993),Beyond Bedlam,Drama|Horror,1993
287,Nina Takes a Lover (1994),Nina Takes a Lover,Comedy|Romance,1994
288,Natural Born Killers (1994),Natural Born Killers,Action|Crime|Thriller,1994
289,Only You (1994),Only You,Comedy|Romance,1994
290,Once Were Warriors (1994),Once Were Warriors,Crime|Drama,1994
291,Poison Ivy II (1996),Poison Ivy II,Drama|Thriller,1996
292,Outbreak (1995),Outbreak,Action|Drama|Sci-Fi|Thriller,1995
293,Léon: The Professional (a.k.a. The Professional) (Léon) (1994),Léon: The Professional (a.k.a. The Professional) (Léon),Action|Crime|Drama|Thriller,1994
294,"Perez Family, The (1995)","Perez Family, The",Comedy|Romance,1995
295,"Pyromaniac's Love Story, A (1995)","Pyromaniac's Love Story, A",Comedy|Romance,1995
296,Pulp Fiction (1994),Pulp Fiction,Comedy|Crime|Drama|Thriller,1994
298,Pushing Hands (Tui shou) (1992),Pushing Hands (Tui shou),Drama,1992
299,Priest (1994),Priest,Drama,1994
300,Quiz Show (1994),Quiz Show,Drama,1994
301,Picture Bride (Bijo photo) (1994),Picture Bride (Bijo photo),Drama|Romance,1994
302,"Queen Margot (Reine Margot, La) (1994)","Queen Margot (Reine Margot, La)",Drama|Romance,1994
303,"Quick and the Dead, The (1995)","Quick and the Dead, The",Action|Thriller|Western,1995
304,Roommates (1995),Roommates,Comedy|Drama,1995
305,Ready to Wear (Pret-A-Porter) (1994),Ready to Wear (Pret-A-Porter),Comedy,1994
306,Three Colors: Red (Trois couleurs: Rouge) (1994),Three Colors: Red (Trois couleurs: Rouge),Drama,1994
307,Three Colors: Blue (Trois couleurs: Bleu) (1993),Three Colors: Blue (Trois couleurs: Bleu),Drama,1993
308,Three Colors: White (Trzy kolory: Bialy) (1994),Three Colors: White (Trzy kolory: Bialy),Comedy|Drama,1994
310,Rent-a-Kid (1995),Rent-a-Kid,Comedy,1995
311,Relative Fear (1994),Relative Fear,Horror|Thriller,1994
312,Stuart Saves His Family (1995),Stuart Saves His Family,Comedy,1995
313,"Swan Princess, The (1994)","Swan Princess, The",Animation|Children,1994
314,"Secret of Roan Inish, The (1994)","Secret of Roan Inish, The",Children|Drama|Fantasy|Mystery,1994
315,"Specialist, The (1994)","Specialist, The",Action|Drama|Thriller,1994
316,Stargate (1994),Stargate,Action|Adventure|Sci-Fi,1994
317,"Santa Clause, The (1994)","Santa Clause, The",Comedy|Drama|Fantasy,1994
318,"Shawshank Redemption, The (1994)","Shawshank Redemption, The",Crime|Drama,1994
319,Shallow Grave (1994),Shallow Grave,Comedy|Drama|Thriller,1994
320,Suture (1993),Suture,Film-Noir|Thriller,1993
321,Strawberry and Chocolate (Fresa y chocolate) (1993),Strawberry and Chocolate (Fresa y chocolate),Drama,1993
322,Swimming with Sharks (1995),Swimming with Sharks,Comedy|Drama,1995
324,"Sum of Us, The (1994)","Sum of Us, The",Comedy|Drama,1994
325,National Lampoon's Senior Trip (1995),National Lampoon's Senior Trip,Comedy,1995
326,To Live (Huozhe) (1994),To Live (Huozhe),Drama,1994
327,Tank Girl (1995),Tank Girl,Action|Comedy|Sci-Fi,1995
328,Tales from the Crypt Presents: Demon Knight (1995),Tales from the Crypt Presents: Demon Knight,Horror|Thriller,1995
329,Star Trek: Generations (1994),Star Trek: Generations,Adventure|Drama|Sci-Fi,1994
330,Tales from the Hood (1995),Tales from the Hood,Action|Crime|Horror,1995
331,Tom & Viv (1994),Tom & Viv,Drama,1994
332,Village of the Damned (1995),Village of the Damned,Horror|Sci-Fi,1995
333,Tommy Boy (1995),Tommy Boy,Comedy,1995
334,Vanya on 42nd Street (1994),Vanya on 42nd Street,Drama,1994
335,Underneath (1995),Underneath,Mystery|Thriller,1995
336,"Walking Dead, The (1995)","Walking Dead, The",Drama|War,1995
337,What's Eating Gilbert Grape (1993),What's Eating Gilbert Grape,Drama,1993
338,Virtuosity (1995),Virtuosity,Action|Sci-Fi|Thriller,1995
339,While You Were Sleeping (1995),While You Were Sleeping,Comedy|Romance,1995
340,"War, The (1994)","War, The",Adventure|Drama|War,1994
341,Double Happiness (1994),Double Happiness,Drama,1994
342,Muriel's Wedding (1994),Muriel's Wedding,Comedy,1994
343,"Baby-Sitters Club, The (1995)","Baby-Sitters Club, The",Children,1995
344,Ace Ventura: Pet Detective (1994),Ace Ventura: Pet Detective,Comedy,1994
345,"Adventures of Priscilla, Queen of the Desert, The (1994)","Adventures of Priscilla, Queen of the Desert, The",Comedy|Drama,1994
346,Backbeat (1993),Backbeat,Drama|Musical,1993
347,Bitter Moon (1992),Bitter Moon,Drama|Film-Noir|Romance,1992
348,Bullets Over Broadway (1994),Bullets Over Broadway,Comedy,1994
349,Clear and Present Danger (1994),Clear and Present Danger,Action|Crime|Drama|Thriller,1994
350,"Client, The (1994)","Client, The",Drama|Mystery|Thriller,1994
351,"Corrina, Corrina (1994)","Corrina, Corrina",Comedy|Drama|Romance,1994
352,Crooklyn (1994),Crooklyn,Comedy|Drama,1994
353,"Crow, The (1994)","Crow, The",Action|Crime|Fantasy|Thriller,1994
354,Cobb (1994),Cobb,Drama,1994
355,"Flintstones, The (1994)","Flintstones, The",Children|Comedy|Fantasy,1994
356,Forrest Gump (1994),Forrest Gump,Comedy|Drama|Romance|War,1994
357,Four Weddings and a Funeral (1994),Four Weddings and a Funeral,Comedy|Romance,1994
358,Higher Learning (1995),Higher Learning,Drama,1995
359,I Like It Like That (1994),I Like It Like That,Comedy|Drama|Romance,1994
360,I Love Trouble (1994),I Love Trouble,Action|Comedy,1994
361,It Could Happen to You (1994),It Could Happen to You,Comedy|Drama|Romance,1994
362,"Jungle Book, The (1994)","Jungle Book, The",Adventure|Children|Romance,1994
363,"Wonderful, Horrible Life of Leni Riefenstahl, The (Macht der Bilder: Leni Riefenstahl, Die) (1993)","Wonderful, Horrible Life of Leni Riefenstahl, The (Macht der Bilder: Leni Riefenstahl, Die)",Documentary,1993
364,"Lion King, The (1994)","Lion King, The",Adventure|Animation|Children|Drama|Musical|IMAX,1994
365,Little Buddha (1993),Little Buddha,Drama,1993
366,"Wes Craven's New Nightmare (Nightmare on Elm Street Part 7: Freddy's Finale, A) (1994)","Wes Craven's New Nightmare (Nightmare on Elm Street Part 7: Freddy's Finale, A)",Drama|Horror|Mystery|Thriller,1994
367,"Mask, The (1994)","Mask, The",Action|Comedy|Crime|Fantasy,1994
368,Maverick (1994),Maverick,Adventure|Comedy|Western,1994
369,Mrs. Parker and the Vicious Circle (1994),Mrs. Parker and the Vicious Circle,Drama,1994
370,Naked Gun 33 1/3: The Final Insult (1994),Naked Gun 33 1/3: The Final Insult,Action|Comedy,1994
371,"Paper, The (1994)","Paper, The",Comedy|Drama,1994
372,Reality Bites (1994),Reality Bites,Comedy|Drama|Romance,1994
373,Red Rock West (1992),Red Rock West,Thriller,1992
374,Richie Rich (1994),Richie Rich,Children|Comedy,1994
376,"River Wild, The (1994)","River Wild, The",Action|Thriller,1994
377,Speed (1994),Speed,Action|Romance|Thriller,1994
378,Speechless (1994),Speechless,Comedy|Romance,1994
379,Timecop (1994),Timecop,Action|Sci-Fi|Thriller,1994
380,True Lies (1994),True Lies,Action|Adventure|Comedy|Romance|Thriller,1994
381,When a Man Loves a Woman (1994),When a Man Loves a Woman,Drama|Romance,1994
382,Wolf (1994),Wolf,Drama|Horror|Romance|Thriller,1994
383,Wyatt Earp (1994),Wyatt Earp,Western,1994
384,Bad Company (1995),Bad Company,Action|Crime|Drama,1995
385,"Man of No Importance, A (1994)","Man of No Importance, A",Drama,1994
386,S.F.W. (1994),S.F.W.,Drama,1994
387,"Low Down Dirty Shame, A (1994)","Low Down Dirty Shame, A",Action|Comedy,1994
388,Boys Life (1995),Boys Life,Drama,1995
389,"Colonel Chabert, Le (1994)","Colonel Chabert, Le",Drama|Romance|War,1994
390,Faster Pussycat! Kill! Kill! (1965),Faster Pussycat! Kill! Kill!,Action|Crime|Drama,1965
391,Jason's Lyric (1994),Jason's Lyric,Crime|Drama,1994
393,Street Fighter (1994),Street Fighter,Action|Adventure|Fantasy,1994
405,Highlander III: The Sorcerer (a.k.a. Highlander: The Final Dimension) (1994),Highlander III: The Sorcerer (a.k.a. Highlander: The Final Dimension),Action|Fantasy,1994
406,Federal Hill (1994),Federal Hill,Drama,1994
407,In the Mouth of Madness (1995),In the Mouth of Madness,Horror|Thriller,1995
408,8 Seconds (1994),8 Seconds,Drama,1994
409,Above the Rim (1994),Above the Rim,Crime|Drama,1994
410,Addams Family Values (1993),Addams Family Values,Children|Comedy|Fantasy,1993
412,"Age of Innocence, The (1993)","Age of Innocence, The",Drama,1993
413,Airheads (1994),Airheads,Comedy,1994
414,"Air Up There, The (1994)","Air Up There, The",Comedy,1994
415,Another Stakeout (1993),Another Stakeout,Comedy|Thriller,1993
416,Bad Girls (1994),Bad Girls,Western,1994
417,Barcelona (1994),Barcelona,Comedy|Romance,1994
418,Being Human (1993),Being Human,Drama,1993
419,"Beverly Hillbillies, The (1993)","Beverly Hillbillies, The",Comedy,1993
420,Beverly Hills Cop III (1994),Beverly Hills Cop III,Action|Comedy|Crime|Thriller,1994
421,Black Beauty (1994),Black Beauty,Adventure|Children|Drama,1994
422,Blink (1994),Blink,Thriller,1994
423,Blown Away (1994),Blown Away,Action|Thriller,1994
424,Blue Chips (1994),Blue Chips,Drama,1994
425,Blue Sky (1994),Blue Sky,Drama|Romance,1994
426,Body Snatchers (1993),Body Snatchers,Horror|Sci-Fi|Thriller,1993
427,Boxing Helena (1993),Boxing Helena,Drama|Mystery|Romance|Thriller,1993
428,"Bronx Tale, A (1993)","Bronx Tale, A",Drama,1993
429,Cabin Boy (1994),Cabin Boy,Comedy,1994
430,Calendar Girl (1993),Calendar Girl,Comedy|Drama,1993
431,Carlito's Way (1993),Carlito's Way,Crime|Drama,1993
432,City Slickers II: The Legend of Curly's Gold (1994),City Slickers II: The Legend of Curly's Gold,Adventure|Comedy|Western,1994
433,Clean Slate (1994),Clean Slate,Comedy,1994
434,Cliffhanger (1993),Cliffhanger,Action|Adventure|Thriller,1993
435,Coneheads (1993),Coneheads,Comedy|Sci-Fi,1993
436,Color of Night (1994),Color of Night,Drama|Thriller,1994
437,Cops and Robbersons (1994),Cops and Robbersons,Comedy,1994
438,"Cowboy Way, The (1994)","Cowboy Way, The",Action|Comedy|Drama,1994
440,Dave (1993),Dave,Comedy|Romance,1993
441,Dazed and Confused (1993),Dazed and Confused,Comedy,1993
442,Demolition Man (1993),Demolition Man,Action|Adventure|Sci-Fi,1993
444,Even Cowgirls Get the Blues (1993),Even Cowgirls Get the Blues,Comedy|Romance,1993
445,Fatal Instinct (1993),Fatal Instinct,Comedy,1993
446,Farewell My Concubine (Ba wang bie ji) (1993),Farewell My Concubine (Ba wang bie ji),Drama|Romance,1993
448,Fearless (1993),Fearless,Drama,1993
449,Fear of a Black Hat (1994),Fear of a Black Hat,Comedy,1994
450,With Honors (1994),With Honors,Comedy|Drama,1994
451,Flesh and Bone (1993),Flesh and Bone,Drama|Mystery|Romance,1993
452,Widows' Peak (1994),Widows' Peak,Drama,1994
453,For Love or Money (1993),For Love or Money,Comedy|Romance,1993
454,"Firm, The (1993)","Firm, The",Drama|Thriller,1993
455,Free Willy (1993),Free Willy,Adventure|Children|Drama,1993
456,Fresh (1994),Fresh,Crime|Drama|Thriller,1994
457,"Fugitive, The (1993)","Fugitive, The",Thriller,1993
458,Geronimo: An American Legend (1993),Geronimo: An American Legend,Drama|Western,1993
459,"Getaway, The (1994)","Getaway, The",Action|Adventure|Crime|Drama|Romance|Thriller,1994
460,Getting Even with Dad (1994),Getting Even with Dad,Comedy,1994
461,Go Fish (1994),Go Fish,Drama|Romance,1994
464,Hard Target (1993),Hard Target,Action|Adventure|Crime|Thriller,1993
466,Hot Shots! Part Deux (1993),Hot Shots! Part Deux,Action|Comedy|War,1993
467,Live Nude Girls (1995),Live Nude Girls,Comedy,1995
468,"Englishman Who Went Up a Hill But Came Down a Mountain, The (1995)","Englishman Who Went Up a Hill But Came Down a Mountain, The",Comedy|Romance,1995
469,"House of the Spirits, The (1993)","House of the Spirits, The",Drama|Romance,1993
470,House Party 3 (1994),House Party 3,Comedy,1994
471,"Hudsucker Proxy, The (1994)","Hudsucker Proxy, The",Comedy,1994
472,I'll Do Anything (1994),I'll Do Anything,Comedy|Drama,1994
473,In the Army Now (1994),In the Army Now,Comedy|War,1994
474,In the Line of Fire (1993),In the Line of Fire,Action|Thriller,1993
475,In the Name of the Father (1993),In the Name of the Father,Drama,1993
476,"Inkwell, The (1994)","Inkwell, The",Comedy|Drama,1994
477,What's Love Got to Do with It? (1993),What's Love Got to Do with It?,Drama|Musical,1993
478,Jimmy Hollywood (1994),Jimmy Hollywood,Comedy|Crime|Drama,1994
479,Judgment Night (1993),Judgment Night,Action|Crime|Thriller,1993
480,Jurassic Park (1993),Jurassic Park,Action|Adventure|Sci-Fi|Thriller,1993
481,Kalifornia (1993),Kalifornia,Drama|Thriller,1993
482,Killing Zoe (1994),Killing Zoe,Crime|Drama|Thriller,1994
484,Lassie (1994),Lassie,Adventure|Children,1994
485,Last Action Hero (1993),Last Action Hero,Action|Adventure|Comedy|Fantasy,1993
486,Life with Mikey (1993),Life with Mikey,Comedy,1993
487,Lightning Jack (1994),Lightning Jack,Comedy|Western,1994
488,M. Butterfly (1993),M. Butterfly,Drama|Romance,1993
489,Made in America (1993),Made in America,Comedy,1993
490,Malice (1993),Malice,Thriller,1993
491,"Man Without a Face, The (1993)","Man Without a Face, The",Drama,1993
492,Manhattan Murder Mystery (1993),Manhattan Murder Mystery,Comedy|Mystery,1993
493,Menace II Society (1993),Menace II Society,Action|Crime|Drama,1993
494,Executive Decision (1996),Executive Decision,Action|Adventure|Thriller,1996
495,In the Realm of the Senses (Ai no corrida) (1976),In the Realm of the Senses (Ai no corrida),Drama,1976
496,What Happened Was... (1994),What Happened Was...,Comedy|Drama|Romance|Thriller,1994
497,Much Ado About Nothing (1993),Much Ado About Nothing,Comedy|Romance,1993
499,Mr. Wonderful (1993),Mr. Wonderful,Comedy|Romance,1993
500,Mrs. Doubtfire (1993),Mrs. Doubtfire,Comedy|Drama,1993
501,Naked (1993),Naked,Drama,1993
502,"Next Karate Kid, The (1994)","Next Karate Kid, The",Action|Children|Romance,1994
504,No Escape (1994),No Escape,Action|Drama|Sci-Fi,1994
505,North (1994),North,Comedy,1994
506,Orlando (1992),Orlando,Drama|Fantasy|Romance,1992
507,"Perfect World, A (1993)","Perfect World, A",Crime|Drama|Thriller,1993
508,Philadelphia (1993),Philadelphia,Drama,1993
509,"Piano, The (1993)","Piano, The",Drama|Romance,1993
510,Poetic Justice (1993),Poetic Justice,Drama,1993
511,"Program, The (1993)","Program, The",Action|Drama,1993
512,"Puppet Masters, The (1994)","Puppet Masters, The",Horror|Sci-Fi,1994
513,Radioland Murders (1994),Radioland Murders,Comedy|Mystery|Romance,1994
514,"Ref, The (1994)","Ref, The",Comedy,1994
515,"Remains of the Day, The (1993)","Remains of the Day, The",Drama|Romance,1993
516,Renaissance Man (1994),Renaissance Man,Comedy|Drama,1994
517,Rising Sun (1993),Rising Sun,Action|Drama|Mystery,1993
518,"Road to Wellville, The (1994)","Road to Wellville, The",Comedy,1994
519,RoboCop 3 (1993),RoboCop 3,Action|Crime|Drama|Sci-Fi|Thriller,1993
520,Robin Hood: Men in Tights (1993),Robin Hood: Men in Tights,Comedy,1993
521,Romeo Is Bleeding (1993),Romeo Is Bleeding,Crime|Thriller,1993
522,Romper Stomper (1992),Romper Stomper,Action|Drama,1992
523,Ruby in Paradise (1993),Ruby in Paradise,Drama,1993
524,Rudy (1993),Rudy,Drama,1993
526,"Savage Nights (Nuits fauves, Les) (1992)","Savage Nights (Nuits fauves, Les)",Drama,1992
527,Schindler's List (1993),Schindler's List,Drama|War,1993
528,"Scout, The (1994)","Scout, The",Comedy|Drama,1994
529,Searching for Bobby Fischer (1993),Searching for Bobby Fischer,Drama,1993
531,"Secret Garden, The (1993)","Secret Garden, The",Children|Drama,1993
532,Serial Mom (1994),Serial Mom,Comedy|Crime|Horror,1994
533,"Shadow, The (1994)","Shadow, The",Action|Adventure|Fantasy|Mystery,1994
534,Shadowlands (1993),Shadowlands,Drama|Romance,1993
535,Short Cuts (1993),Short Cuts,Drama,1993
536,"Simple Twist of Fate, A (1994)","Simple Twist of Fate, A",Drama,1994
537,Sirens (1994),Sirens,Drama,1994
538,Six Degrees of Separation (1993),Six Degrees of Separation,Drama,1993
539,Sleepless in Seattle (1993),Sleepless in Seattle,Comedy|Drama|Romance,1993
540,Sliver (1993),Sliver,Thriller,1993
541,Blade Runner (1982),Blade Runner,Action|Sci-Fi|Thriller,1982
542,Son in Law (1993),Son in Law,Comedy|Drama|Romance,1993
543,So I Married an Axe Murderer (1993),So I Married an Axe Murderer,Comedy|Romance|Thriller,1993
544,Striking Distance (1993),Striking Distance,Action|Crime,1993
546,Super Mario Bros. (1993),Super Mario Bros.,Action|Adventure|Children|Comedy|Fantasy|Sci-Fi,1993
547,Surviving the Game (1994),Surviving the Game,Action|Adventure|Thriller,1994
548,Terminal Velocity (1994),Terminal Velocity,Action|Mystery|Thriller,1994
549,Thirty-Two Short Films About Glenn Gould (1993),Thirty-Two Short Films About Glenn Gould,Drama|Musical,1993
550,Threesome (1994),Threesome,Comedy|Romance,1994
551,"Nightmare Before Christmas, The (1993)","Nightmare Before Christmas, The",Animation|Children|Fantasy|Musical,1993
552,"Three Musketeers, The (1993)","Three Musketeers, The",Action|Adventure|Comedy|Romance,1993
553,Tombstone (1993),Tombstone,Action|Drama|Western,1993
555,True Romance (1993),True Romance,Crime|Thriller,1993
556,"War Room, The (1993)","War Room, The",Documentary,1993
558,"Pagemaster, The (1994)","Pagemaster, The",Action|Adventure|Animation|Children|Fantasy,1994
562,Welcome to the Dollhouse (1995),Welcome to the Dollhouse,Comedy|Drama,1995
563,Germinal (1993),Germinal,Drama|Romance,1993
564,Chasers (1994),Chasers,Comedy,1994
567,Kika (1993),Kika,Comedy|Drama,1993
568,Bhaji on the Beach (1993),Bhaji on the Beach,Comedy|Drama,1993
569,Little Big League (1994),Little Big League,Comedy|Drama,1994
573,"Ciao, Professore! (Io speriamo che me la cavo) (1992)","Ciao, Professore! (Io speriamo che me la cavo)",Drama,1992
574,Spanking the Monkey (1994),Spanking the Monkey,Comedy|Drama,1994
575,"Little Rascals, The (1994)","Little Rascals, The",Children|Comedy,1994
577,Andre (1994),Andre,Adventure|Children|Drama,1994
579,"Escort, The (Scorta, La) (1993)","Escort, The (Scorta, La)",Crime|Thriller,1993
580,Princess Caraboo (1994),Princess Caraboo,Drama,1994
581,"Celluloid Closet, The (1995)","Celluloid Closet, The",Documentary,1995
583,Dear Diary (Caro Diario) (1994),Dear Diary (Caro Diario),Comedy|Drama,1994
585,"Brady Bunch Movie, The (1995)","Brady Bunch Movie, The",Comedy,1995
586,Home Alone (1990),Home Alone,Children|Comedy,1990
587,Ghost (1990),Ghost,Comedy|Drama|Fantasy|Romance|Thriller,1990
588,Aladdin (1992),Aladdin,Adventure|Animation|Children|Comedy|Musical,1992
589,Terminator 2: Judgment Day (1991),Terminator 2: Judgment Day,Action|Sci-Fi,1991
590,Dances with Wolves (1990),Dances with Wolves,Adventure|Drama|Western,1990
592,Batman (1989),Batman,Action|Crime|Thriller,1989
593,"Silence of the Lambs, The (1991)","Silence of the Lambs, The",Crime|Horror|Thriller,1991
594,Snow White and the Seven Dwarfs (1937),Snow White and the Seven Dwarfs,Animation|Children|Drama|Fantasy|Musical,1937
595,Beauty and the Beast (1991),Beauty and the Beast,Animation|Children|Fantasy|Musical|Romance|IMAX,1991
596,Pinocchio (1940),Pinocchio,Animation|Children|Fantasy|Musical,1940
597,Pretty Woman (1990),Pretty Woman,Comedy|Romance,1990
599,"Wild Bunch, The (1969)","Wild Bunch, The",Adventure|Western,1969
600,Love and a .45 (1994),Love and a .45,Action|Comedy|Crime,1994
602,"Great Day in Harlem, A (1994)","Great Day in Harlem, A",Documentary,1994
605,One Fine Day (1996),One Fine Day,Drama|Romance,1996
606,Candyman: Farewell to the Flesh (1995),Candyman: Farewell to the Flesh,Fantasy|Horror,1995
608,Fargo (1996),Fargo,Comedy|Crime|Drama|Thriller,1996
609,Homeward Bound II: Lost in San Francisco (1996),Homeward Bound II: Lost in San Francisco,Adventure|Children,1996
610,Heavy Metal (1981),Heavy Metal,Action|Adventure|Animation|Horror|Sci-Fi,1981
611,Hellraiser: Bloodline (1996),Hellraiser: Bloodline,Action|Horror|Sci-Fi,1996
612,"Pallbearer, The (1996)","Pallbearer, The",Comedy,1996
613,Jane Eyre (1996),Jane Eyre,Drama|Romance,1996
615,Bread and Chocolate (Pane e cioccolata) (1973),Bread and Chocolate (Pane e cioccolata),Comedy|Drama,1973
616,"Aristocats, The (1970)","Aristocats, The",Animation|Children,1970
617,"Flower of My Secret, The (La flor de mi secreto) (1995)","Flower of My Secret, The (La flor de mi secreto)",Comedy|Drama,1995
618,Two Much (1995),Two Much,Comedy|Romance,1995
619,Ed (1996),Ed,Comedy,1996
626,"Thin Line Between Love and Hate, A (1996)","Thin Line Between Love and Hate, A",Comedy,1996
627,"Last Supper, The (1995)","Last Supper, The",Drama|Thriller,1995
628,Primal Fear (1996),Primal Fear,Crime|Drama|Mystery|Thriller,1996
631,All Dogs Go to Heaven 2 (1996),All Dogs Go to Heaven 2,Adventure|Animation|Children|Fantasy|Musical|Romance,1996
632,Land and Freedom (Tierra y libertad) (1995),Land and Freedom (Tierra y libertad),Drama|War,1995
633,Denise Calls Up (1995),Denise Calls Up,Comedy,1995
634,Theodore Rex (1995),Theodore Rex,Comedy,1995
635,"Family Thing, A (1996)","Family Thing, A",Comedy|Drama,1996
636,Frisk (1995),Frisk,Drama,1995
637,Sgt. Bilko (1996),Sgt. Bilko,Comedy,1996
638,Jack and Sarah (1995),Jack and Sarah,Romance,1995
639,Girl 6 (1996),Girl 6,Comedy|Drama,1996
640,Diabolique (1996),Diabolique,Drama|Thriller,1996
645,Nelly & Monsieur Arnaud (1995),Nelly & Monsieur Arnaud,Drama,1995
647,Courage Under Fire (1996),Courage Under Fire,Action|Crime|Drama|War,1996
648,Mission: Impossible (1996),Mission: Impossible,Action|Adventure|Mystery|Thriller,1996
649,Cold Fever (Á köldum klaka) (1995),Cold Fever (Á köldum klaka),Comedy|Drama,1995
650,Moll Flanders (1996),Moll Flanders,Drama,1996
653,Dragonheart (1996),Dragonheart,Action|Adventure|Fantasy,1996
656,Eddie (1996),Eddie,Comedy,1996
661,James and the Giant Peach (1996),James and the Giant Peach,Adventure|Animation|Children|Fantasy|Musical,1996
662,Fear (1996),Fear,Thriller,1996
663,Kids in the Hall: Brain Candy (1996),Kids in the Hall: Brain Candy,Comedy,1996
665,Underground (1995),Underground,Comedy|Drama|War,1995
667,Bloodsport 2 (a.k.a. Bloodsport II: The Next Kumite) (1996),Bloodsport 2 (a.k.a. Bloodsport II: The Next Kumite),Action,1996
668,Song of the Little Road (Pather Panchali) (1955),Song of the Little Road (Pather Panchali),Drama,1955
670,"World of Apu, The (Apur Sansar) (1959)","World of Apu, The (Apur Sansar)",Drama,1959
671,Mystery Science Theater 3000: The Movie (1996),Mystery Science Theater 3000: The Movie,Comedy|Sci-Fi,1996
673,Space Jam (1996),Space Jam,Adventure|Animation|Children|Comedy|Fantasy|Sci-Fi,1996
674,Barbarella (1968),Barbarella,Adventure|Comedy|Sci-Fi,1968
678,Some Folks Call It a Sling Blade (1993),Some Folks Call It a Sling Blade,Drama|Thriller,1993
679,"Run of the Country, The (1995)","Run of the Country, The",Drama,1995
680,"Alphaville (Alphaville, une étrange aventure de Lemmy Caution) (1965)","Alphaville (Alphaville, une étrange aventure de Lemmy Caution)",Drama|Mystery|Romance|Sci-Fi|Thriller,1965
685,It's My Party (1996),It's My Party,Drama,1996
688,Operation Dumbo Drop (1995),Operation Dumbo Drop,Action|Adventure|Comedy|War,1995
691,Mrs. Winterbourne (1996),Mrs. Winterbourne,Comedy|Romance,1996
692,Solo (1996),Solo,Action|Sci-Fi|Thriller,1996
694,"Substitute, The (1996)","Substitute, The",Action|Crime|Drama,1996
695,True Crime (1996),True Crime,Mystery|Thriller,1996
697,Feeling Minnesota (1996),Feeling Minnesota,Drama|Romance,1996
698,Delta of Venus (1995),Delta of Venus,Drama,1995
700,Angus (1995),Angus,Comedy,1995
703,Boys (1996),Boys,Drama,1996
704,"Quest, The (1996)","Quest, The",Action|Adventure,1996
706,Sunset Park (1996),Sunset Park,Drama,1996
707,Mulholland Falls (1996),Mulholland Falls,Crime|Drama|Thriller,1996
708,"Truth About Cats & Dogs, The (1996)","Truth About Cats & Dogs, The",Comedy|Romance,1996
709,Oliver & Company (1988),Oliver & Company,Adventure|Animation|Children|Comedy|Musical,1988
710,Celtic Pride (1996),Celtic Pride,Comedy,1996
711,Flipper (1996),Flipper,Adventure|Children,1996
714,Dead Man (1995),Dead Man,Drama|Mystery|Western,1995
715,"Horseman on the Roof, The (Hussard sur le toit, Le) (1995)","Horseman on the Roof, The (Hussard sur le toit, Le)",Drama|Romance,1995
718,"Visitors, The (Visiteurs, Les) (1993)","Visitors, The (Visiteurs, Les)",Comedy|Fantasy|Sci-Fi,1993
719,Multiplicity (1996),Multiplicity,Comedy,1996
720,Wallace & Gromit: The Best of Aardman Animation (1996),Wallace & Gromit: The Best of Aardman Animation,Adventure|Animation|Comedy,1996
722,"Haunted World of Edward D. Wood Jr., The (1996)","Haunted World of Edward D. Wood Jr., The",Documentary,1996
724,"Craft, The (1996)","Craft, The",Drama|Fantasy|Horror|Thriller,1996
725,"Great White Hype, The (1996)","Great White Hype, The",Comedy,1996
726,Last Dance (1996),Last Dance,Drama,1996
728,Cold Comfort Farm (1995),Cold Comfort Farm,Comedy,1995
731,Heaven's Prisoners (1996),Heaven's Prisoners,Crime|Thriller,1996
733,"Rock, The (1996)","Rock, The",Action|Adventure|Thriller,1996
735,Cemetery Man (Dellamorte Dellamore) (1994),Cemetery Man (Dellamorte Dellamore),Horror,1994
736,Twister (1996),Twister,Action|Adventure|Romance|Thriller,1996
737,Barb Wire (1996),Barb Wire,Action|Sci-Fi,1996
741,Ghost in the Shell (Kôkaku kidôtai) (1995),Ghost in the Shell (Kôkaku kidôtai),Animation|Sci-Fi,1995
742,Thinner (1996),Thinner,Horror|Thriller,1996
743,Spy Hard (1996),Spy Hard,Comedy,1996
745,Wallace & Gromit: A Close Shave (1995),Wallace & Gromit: A Close Shave,Animation|Children|Comedy,1995
747,"Stupids, The (1996)","Stupids, The",Comedy,1996
748,"Arrival, The (1996)","Arrival, The",Action|Sci-Fi|Thriller,1996
750,Dr. Strangelove or: How I Learned to Stop Worrying and Love the Bomb (1964),Dr. Strangelove or: How I Learned to Stop Worrying and Love the Bomb,Comedy|War,1964
757,Ashes of Time (Dung che sai duk) (1994),Ashes of Time (Dung che sai duk),Drama,1994
759,Maya Lin: A Strong Clear Vision (1994),Maya Lin: A Strong Clear Vision,Documentary,1994
760,Stalingrad (1993),Stalingrad,Drama|War,1993
761,"Phantom, The (1996)","Phantom, The",Action|Adventure,1996
762,Striptease (1996),Striptease,Comedy|Crime,1996
764,Heavy (1995),Heavy,Drama|Romance,1995
765,Jack (1996),Jack,Comedy|Drama,1996
766,I Shot Andy Warhol (1996),I Shot Andy Warhol,Drama,1996
773,Touki Bouki (1973),Touki Bouki,Drama,1973
775,Spirits of the Dead (1968),Spirits of the Dead,Horror|Mystery,1968
778,Trainspotting (1996),Trainspotting,Comedy|Crime|Drama,1996
779,'Til There Was You (1997),'Til There Was You,Drama|Romance,1997
780,Independence Day (a.k.a. ID4) (1996),Independence Day (a.k.a. ID4),Action|Adventure|Sci-Fi|Thriller,1996
781,Stealing Beauty (1996),Stealing Beauty,Drama,1996
782,"Fan, The (1996)","Fan, The",Drama|Thriller,1996
783,"Hunchback of Notre Dame, The (1996)","Hunchback of Notre Dame, The",Animation|Children|Drama|Musical|Romance,1996
784,"Cable Guy, The (1996)","Cable Guy, The",Comedy|Thriller,1996
785,Kingpin (1996),Kingpin,Comedy,1996
786,Eraser (1996),Eraser,Action|Drama|Thriller,1996
788,"Nutty Professor, The (1996)","Nutty Professor, The",Comedy|Fantasy|Romance|Sci-Fi,1996
790,"Unforgettable Summer, An (Un été inoubliable) (1994)","Unforgettable Summer, An (Un été inoubliable)",Drama,1994
791,"Last Klezmer: Leopold Kozlowski, His Life and Music, The (1994)","Last Klezmer: Leopold Kozlowski, His Life and Music, The",Documentary,1994
795,Somebody to Love (1994),Somebody to Love,Drama,1994
798,Daylight (1996),Daylight,Action|Adventure|Drama|Thriller,1996
799,"Frighteners, The (1996)","Frighteners, The",Comedy|Horror|Thriller,1996
800,Lone Star (1996),Lone Star,Drama|Mystery|Western,1996
801,Harriet the Spy (1996),Harriet the Spy,Children|Comedy,1996
802,Phenomenon (1996),Phenomenon,Drama|Romance,1996
803,Walking and Talking (1996),Walking and Talking,Comedy|Drama|Romance,1996
804,She's the One (1996),She's the One,Comedy|Romance,1996
805,"Time to Kill, A (1996)","Time to Kill, A",Drama|Thriller,1996
806,American Buffalo (1996),American Buffalo,Crime|Drama,1996
808,Alaska (1996),Alaska,Adventure|Children,1996
809,Fled (1996),Fled,Action|Adventure,1996
810,Kazaam (1996),Kazaam,Children|Comedy|Fantasy,1996
813,Larger Than Life (1996),Larger Than Life,Comedy,1996
818,"Very Brady Sequel, A (1996)","Very Brady Sequel, A",Comedy,1996
823,"Collector, The (La collectionneuse) (1967)","Collector, The (La collectionneuse)",Drama,1967
824,Kaspar Hauser (1993),Kaspar Hauser,Drama|Mystery,1993
828,"Adventures of Pinocchio, The (1996)","Adventures of Pinocchio, The",Adventure|Children,1996
829,Joe's Apartment (1996),Joe's Apartment,Comedy|Fantasy|Musical,1996
830,"First Wives Club, The (1996)","First Wives Club, The",Comedy,1996
832,Ransom (1996),Ransom,Crime|Thriller,1996
833,High School High (1996),High School High,Comedy,1996
835,Foxfire (1996),Foxfire,Drama,1996
836,Chain Reaction (1996),Chain Reaction,Action|Adventure|Thriller,1996
837,Matilda (1996),Matilda,Children|Comedy|Fantasy,1996
838,Emma (1996),Emma,Comedy|Drama|Romance,1996
839,"Crow: City of Angels, The (1996)","Crow: City of Angels, The",Action|Thriller,1996
840,House Arrest (1996),House Arrest,Children|Comedy,1996
841,"Eyes Without a Face (Yeux sans visage, Les) (1959)","Eyes Without a Face (Yeux sans visage, Les)",Horror,1959
842,Tales from the Crypt Presents: Bordello of Blood (1996),Tales from the Crypt Presents: Bordello of Blood,Comedy|Horror,1996
848,"Spitfire Grill, The (1996)","Spitfire Grill, The",Drama,1996
849,Escape from L.A. (1996),Escape from L.A.,Action|Adventure|Sci-Fi|Thriller,1996
851,Basquiat (1996),Basquiat,Drama,1996
852,Tin Cup (1996),Tin Cup,Comedy|Drama|Romance,1996
858,"Godfather, The (1972)","Godfather, The",Crime|Drama,1972
861,Supercop (Police Story 3: Supercop) (Jing cha gu shi III: Chao ji jing cha) (1992),Supercop (Police Story 3: Supercop) (Jing cha gu shi III: Chao ji jing cha),Action|Comedy|Crime|Thriller,1992
866,Bound (1996),Bound,Crime|Drama|Romance|Thriller,1996
867,Carpool (1996),Carpool,Comedy|Crime,1996
869,Kansas City (1996),Kansas City,Crime|Drama|Musical|Thriller,1996
870,Gone Fishin' (1997),Gone Fishin',Comedy,1997
875,Nothing to Lose (1994),Nothing to Lose,Action|Crime|Drama,1994
876,Supercop 2 (Project S) (Chao ji ji hua) (1993),Supercop 2 (Project S) (Chao ji ji hua),Action|Comedy|Crime|Thriller,1993
879,"Relic, The (1997)","Relic, The",Horror|Thriller,1997
880,"Island of Dr. Moreau, The (1996)","Island of Dr. Moreau, The",Sci-Fi|Thriller,1996
881,First Kid (1996),First Kid,Children|Comedy,1996
882,"Trigger Effect, The (1996)","Trigger Effect, The",Drama|Thriller,1996
885,Bogus (1996),Bogus,Children|Drama|Fantasy,1996
886,Bulletproof (1996),Bulletproof,Action|Comedy|Crime,1996
888,Land Before Time III: The Time of the Great Giving (1995),Land Before Time III: The Time of the Great Giving,Adventure|Animation|Children|Musical,1995
889,1-900 (06) (1994),1-900 (06),Drama|Romance,1994
891,Halloween: The Curse of Michael Myers (Halloween 6: The Curse of Michael Myers) (1995),Halloween: The Curse of Michael Myers (Halloween 6: The Curse of Michael Myers),Horror|Thriller,1995
892,Twelfth Night (1996),Twelfth Night,Comedy|Drama|Romance,1996
893,Mother Night (1996),Mother Night,Drama,1996
896,Wild Reeds (Les roseaux sauvages) (1994),Wild Reeds (Les roseaux sauvages),Drama,1994
897,For Whom the Bell Tolls (1943),For Whom the Bell Tolls,Adventure|Drama|Romance|War,1943
898,"Philadelphia Story, The (1940)","Philadelphia Story, The",Comedy|Drama|Romance,1940
899,Singin' in the Rain (1952),Singin' in the Rain,Comedy|Musical|Romance,1952
900,"American in Paris, An (1951)","American in Paris, An",Musical|Romance,1951
901,Funny Face (1957),Funny Face,Comedy|Musical,1957
902,Breakfast at Tiffany's (1961),Breakfast at Tiffany's,Drama|Romance,1961
903,Vertigo (1958),Vertigo,Drama|Mystery|Romance|Thriller,1958
904,Rear Window (1954),Rear Window,Mystery|Thriller,1954
905,It Happened One Night (1934),It Happened One Night,Comedy|Romance,1934
906,Gaslight (1944),Gaslight,Drama|Thriller,1944
907,"Gay Divorcee, The (1934)","Gay Divorcee, The",Comedy|Musical|Romance,1934
908,North by Northwest (1959),North by Northwest,Action|Adventure|Mystery|Romance|Thriller,1959
909,"Apartment, The (1960)","Apartment, The",Comedy|Drama|Romance,1960
910,Some Like It Hot (1959),Some Like It Hot,Comedy|Crime,1959
911,Charade (1963),Charade,Comedy|Crime|Mystery|Romance|Thriller,1963
912,Casablanca (1942),Casablanca,Drama|Romance,1942
913,"Maltese Falcon, The (1941)","Maltese Falcon, The",Film-Noir|Mystery,1941
914,My Fair Lady (1964),My Fair Lady,Comedy|Drama|Musical|Romance,1964
915,Sabrina (1954),Sabrina,Comedy|Romance,1954
916,Roman Holiday (1953),Roman Holiday,Comedy|Drama|Romance,1953
917,"Little Princess, The (1939)","Little Princess, The",Children|Drama,1939
918,Meet Me in St. Louis (1944),Meet Me in St. Louis,Musical,1944
919,"Wizard of Oz, The (1939)","Wizard of Oz, The",Adventure|Children|Fantasy|Musical,1939
920,Gone with the Wind (1939),Gone with the Wind,Drama|Romance|War,1939
921,My Favorite Year (1982),My Favorite Year,Comedy,1982
922,Sunset Blvd. (a.k.a. Sunset Boulevard) (1950),Sunset Blvd. (a.k.a. Sunset Boulevard),Drama|Film-Noir|Romance,1950
923,Citizen Kane (1941),Citizen Kane,Drama|Mystery,1941
924,2001: A Space Odyssey (1968),2001: A Space Odyssey,Adventure|Drama|Sci-Fi,1968
926,All About Eve (1950),All About Eve,Drama,1950
927,"Women, The (1939)","Women, The",Comedy,1939
928,Rebecca (1940),Rebecca,Drama|Mystery|Romance|Thriller,1940
929,Foreign Correspondent (1940),Foreign Correspondent,Drama|Film-Noir|Mystery|Thriller,1940
930,Notorious (1946),Notorious,Film-Noir|Romance|Thriller,1946
931,Spellbound (1945),Spellbound,Mystery|Romance|Thriller,1945
932,"Affair to Remember, An (1957)","Affair to Remember, An",Drama|Romance,1957
933,To Catch a Thief (1955),To Catch a Thief,Crime|Mystery|Romance|Thriller,1955
934,Father of the Bride (1950),Father of the Bride,Comedy,1950
935,"Band Wagon, The (1953)","Band Wagon, The",Comedy|Musical,1953
936,Ninotchka (1939),Ninotchka,Comedy|Romance,1939
937,Love in the Afternoon (1957),Love in the Afternoon,Comedy|Romance,1957
938,Gigi (1958),Gigi,Musical,1958
940,"Adventures of Robin Hood, The (1938)","Adventures of Robin Hood, The",Action|Adventure|Romance,1938
941,"Mark of Zorro, The (1940)","Mark of Zorro, The",Adventure,1940
942,Laura (1944),Laura,Crime|Film-Noir|Mystery,1944
943,"Ghost and Mrs. Muir, The (1947)","Ghost and Mrs. Muir, The",Drama|Fantasy|Romance,1947
944,Lost Horizon (1937),Lost Horizon,Drama,1937
945,Top Hat (1935),Top Hat,Comedy|Musical|Romance,1935
946,To Be or Not to Be (1942),To Be or Not to Be,Comedy|Drama|War,1942
947,My Man Godfrey (1936),My Man Godfrey,Comedy|Romance,1936
948,Giant (1956),Giant,Drama|Romance|Western,1956
949,East of Eden (1955),East of Eden,Drama,1955
950,"Thin Man, The (1934)","Thin Man, The",Comedy|Crime,1934
951,His Girl Friday (1940),His Girl Friday,Comedy|Romance,1940
952,Around the World in 80 Days (1956),Around the World in 80 Days,Adventure|Comedy,1956
953,It's a Wonderful Life (1946),It's a Wonderful Life,Children|Drama|Fantasy|Romance,1946
954,Mr. Smith Goes to Washington (1939),Mr. Smith Goes to Washington,Drama,1939
955,Bringing Up Baby (1938),Bringing Up Baby,Comedy|Romance,1938
956,Penny Serenade (1941),Penny Serenade,Drama|Romance,1941
959,Of Human Bondage (1934),Of Human Bondage,Drama,1934
961,Little Lord Fauntleroy (1936),Little Lord Fauntleroy,Drama,1936
963,"Inspector General, The (1949)","Inspector General, The",Musical,1949
965,"39 Steps, The (1935)","39 Steps, The",Drama|Mystery|Thriller,1935
968,Night of the Living Dead (1968),Night of the Living Dead,Horror|Sci-Fi|Thriller,1968
969,"African Queen, The (1951)","African Queen, The",Adventure|Comedy|Romance|War,1951
970,Beat the Devil (1953),Beat the Devil,Adventure|Comedy|Crime|Drama|Romance,1953
971,Cat on a Hot Tin Roof (1958),Cat on a Hot Tin Roof,Drama,1958
973,Meet John Doe (1941),Meet John Doe,Comedy|Drama,1941
976,"Farewell to Arms, A (1932)","Farewell to Arms, A",Romance|War,1932
979,Nothing Personal (1995),Nothing Personal,Drama|War,1995
981,Dangerous Ground (1997),Dangerous Ground,Drama,1997
982,Picnic (1955),Picnic,Drama,1955
984,"Pompatus of Love, The (1996)","Pompatus of Love, The",Comedy|Drama,1996
986,Fly Away Home (1996),Fly Away Home,Adventure|Children,1996
987,Bliss (1997),Bliss,Drama|Romance,1997
988,Grace of My Heart (1996),Grace of My Heart,Comedy|Drama,1996
990,Maximum Risk (1996),Maximum Risk,Action|Adventure|Thriller,1996
991,Michael Collins (1996),Michael Collins,Drama,1996
993,Infinity (1996),Infinity,Drama,1996
994,Big Night (1996),Big Night,Comedy|Drama,1996
996,Last Man Standing (1996),Last Man Standing,Action|Crime|Drama|Thriller,1996
998,Set It Off (1996),Set It Off,Action|Crime,1996
999,2 Days in the Valley (1996),2 Days in the Valley,Crime|Film-Noir,1996
1003,Extreme Measures (1996),Extreme Measures,Drama|Thriller,1996
1004,"Glimmer Man, The (1996)","Glimmer Man, The",Action|Thriller,1996
1005,D3: The Mighty Ducks (1996),D3: The Mighty Ducks,Children|Comedy,1996
1006,"Chamber, The (1996)","Chamber, The",Drama,1996
1007,"Apple Dumpling Gang, The (1975)","Apple Dumpling Gang, The",Children|Comedy|Western,1975
1008,"Davy Crockett, King of the Wild Frontier (1955)","Davy Crockett, King of the Wild Frontier",Adventure|Western,1955
1009,Escape to Witch Mountain (1975),Escape to Witch Mountain,Adventure|Children|Fantasy,1975
1010,"Love Bug, The (1969)","Love Bug, The",Children|Comedy,1969
1011,Herbie Rides Again (1974),Herbie Rides Again,Children|Comedy|Fantasy|Romance,1974
1012,Old Yeller (1957),Old Yeller,Children|Drama,1957
1013,"Parent Trap, The (1961)","Parent Trap, The",Children|Comedy|Romance,1961
1014,Pollyanna (1960),Pollyanna,Children|Comedy|Drama,1960
1015,Homeward Bound: The Incredible Journey (1993),Homeward Bound: The Incredible Journey,Adventure|Children|Drama,1993
1016,"Shaggy Dog, The (1959)","Shaggy Dog, The",Children|Comedy,1959
1017,Swiss Family Robinson (1960),Swiss Family Robinson,Adventure|Children,1960
1018,That Darn Cat! (1965),That Darn Cat!,Children|Comedy|Mystery,1965
1019,"20,000 Leagues Under the Sea (1954)","20,000 Leagues Under the Sea",Adventure|Drama|Sci-Fi,1954
1020,Cool Runnings (1993),Cool Runnings,Comedy,1993
1021,Angels in the Outfield (1994),Angels in the Outfield,Children|Comedy,1994
1022,Cinderella (1950),Cinderella,Animation|Children|Fantasy|Musical|Romance,1950
1023,Winnie the Pooh and the Blustery Day (1968),Winnie the Pooh and the Blustery Day,Animation|Children|Musical,1968
1024,"Three Caballeros, The (1945)","Three Caballeros, The",Animation|Children|Musical,1945
1025,"Sword in the Stone, The (1963)","Sword in the Stone, The",Animation|Children|Fantasy|Musical,1963
1027,Robin Hood: Prince of Thieves (1991),Robin Hood: Prince of Thieves,Adventure|Drama,1991
1028,Mary Poppins (1964),Mary Poppins,Children|Comedy|Fantasy|Musical,1964
1029,Dumbo (1941),Dumbo,Animation|Children|Drama|Musical,1941
1030,Pete's Dragon (1977),Pete's Dragon,Adventure|Animation|Children|Musical,1977
1031,Bedknobs and Broomsticks (1971),Bedknobs and Broomsticks,Adventure|Children|Musical,1971
1032,Alice in Wonderland (1951),Alice in Wonderland,Adventure|Animation|Children|Fantasy|Musical,1951
1033,"Fox and the Hound, The (1981)","Fox and the Hound, The",Animation|Children|Drama,1981
1034,Freeway (1996),Freeway,Comedy|Crime|Drama|Thriller,1996
1035,"Sound of Music, The (1965)","Sound of Music, The",Musical|Romance,1965
1036,Die Hard (1988),Die Hard,Action|Crime|Thriller,1988
1037,"Lawnmower Man, The (1992)","Lawnmower Man, The",Action|Horror|Sci-Fi|Thriller,1992
1040,"Secret Agent, The (1996)","Secret Agent, The",Drama,1996
1041,Secrets & Lies (1996),Secrets & Lies,Drama,1996
1042,That Thing You Do! (1996),That Thing You Do!,Comedy|Drama,1996
1043,To Gillian on Her 37th Birthday (1996),To Gillian on Her 37th Birthday,Drama|Romance,1996
1046,Beautiful Thing (1996),Beautiful Thing,Drama|Romance,1996
1047,"Long Kiss Goodnight, The (1996)","Long Kiss Goodnight, The",Action|Drama|Thriller,1996
1049,"Ghost and the Darkness, The (1996)","Ghost and the Darkness, The",Action|Adventure,1996
1050,Looking for Richard (1996),Looking for Richard,Documentary|Drama,1996
1051,Trees Lounge (1996),Trees Lounge,Drama,1996
1053,Normal Life (1996),Normal Life,Crime|Drama|Romance,1996
1054,Get on the Bus (1996),Get on the Bus,Drama,1996
1055,Shadow Conspiracy (1997),Shadow Conspiracy,Thriller,1997
1056,Jude (1996),Jude,Drama,1996
1057,Everyone Says I Love You (1996),Everyone Says I Love You,Comedy|Musical|Romance,1996
1059,William Shakespeare's Romeo + Juliet (1996),William Shakespeare's Romeo + Juliet,Drama|Romance,1996
1060,Swingers (1996),Swingers,Comedy|Drama,1996
1061,Sleepers (1996),Sleepers,Thriller,1996
1064,Aladdin and the King of Thieves (1996),Aladdin and the King of Thieves,Animation|Children|Comedy|Fantasy|Musical|Romance,1996
1066,Shall We Dance (1937),Shall We Dance,Comedy|Musical|Romance,1937
1068,Crossfire (1947),Crossfire,Crime|Film-Noir,1947
1073,Willy Wonka & the Chocolate Factory (1971),Willy Wonka & the Chocolate Factory,Children|Comedy|Fantasy|Musical,1971
1076,"Innocents, The (1961)","Innocents, The",Drama|Horror|Thriller,1961
1077,Sleeper (1973),Sleeper,Comedy|Sci-Fi,1973
1078,Bananas (1971),Bananas,Comedy|War,1971
1079,"Fish Called Wanda, A (1988)","Fish Called Wanda, A",Comedy|Crime,1988
1080,Monty Python's Life of Brian (1979),Monty Python's Life of Brian,Comedy,1979
1081,Victor/Victoria (1982),Victor/Victoria,Comedy|Musical|Romance,1982
1082,"Candidate, The (1972)","Candidate, The",Drama,1972
1083,"Great Race, The (1965)","Great Race, The",Comedy|Musical,1965
1084,Bonnie and Clyde (1967),Bonnie and Clyde,Crime|Drama,1967
1085,"Old Man and the Sea, The (1958)","Old Man and the Sea, The",Adventure|Drama,1958
1086,Dial M for Murder (1954),Dial M for Murder,Crime|Mystery|Thriller,1954
1088,Dirty Dancing (1987),Dirty Dancing,Drama|Musical|Romance,1987
1089,Reservoir Dogs (1992),Reservoir Dogs,Crime|Mystery|Thriller,1992
1090,Platoon (1986),Platoon,Drama|War,1986
1091,Weekend at Bernie's (1989),Weekend at Bernie's,Comedy,1989
1092,Basic Instinct (1992),Basic Instinct,Crime|Mystery|Thriller,1992
1093,"Doors, The (1991)","Doors, The",Drama,1991
1094,"Crying Game, The (1992)","Crying Game, The",Drama|Romance|Thriller,1992
1095,Glengarry Glen Ross (1992),Glengarry Glen Ross,Drama,1992
1096,Sophie's Choice (1982),Sophie's Choice,Drama,1982
1097,E.T. the Extra-Terrestrial (1982),E.T. the Extra-Terrestrial,Children|Drama|Sci-Fi,1982
1099,"Christmas Carol, A (1938)","Christmas Carol, A",Children|Drama|Fantasy,1938
1100,Days of Thunder (1990),Days of Thunder,Action|Drama|Romance,1990
1101,Top Gun (1986),Top Gun,Action|Romance,1986
1103,Rebel Without a Cause (1955),Rebel Without a Cause,Drama,1955
1104,"Streetcar Named Desire, A (1951)","Streetcar Named Desire, A",Drama,1951
1105,Children of the Corn IV: The Gathering (1996),Children of the Corn IV: The Gathering,Horror,1996
1107,Loser (1991),Loser,Comedy,1991
1111,Microcosmos (Microcosmos: Le peuple de l'herbe) (1996),Microcosmos (Microcosmos: Le peuple de l'herbe),Documentary,1996
1112,Palookaville (1996),Palookaville,Action|Comedy|Drama,1996
1114,"Funeral, The (1996)","Funeral, The",Crime|Drama,1996
1116,"Single Girl, A (Fille seule, La) (1995)","Single Girl, A (Fille seule, La)",Drama,1995
1117,"Eighth Day, The (Huitième jour, Le) (1996)","Eighth Day, The (Huitième jour, Le)",Drama,1996
1119,Drunks (1995),Drunks,Drama,1995
1120,"People vs. Larry Flynt, The (1996)","People vs. Larry Flynt, The",Comedy|Drama,1996
1121,Glory Daze (1995),Glory Daze,Drama,1995
1123,"Perfect Candidate, A (1996)","Perfect Candidate, A",Documentary,1996
1124,On Golden Pond (1981),On Golden Pond,Drama,1981
1125,"Return of the Pink Panther, The (1975)","Return of the Pink Panther, The",Comedy|Crime,1975
1126,Drop Dead Fred (1991),Drop Dead Fred,Comedy|Fantasy,1991
1127,"Abyss, The (1989)","Abyss, The",Action|Adventure|Sci-Fi|Thriller,1989
1128,"Fog, The (1980)","Fog, The",Horror,1980
1129,Escape from New York (1981),Escape from New York,Action|Adventure|Sci-Fi|Thriller,1981
1130,"Howling, The (1980)","Howling, The",Horror|Mystery,1980
1131,Jean de Florette (1986),Jean de Florette,Drama|Mystery,1986
1132,Manon of the Spring (Manon des sources) (1986),Manon of the Spring (Manon des sources),Drama,1986
1135,Private Benjamin (1980),Private Benjamin,Comedy,1980
1136,Monty Python and the Holy Grail (1975),Monty Python and the Holy Grail,Adventure|Comedy|Fantasy,1975
1137,Hustler White (1996),Hustler White,Romance,1996
1140,Entertaining Angels: The Dorothy Day Story (1996),Entertaining Angels: The Dorothy Day Story,Drama,1996
1144,"Line King: The Al Hirschfeld Story, The (1996)","Line King: The Al Hirschfeld Story, The",Documentary,1996
1147,When We Were Kings (1996),When We Were Kings,Documentary,1996
1148,Wallace & Gromit: The Wrong Trousers (1993),Wallace & Gromit: The Wrong Trousers,Animation|Children|Comedy|Crime,1993
1150,"Return of Martin Guerre, The (Retour de Martin Guerre, Le) (1982)","Return of Martin Guerre, The (Retour de Martin Guerre, Le)",Drama,1982
1151,Lesson Faust (1994),Lesson Faust,Animation|Comedy|Drama|Fantasy,1994
1156,"Children Are Watching Us, The (Bambini ci guardano, I) (1944)","Children Are Watching Us, The (Bambini ci guardano, I)",Drama,1944
1161,"Tin Drum, The (Blechtrommel, Die) (1979)","Tin Drum, The (Blechtrommel, Die)",Drama|War,1979
1162,"Ruling Class, The (1972)","Ruling Class, The",Comedy|Drama,1972
1163,Mina Tannenbaum (1994),Mina Tannenbaum,Drama,1994
1167,Dear God (1996),Dear God,Comedy,1996
1170,Best of the Best 3: No Turning Back (1995),Best of the Best 3: No Turning Back,Action,1995
1171,Bob Roberts (1992),Bob Roberts,Comedy,1992
1172,Cinema Paradiso (Nuovo cinema Paradiso) (1989),Cinema Paradiso (Nuovo cinema Paradiso),Drama,1989
1173,"Cook the Thief His Wife & Her Lover, The (1989)","Cook the Thief His Wife & Her Lover, The",Comedy|Drama,1989
1175,Delicatessen (1991),Delicatessen,Comedy|Drama|Romance,1991
1176,"Double Life of Veronique, The (Double Vie de Véronique, La) (1991)","Double Life of Veronique, The (Double Vie de Véronique, La)",Drama|Fantasy|Romance,1991
1177,Enchanted April (1992),Enchanted April,Drama|Romance,1992
1178,Paths of Glory (1957),Paths of Glory,Drama|War,1957
1179,"Grifters, The (1990)","Grifters, The",Crime|Drama|Film-Noir,1990
1180,Hear My Song (1991),Hear My Song,Comedy,1991
1183,"English Patient, The (1996)","English Patient, The",Drama|Romance|War,1996
1184,Mediterraneo (1991),Mediterraneo,Comedy|Drama,1991
1185,My Left Foot (1989),My Left Foot,Drama,1989
1186,"Sex, Lies, and Videotape (1989)","Sex, Lies, and Videotape",Drama,1989
1187,Passion Fish (1992),Passion Fish,Drama,1992
1188,Strictly Ballroom (1992),Strictly Ballroom,Comedy|Romance,1992
1189,"Thin Blue Line, The (1988)","Thin Blue Line, The",Documentary,1988
1190,Tie Me Up! Tie Me Down! (¡Átame!) (1990),Tie Me Up! Tie Me Down! (¡Átame!),Crime|Drama|Romance,1990
1191,Madonna: Truth or Dare (1991),Madonna: Truth or Dare,Documentary|Musical,1991
1192,Paris Is Burning (1990),Paris Is Burning,Documentary,1990
1193,One Flew Over the Cuckoo's Nest (1975),One Flew Over the Cuckoo's Nest,Drama,1975
1194,Cheech and Chong's Up in Smoke (1978),Cheech and Chong's Up in Smoke,Comedy,1978
1196,Star Wars: Episode V - The Empire Strikes Back (1980),Star Wars: Episode V - The Empire Strikes Back,Action|Adventure|Sci-Fi,1980
1197,"Princess Bride, The (1987)","Princess Bride, The",Action|Adventure|Comedy|Fantasy|Romance,1987
1198,Raiders of the Lost Ark (Indiana Jones and the Raiders of the Lost Ark) (1981),Raiders of the Lost Ark (Indiana Jones and the Raiders of the Lost Ark),Action|Adventure,1981
1199,Brazil (1985),Brazil,Fantasy|Sci-Fi,1985
1200,Aliens (1986),Aliens,Action|Adventure|Horror|Sci-Fi,1986
1201,"Good, the Bad and the Ugly, The (Buono, il brutto, il cattivo, Il) (1966)","Good, the Bad and the Ugly, The (Buono, il brutto, il cattivo, Il)",Action|Adventure|Western,1966
1202,Withnail & I (1987),Withnail & I,Comedy,1987
1203,12 Angry Men (1957),12 Angry Men,Drama,1957
1204,Lawrence of Arabia (1962),Lawrence of Arabia,Adventure|Drama|War,1962
1206,"Clockwork Orange, A (1971)","Clockwork Orange, A",Crime|Drama|Sci-Fi|Thriller,1971
1207,To Kill a Mockingbird (1962),To Kill a Mockingbird,Drama,1962
1208,Apocalypse Now (1979),Apocalypse Now,Action|Drama|War,1979
1209,Once Upon a Time in the West (C'era una volta il West) (1968),Once Upon a Time in the West (C'era una volta il West),Action|Drama|Western,1968
1210,Star Wars: Episode VI - Return of the Jedi (1983),Star Wars: Episode VI - Return of the Jedi,Action|Adventure|Sci-Fi,1983
1211,"Wings of Desire (Himmel über Berlin, Der) (1987)","Wings of Desire (Himmel über Berlin, Der)",Drama|Fantasy|Romance,1987
1212,"Third Man, The (1949)","Third Man, The",Film-Noir|Mystery|Thriller,1949
1213,Goodfellas (1990),Goodfellas,Crime|Drama,1990
1214,Alien (1979),Alien,Horror|Sci-Fi,1979
1215,Army of Darkness (1993),Army of Darkness,Action|Adventure|Comedy|Fantasy|Horror,1993
1216,"Big Blue, The (Grand bleu, Le) (1988)","Big Blue, The (Grand bleu, Le)",Adventure|Drama|Romance,1988
1217,Ran (1985),Ran,Drama|War,1985
1218,"Killer, The (Die xue shuang xiong) (1989)","Killer, The (Die xue shuang xiong)",Action|Crime|Drama|Thriller,1989
1219,Psycho (1960),Psycho,Crime|Horror,1960
1220,"Blues Brothers, The (1980)","Blues Brothers, The",Action|Comedy|Musical,1980
1221,"Godfather: Part II, The (1974)","Godfather: Part II, The",Crime|Drama,1974
1222,Full Metal Jacket (1987),Full Metal Jacket,Drama|War,1987
1223,"Grand Day Out with Wallace and Gromit, A (1989)","Grand Day Out with Wallace and Gromit, A",Adventure|Animation|Children|Comedy|Sci-Fi,1989
1224,Henry V (1989),Henry V,Action|Drama|Romance|War,1989
1225,Amadeus (1984),Amadeus,Drama,1984
1226,"Quiet Man, The (1952)","Quiet Man, The",Drama|Romance,1952
1227,Once Upon a Time in America (1984),Once Upon a Time in America,Crime|Drama,1984
1228,Raging Bull (1980),Raging Bull,Drama,1980
1230,Annie Hall (1977),Annie Hall,Comedy|Romance,1977
1231,"Right Stuff, The (1983)","Right Stuff, The",Drama,1983
1232,Stalker (1979),Stalker,Drama|Mystery|Sci-Fi,1979
1233,"Boot, Das (Boat, The) (1981)","Boot, Das (Boat, The)",Action|Drama|War,1981
1234,"Sting, The (1973)","Sting, The",Comedy|Crime,1973
1235,Harold and Maude (1971),Harold and Maude,Comedy|Drama|Romance,1971
1236,Trust (1990),Trust,Comedy|Drama|Romance,1990
1237,"Seventh Seal, The (Sjunde inseglet, Det) (1957)","Seventh Seal, The (Sjunde inseglet, Det)",Drama,1957
1238,Local Hero (1983),Local Hero,Comedy,1983
1240,"Terminator, The (1984)","Terminator, The",Action|Sci-Fi|Thriller,1984
1241,Dead Alive (Braindead) (1992),Dead Alive (Braindead),Comedy|Fantasy|Horror,1992
1242,Glory (1989),Glory,Drama|War,1989
1243,Rosencrantz and Guildenstern Are Dead (1990),Rosencrantz and Guildenstern Are Dead,Comedy|Drama,1990
1244,Manhattan (1979),Manhattan,Comedy|Drama|Romance,1979
1245,Miller's Crossing (1990),Miller's Crossing,Crime|Drama|Film-Noir|Thriller,1990
1246,Dead Poets Society (1989),Dead Poets Society,Drama,1989
1247,"Graduate, The (1967)","Graduate, The",Comedy|Drama|Romance,1967
1248,Touch of Evil (1958),Touch of Evil,Crime|Film-Noir|Thriller,1958
1249,"Femme Nikita, La (Nikita) (1990)","Femme Nikita, La (Nikita)",Action|Crime|Romance|Thriller,1990
1250,"Bridge on the River Kwai, The (1957)","Bridge on the River Kwai, The",Adventure|Drama|War,1957
1251,8 1/2 (8½) (1963),8 1/2 (8½),Drama|Fantasy,1963
1252,Chinatown (1974),Chinatown,Crime|Film-Noir|Mystery|Thriller,1974
1253,"Day the Earth Stood Still, The (1951)","Day the Earth Stood Still, The",Drama|Sci-Fi|Thriller,1951
1254,"Treasure of the Sierra Madre, The (1948)","Treasure of the Sierra Madre, The",Action|Adventure|Drama|Western,1948
1255,Bad Taste (1987),Bad Taste,Comedy|Horror|Sci-Fi,1987
1256,Duck Soup (1933),Duck Soup,Comedy|Musical|War,1933
1257,Better Off Dead... (1985),Better Off Dead...,Comedy|Romance,1985
1258,"Shining, The (1980)","Shining, The",Horror,1980
1259,Stand by Me (1986),Stand by Me,Adventure|Drama,1986
1260,M (1931),M,Crime|Film-Noir|Thriller,1931
1261,Evil Dead II (Dead by Dawn) (1987),Evil Dead II (Dead by Dawn),Action|Comedy|Fantasy|Horror,1987
1262,"Great Escape, The (1963)","Great Escape, The",Action|Adventure|Drama|War,1963
1263,"Deer Hunter, The (1978)","Deer Hunter, The",Drama|War,1978
1264,Diva (1981),Diva,Action|Drama|Mystery|Romance|Thriller,1981
1265,Groundhog Day (1993),Groundhog Day,Comedy|Fantasy|Romance,1993
1266,Unforgiven (1992),Unforgiven,Drama|Western,1992
1267,"Manchurian Candidate, The (1962)","Manchurian Candidate, The",Crime|Thriller|War,1962
1268,Pump Up the Volume (1990),Pump Up the Volume,Comedy|Drama,1990
1269,Arsenic and Old Lace (1944),Arsenic and Old Lace,Comedy|Mystery|Thriller,1944
1270,Back to the Future (1985),Back to the Future,Adventure|Comedy|Sci-Fi,1985
1271,Fried Green Tomatoes (1991),Fried Green Tomatoes,Comedy|Crime|Drama,1991
1272,Patton (1970),Patton,Drama|War,1970
1273,Down by Law (1986),Down by Law,Comedy|Drama|Film-Noir,1986
1274,Akira (1988),Akira,Action|Adventure|Animation|Sci-Fi,1988
1275,Highlander (1986),Highlander,Action|Adventure|Fantasy,1986
1276,Cool Hand Luke (1967),Cool Hand Luke,Drama,1967
1277,Cyrano de Bergerac (1990),Cyrano de Bergerac,Comedy|Drama|Romance,1990
1278,Young Frankenstein (1974),Young Frankenstein,Comedy|Fantasy,1974
1279,Night on Earth (1991),Night on Earth,Comedy|Drama,1991
1280,Raise the Red Lantern (Da hong deng long gao gao gua) (1991),Raise the Red Lantern (Da hong deng long gao gao gua),Drama,1991
1281,"Great Dictator, The (1940)","Great Dictator, The",Comedy|Drama|War,1940
1282,Fantasia (1940),Fantasia,Animation|Children|Fantasy|Musical,1940
1283,High Noon (1952),High Noon,Drama|Western,1952
1284,"Big Sleep, The (1946)","Big Sleep, The",Crime|Film-Noir|Mystery,1946
1285,Heathers (1989),Heathers,Comedy,1989
1286,Somewhere in Time (1980),Somewhere in Time,Drama|Romance,1980
1287,Ben-Hur (1959),Ben-Hur,Action|Adventure|Drama,1959
1288,This Is Spinal Tap (1984),This Is Spinal Tap,Comedy,1984
1289,Koyaanisqatsi (a.k.a. Koyaanisqatsi: Life Out of Balance) (1983),Koyaanisqatsi (a.k.a. Koyaanisqatsi: Life Out of Balance),Documentary,1983
1290,Some Kind of Wonderful (1987),Some Kind of Wonderful,Drama|Romance,1987
1291,Indiana Jones and the Last Crusade (1989),Indiana Jones and the Last Crusade,Action|Adventure,1989
1292,Being There (1979),Being There,Comedy|Drama,1979
1293,Gandhi (1982),Gandhi,Drama,1982
1295,"Unbearable Lightness of Being, The (1988)","Unbearable Lightness of Being, The",Drama,1988
1296,"Room with a View, A (1986)","Room with a View, A",Drama|Romance,1986
1297,Real Genius (1985),Real Genius,Comedy,1985
1298,Pink Floyd: The Wall (1982),Pink Floyd: The Wall,Drama|Musical,1982
1299,"Killing Fields, The (1984)","Killing Fields, The",Drama|War,1984
1300,My Life as a Dog (Mitt liv som hund) (1985),My Life as a Dog (Mitt liv som hund),Comedy|Drama,1985
1301,Forbidden Planet (1956),Forbidden Planet,Drama|Sci-Fi,1956
1302,Field of Dreams (1989),Field of Dreams,Children|Drama|Fantasy,1989
1303,"Man Who Would Be King, The (1975)","Man Who Would Be King, The",Adventure|Drama,1975
1304,Butch Cassidy and the Sundance Kid (1969),Butch Cassidy and the Sundance Kid,Action|Western,1969
1305,"Paris, Texas (1984)","Paris, Texas",Drama|Romance,1984
1306,Until the End of the World (Bis ans Ende der Welt) (1991),Until the End of the World (Bis ans Ende der Welt),Adventure|Drama|Sci-Fi,1991
1307,When Harry Met Sally... (1989),When Harry Met Sally...,Comedy|Romance,1989
1310,Hype! (1996),Hype!,Documentary,1996
1312,Female Perversions (1996),Female Perversions,Drama,1996
1318,Blue Juice (1995),Blue Juice,Comedy|Drama,1995
1320,Alien³ (a.k.a. Alien 3) (1992),Alien³ (a.k.a. Alien 3),Action|Horror|Sci-Fi|Thriller,1992
1321,"American Werewolf in London, An (1981)","American Werewolf in London, An",Comedy|Horror|Thriller,1981
1322,Amityville 1992: It's About Time (1992),Amityville 1992: It's About Time,Horror,1992
1323,Amityville 3-D (1983),Amityville 3-D,Horror,1983
1324,Amityville: Dollhouse (1996),Amityville: Dollhouse,Horror,1996
1325,Amityville: A New Generation (1993),Amityville: A New Generation,Horror,1993
1326,Amityville II: The Possession (1982),Amityville II: The Possession,Horror,1982
1327,"Amityville Horror, The (1979)","Amityville Horror, The",Drama|Horror|Mystery|Thriller,1979
1328,"Amityville Curse, The (1990)","Amityville Curse, The",Horror,1990
1329,Blood for Dracula (Andy Warhol's Dracula) (1974),Blood for Dracula (Andy Warhol's Dracula),Horror,1974
1330,April Fool's Day (1986),April Fool's Day,Horror,1986
1331,Audrey Rose (1977),Audrey Rose,Horror,1977
1332,"Believers, The (1987)","Believers, The",Horror|Thriller,1987
1333,"Birds, The (1963)","Birds, The",Horror|Thriller,1963
1334,"Blob, The (1958)","Blob, The",Horror|Sci-Fi,1958
1335,Blood Beach (1981),Blood Beach,Horror|Mystery,1981
1336,Body Parts (1991),Body Parts,Horror|Thriller,1991
1337,"Body Snatcher, The (1945)","Body Snatcher, The",Drama|Horror|Thriller,1945
1339,Dracula (Bram Stoker's Dracula) (1992),Dracula (Bram Stoker's Dracula),Fantasy|Horror|Romance|Thriller,1992
1340,"Bride of Frankenstein, The (Bride of Frankenstein) (1935)","Bride of Frankenstein, The (Bride of Frankenstein)",Drama|Horror|Sci-Fi,1935
1341,Burnt Offerings (1976),Burnt Offerings,Horror,1976
1342,Candyman (1992),Candyman,Horror|Thriller,1992
1343,Cape Fear (1991),Cape Fear,Thriller,1991
1344,Cape Fear (1962),Cape Fear,Crime|Drama|Thriller,1962
1345,Carrie (1976),Carrie,Drama|Fantasy|Horror|Thriller,1976
1346,Cat People (1982),Cat People,Drama|Fantasy|Horror,1982
1347,"Nightmare on Elm Street, A (1984)","Nightmare on Elm Street, A",Horror|Thriller,1984
1348,"Nosferatu (Nosferatu, eine Symphonie des Grauens) (1922)","Nosferatu (Nosferatu, eine Symphonie des Grauens)",Horror,1922
1349,Vampire in Venice (Nosferatu a Venezia) (Nosferatu in Venice) (1986),Vampire in Venice (Nosferatu a Venezia) (Nosferatu in Venice),Horror,1986
1350,"Omen, The (1976)","Omen, The",Horror|Mystery|Thriller,1976
1351,Blood and Wine (Blood & Wine) (1996),Blood and Wine (Blood & Wine),Crime|Drama|Thriller,1996
1352,Albino Alligator (1996),Albino Alligator,Crime|Thriller,1996
1353,"Mirror Has Two Faces, The (1996)","Mirror Has Two Faces, The",Comedy|Drama|Romance,1996
1354,Breaking the Waves (1996),Breaking the Waves,Drama|Mystery,1996
1355,Nightwatch (1997),Nightwatch,Horror|Thriller,1997
1356,Star Trek: First Contact (1996),Star Trek: First Contact,Action|Adventure|Sci-Fi|Thriller,1996
1357,Shine (1996),Shine,Drama|Romance,1996
1358,Sling Blade (1996),Sling Blade,Drama,1996
1359,Jingle All the Way (1996),Jingle All the Way,Children|Comedy,1996
1361,Paradise Lost: The Child Murders at Robin Hood Hills (1996),Paradise Lost: The Child Murders at Robin Hood Hills,Documentary,1996
1363,"Preacher's Wife, The (1996)","Preacher's Wife, The",Drama,1996
1365,Ridicule (1996),Ridicule,Drama,1996
1366,"Crucible, The (1996)","Crucible, The",Drama,1996
1367,101 Dalmatians (1996),101 Dalmatians,Adventure|Children|Comedy,1996
1370,Die Hard 2 (1990),Die Hard 2,Action|Adventure|Thriller,1990
1371,Star Trek: The Motion Picture (1979),Star Trek: The Motion Picture,Adventure|Sci-Fi,1979
1372,Star Trek VI: The Undiscovered Country (1991),Star Trek VI: The Undiscovered Country,Action|Mystery|Sci-Fi,1991
1373,Star Trek V: The Final Frontier (1989),Star Trek V: The Final Frontier,Action|Sci-Fi,1989
1374,Star Trek II: The Wrath of Khan (1982),Star Trek II: The Wrath of Khan,Action|Adventure|Sci-Fi|Thriller,1982
1375,Star Trek III: The Search for Spock (1984),Star Trek III: The Search for Spock,Action|Adventure|Sci-Fi,1984
1376,Star Trek IV: The Voyage Home (1986),Star Trek IV: The Voyage Home,Adventure|Comedy|Sci-Fi,1986
1377,Batman Returns (1992),Batman Returns,Action|Crime,1992
1378,Young Guns (1988),Young Guns,Action|Comedy|Western,1988
1379,Young Guns II (1990),Young Guns II,Action|Western,1990
1380,Grease (1978),Grease,Comedy|Musical|Romance,1978
1381,Grease 2 (1982),Grease 2,Comedy|Musical|Romance,1982
1382,Marked for Death (1990),Marked for Death,Action|Drama,1990
1385,Under Siege (1992),Under Siege,Action|Drama|Thriller,1992
1387,Jaws (1975),Jaws,Action|Horror,1975
1388,Jaws 2 (1978),Jaws 2,Horror|Thriller,1978
1389,Jaws 3-D (1983),Jaws 3-D,Action|Horror,1983
1390,My Fellow Americans (1996),My Fellow Americans,Comedy,1996
1391,Mars Attacks! (1996),Mars Attacks!,Action|Comedy|Sci-Fi,1996
1392,Citizen Ruth (1996),Citizen Ruth,Comedy|Drama,1996
1393,Jerry Maguire (1996),Jerry Maguire,Drama|Romance,1996
1394,Raising Arizona (1987),Raising Arizona,Comedy,1987
1395,Tin Men (1987),Tin Men,Comedy|Drama,1987
1396,Sneakers (1992),Sneakers,Action|Comedy|Crime|Drama|Sci-Fi,1992
1397,Bastard Out of Carolina (1996),Bastard Out of Carolina,Drama,1996
1398,In Love and War (1996),In Love and War,Romance|War,1996
1399,Marvin's Room (1996),Marvin's Room,Drama,1996
1401,Ghosts of Mississippi (1996),Ghosts of Mississippi,Drama,1996
1405,Beavis and Butt-Head Do America (1996),Beavis and Butt-Head Do America,Adventure|Animation|Comedy|Crime,1996
1406,La Cérémonie (1995),La Cérémonie,Crime|Drama|Mystery|Thriller,1995
1407,Scream (1996),Scream,Comedy|Horror|Mystery|Thriller,1996
1408,"Last of the Mohicans, The (1992)","Last of the Mohicans, The",Action|Romance|War|Western,1992
1409,Michael (1996),Michael,Comedy|Drama|Fantasy|Romance,1996
1411,Hamlet (1996),Hamlet,Crime|Drama|Romance,1996
1412,Some Mother's Son (1996),Some Mother's Son,Drama,1996
1413,"Whole Wide World, The (1996)","Whole Wide World, The",Drama,1996
1414,Mother (1996),Mother,Comedy,1996
1415,"Thieves (Voleurs, Les) (1996)","Thieves (Voleurs, Les)",Crime|Drama|Romance,1996
1416,Evita (1996),Evita,Drama|Musical,1996
1417,"Portrait of a Lady, The (1996)","Portrait of a Lady, The",Drama,1996
1419,Walkabout (1971),Walkabout,Adventure|Drama,1971
1422,Murder at 1600 (1997),Murder at 1600,Crime|Drama|Mystery|Thriller,1997
1423,Hearts and Minds (1996),Hearts and Minds,Drama,1996
1425,Fierce Creatures (1997),Fierce Creatures,Comedy,1997
1426,Zeus and Roxanne (1997),Zeus and Roxanne,Children,1997
1427,Turbulence (1997),Turbulence,Action|Thriller,1997
1428,Angel Baby (1995),Angel Baby,Drama,1995
1429,First Strike (Police Story 4: First Strike) (Ging chaat goo si 4: Ji gaan daan yam mo) (1996),First Strike (Police Story 4: First Strike) (Ging chaat goo si 4: Ji gaan daan yam mo),Action|Adventure|Comedy|Thriller,1996
1430,Underworld (1996),Underworld,Comedy|Thriller,1996
1431,Beverly Hills Ninja (1997),Beverly Hills Ninja,Action|Comedy,1997
1432,Metro (1997),Metro,Action|Comedy|Crime|Drama|Thriller,1997
1437,"Cement Garden, The (1993)","Cement Garden, The",Drama,1993
1438,Dante's Peak (1997),Dante's Peak,Action|Thriller,1997
1439,Meet Wally Sparks (1997),Meet Wally Sparks,Comedy,1997
1440,Amos & Andrew (1993),Amos & Andrew,Comedy,1993
1441,Benny & Joon (1993),Benny & Joon,Comedy|Romance,1993
1442,Prefontaine (1997),Prefontaine,Drama,1997
1445,McHale's Navy (1997),McHale's Navy,Comedy|War,1997
1446,Kolya (Kolja) (1996),Kolya (Kolja),Comedy|Drama,1996
1447,Gridlock'd (1997),Gridlock'd,Crime,1997
1449,Waiting for Guffman (1996),Waiting for Guffman,Comedy,1996
1453,"Beautician and the Beast, The (1997)","Beautician and the Beast, The",Comedy|Romance,1997
1454,SubUrbia (1997),SubUrbia,Comedy|Drama,1997
1456,"Pest, The (1997)","Pest, The",Comedy,1997
1457,Fools Rush In (1997),Fools Rush In,Comedy|Drama|Romance,1997
1458,Touch (1997),Touch,Drama|Fantasy|Romance,1997
1459,Absolute Power (1997),Absolute Power,Mystery|Thriller,1997
1460,That Darn Cat (1997),That Darn Cat,Children|Comedy|Mystery,1997
1461,Vegas Vacation (National Lampoon's Las Vegas Vacation) (1997),Vegas Vacation (National Lampoon's Las Vegas Vacation),Comedy,1997
1464,Lost Highway (1997),Lost Highway,Crime|Drama|Fantasy|Film-Noir|Mystery|Romance,1997
1465,Rosewood (1997),Rosewood,Action|Drama,1997
1466,Donnie Brasco (1997),Donnie Brasco,Crime|Drama,1997
1468,Booty Call (1997),Booty Call,Comedy|Romance,1997
1473,Best Men (1997),Best Men,Action|Comedy|Crime|Drama,1997
1474,Jungle2Jungle (a.k.a. Jungle 2 Jungle) (1997),Jungle2Jungle (a.k.a. Jungle 2 Jungle),Children|Comedy,1997
1475,Kama Sutra: A Tale of Love (1996),Kama Sutra: A Tale of Love,Romance,1996
1476,Private Parts (1997),Private Parts,Comedy|Drama,1997
1477,Love Jones (1997),Love Jones,Romance,1997
1479,"Saint, The (1997)","Saint, The",Action|Romance|Sci-Fi|Thriller,1997
1480,Smilla's Sense of Snow (1997),Smilla's Sense of Snow,Drama|Thriller,1997
1483,Crash (1996),Crash,Drama|Thriller,1996
1484,"Daytrippers, The (1996)","Daytrippers, The",Comedy|Drama|Mystery|Romance,1996
1485,Liar Liar (1997),Liar Liar,Comedy,1997
1487,Selena (1997),Selena,Drama|Musical,1997
1488,"Devil's Own, The (1997)","Devil's Own, The",Action|Drama|Thriller,1997
1489,Cats Don't Dance (1997),Cats Don't Dance,Animation|Children|Musical,1997
1490,B*A*P*S (1997),B*A*P*S,Comedy,1997
1493,Love and Other Catastrophes (1996),Love and Other Catastrophes,Romance,1996
1495,Turbo: A Power Rangers Movie (1997),Turbo: A Power Rangers Movie,Action|Adventure|Children,1997
1496,Anna Karenina (1997),Anna Karenina,Drama|Romance,1997
1497,Double Team (1997),Double Team,Action,1997
1498,Inventing the Abbotts (1997),Inventing the Abbotts,Drama|Romance,1997
1499,Anaconda (1997),Anaconda,Action|Adventure|Thriller,1997
1500,Grosse Pointe Blank (1997),Grosse Pointe Blank,Comedy|Crime|Romance,1997
1502,Kissed (1996),Kissed,Drama|Romance,1996
1503,8 Heads in a Duffel Bag (1997),8 Heads in a Duffel Bag,Comedy,1997
1507,Paradise Road (1997),Paradise Road,Drama|War,1997
1513,Romy and Michele's High School Reunion (1997),Romy and Michele's High School Reunion,Comedy,1997
1514,Temptress Moon (Feng Yue) (1996),Temptress Moon (Feng Yue),Romance,1996
1515,Volcano (1997),Volcano,Action|Drama|Thriller,1997
1516,Children of the Revolution (1996),Children of the Revolution,Comedy,1996
1517,Austin Powers: International Man of Mystery (1997),Austin Powers: International Man of Mystery,Action|Adventure|Comedy,1997
1518,Breakdown (1997),Breakdown,Action|Thriller,1997
1519,Broken English (1996),Broken English,Drama,1996
1526,Fathers' Day (1997),Fathers' Day,Comedy,1997
1527,"Fifth Element, The (1997)","Fifth Element, The",Action|Adventure|Comedy|Sci-Fi,1997
1529,Nowhere (1997),Nowhere,Comedy|Drama,1997
1533,"Promise, The (La promesse) (1996)","Promise, The (La promesse)",Drama,1996
1537,Shall We Dance? (Shall We Dansu?) (1996),Shall We Dance? (Shall We Dansu?),Comedy|Drama|Romance,1996
1541,Addicted to Love (1997),Addicted to Love,Comedy|Romance,1997
1542,Brassed Off (1996),Brassed Off,Comedy|Drama|Romance,1996
1544,"Lost World: Jurassic Park, The (1997)","Lost World: Jurassic Park, The",Action|Adventure|Sci-Fi|Thriller,1997
1545,Ponette (1996),Ponette,Drama,1996
1546,Schizopolis (1996),Schizopolis,Comedy,1996
1547,Shiloh (1997),Shiloh,Children|Drama,1997
1549,Rough Magic (1995),Rough Magic,Drama|Romance,1995
1550,Trial and Error (1997),Trial and Error,Comedy|Romance,1997
1551,Buddy (1997),Buddy,Adventure|Children|Drama,1997
1552,Con Air (1997),Con Air,Action|Adventure|Thriller,1997
1554,"Pillow Book, The (1996)","Pillow Book, The",Drama|Romance,1996
1556,Speed 2: Cruise Control (1997),Speed 2: Cruise Control,Action|Romance|Thriller,1997
1562,Batman & Robin (1997),Batman & Robin,Action|Adventure|Fantasy|Thriller,1997
1564,For Roseanna (Roseanna's Grave) (1997),For Roseanna (Roseanna's Grave),Comedy|Drama|Romance,1997
1565,Head Above Water (1996),Head Above Water,Comedy|Thriller,1996
1566,Hercules (1997),Hercules,Adventure|Animation|Children|Comedy|Musical,1997
1569,My Best Friend's Wedding (1997),My Best Friend's Wedding,Comedy|Romance,1997
1571,When the Cat's Away (Chacun cherche son chat) (1996),When the Cat's Away (Chacun cherche son chat),Comedy|Romance,1996
1572,"Contempt (Mépris, Le) (1963)","Contempt (Mépris, Le)",Drama,1963
1573,Face/Off (1997),Face/Off,Action|Crime|Drama|Thriller,1997
1574,Fall (1997),Fall,Romance,1997
1580,Men in Black (a.k.a. MIB) (1997),Men in Black (a.k.a. MIB),Action|Comedy|Sci-Fi,1997
1581,Out to Sea (1997),Out to Sea,Comedy,1997
1582,Wild America (1997),Wild America,Adventure|Children,1997
1583,"Simple Wish, A (1997)","Simple Wish, A",Children|Fantasy,1997
1584,Contact (1997),Contact,Drama|Sci-Fi,1997
1585,Love Serenade (1996),Love Serenade,Comedy,1996
1586,G.I. Jane (1997),G.I. Jane,Action|Drama,1997
1587,Conan the Barbarian (1982),Conan the Barbarian,Action|Adventure|Fantasy,1982
1588,George of the Jungle (1997),George of the Jungle,Children|Comedy,1997
1589,Cop Land (1997),Cop Land,Action|Crime|Drama|Thriller,1997
1590,Event Horizon (1997),Event Horizon,Horror|Sci-Fi|Thriller,1997
1591,Spawn (1997),Spawn,Action|Adventure|Sci-Fi|Thriller,1997
1592,Air Bud (1997),Air Bud,Children|Comedy,1997
1593,Picture Perfect (1997),Picture Perfect,Comedy|Romance,1997
1594,In the Company of Men (1997),In the Company of Men,Comedy|Drama,1997
1596,Career Girls (1997),Career Girls,Drama,1997
1597,Conspiracy Theory (1997),Conspiracy Theory,Drama|Mystery|Romance|Thriller,1997
1598,Desperate Measures (1998),Desperate Measures,Crime|Drama|Thriller,1998
1599,Steel (1997),Steel,Action,1997
1600,She's So Lovely (1997),She's So Lovely,Drama|Romance,1997
1601,Hoodlum (1997),Hoodlum,Crime|Drama|Film-Noir,1997
1602,Leave It to Beaver (1997),Leave It to Beaver,Comedy,1997
1603,Mimic (1997),Mimic,Horror|Sci-Fi|Thriller,1997
1604,Money Talks (1997),Money Talks,Action|Comedy,1997
1605,Excess Baggage (1997),Excess Baggage,Adventure|Romance,1997
1606,Kull the Conqueror (1997),Kull the Conqueror,Action|Adventure,1997
1608,Air Force One (1997),Air Force One,Action|Thriller,1997
1609,187 (One Eight Seven) (1997),187 (One Eight Seven),Drama|Thriller,1997
1610,"Hunt for Red October, The (1990)","Hunt for Red October, The",Action|Adventure|Thriller,1990
1611,My Own Private Idaho (1991),My Own Private Idaho,Drama|Romance,1991
1612,"Kiss Me, Guido (1997)","Kiss Me, Guido",Comedy,1997
1613,Star Maps (1997),Star Maps,Drama,1997
1614,In & Out (1997),In & Out,Comedy,1997
1615,"Edge, The (1997)","Edge, The",Adventure|Drama,1997
1616,"Peacemaker, The (1997)","Peacemaker, The",Action|Thriller|War,1997
1617,L.A. Confidential (1997),L.A. Confidential,Crime|Film-Noir|Mystery|Thriller,1997
1619,Seven Years in Tibet (1997),Seven Years in Tibet,Adventure|Drama|War,1997
1620,Kiss the Girls (1997),Kiss the Girls,Crime|Drama|Mystery|Thriller,1997
1621,Soul Food (1997),Soul Food,Drama,1997
1623,Wishmaster (1997),Wishmaster,Horror,1997
1624,"Thousand Acres, A (1997)","Thousand Acres, A",Drama,1997
1625,"Game, The (1997)","Game, The",Drama|Mystery|Thriller,1997
1626,Fire Down Below (1997),Fire Down Below,Action|Drama|Thriller,1997
1627,U Turn (1997),U Turn,Crime|Drama|Mystery,1997
1629,"MatchMaker, The (1997)","MatchMaker, The",Comedy|Romance,1997
1631,"Assignment, The (1997)","Assignment, The",Action|Thriller,1997
1633,Ulee's Gold (1997),Ulee's Gold,Drama,1997
1635,"Ice Storm, The (1997)","Ice Storm, The",Drama,1997
1639,Chasing Amy (1997),Chasing Amy,Comedy|Drama|Romance,1997
1641,"Full Monty, The (1997)","Full Monty, The",Comedy|Drama,1997
1642,Indian Summer (a.k.a. Alive & Kicking) (1996),Indian Summer (a.k.a. Alive & Kicking),Comedy|Drama,1996
1643,"Mrs. Brown (a.k.a. Her Majesty, Mrs. Brown) (1997)","Mrs. Brown (a.k.a. Her Majesty, Mrs. Brown)",Drama|Romance,1997
1644,I Know What You Did Last Summer (1997),I Know What You Did Last Summer,Horror|Mystery|Thriller,1997
1645,The Devil's Advocate (1997),The Devil's Advocate,Drama|Mystery|Thriller,1997
1646,RocketMan (a.k.a. Rocket Man) (1997),RocketMan (a.k.a. Rocket Man),Children|Comedy|Romance|Sci-Fi,1997
1647,Playing God (1997),Playing God,Crime|Drama|Thriller,1997
1648,"House of Yes, The (1997)","House of Yes, The",Comedy|Drama,1997
1649,"Fast, Cheap & Out of Control (1997)","Fast, Cheap & Out of Control",Documentary,1997
1650,Washington Square (1997),Washington Square,Drama,1997
1652,Year of the Horse (1997),Year of the Horse,Documentary,1997
1653,Gattaca (1997),Gattaca,Drama|Sci-Fi|Thriller,1997
1654,FairyTale: A True Story (1997),FairyTale: A True Story,Children|Drama|Fantasy,1997
1655,Phantoms (1998),Phantoms,Drama|Horror|Thriller,1998
1656,Swept from the Sea (1997),Swept from the Sea,Drama|Romance,1997
1658,"Life Less Ordinary, A (1997)","Life Less Ordinary, A",Romance|Thriller,1997
1659,Hurricane Streets (1997),Hurricane Streets,Drama,1997
1660,Eve's Bayou (1997),Eve's Bayou,Drama,1997
1661,Switchback (1997),Switchback,Crime|Mystery|Thriller,1997
1662,Gang Related (1997),Gang Related,Crime,1997
1663,Stripes (1981),Stripes,Comedy|War,1981
1665,Bean (1997),Bean,Comedy,1997
1667,Mad City (1997),Mad City,Action|Drama,1997
1670,Welcome to Sarajevo (1997),Welcome to Sarajevo,Drama|War,1997
1671,Deceiver (1997),Deceiver,Crime|Drama|Thriller,1997
1672,"Rainmaker, The (1997)","Rainmaker, The",Drama,1997
1673,Boogie Nights (1997),Boogie Nights,Drama,1997
1674,Witness (1985),Witness,Drama|Romance|Thriller,1985
1675,Incognito (1997),Incognito,Crime|Thriller,1997
1676,Starship Troopers (1997),Starship Troopers,Action|Sci-Fi,1997
1677,Critical Care (1997),Critical Care,Comedy|Drama,1997
1678,"Joy Luck Club, The (1993)","Joy Luck Club, The",Drama|Romance,1993
1679,Chairman of the Board (1998),Chairman of the Board,Comedy,1998
1680,Sliding Doors (1998),Sliding Doors,Drama|Romance,1998
1681,Mortal Kombat: Annihilation (1997),Mortal Kombat: Annihilation,Action|Adventure|Fantasy,1997
1682,"Truman Show, The (1998)","Truman Show, The",Comedy|Drama|Sci-Fi,1998
1683,"Wings of the Dove, The (1997)","Wings of the Dove, The",Drama|Romance,1997
1684,Mrs. Dalloway (1997),Mrs. Dalloway,Drama|Romance,1997
1685,"I Love You, I Love You Not (1996)","I Love You, I Love You Not",Drama|Romance,1996
1686,Red Corner (1997),Red Corner,Crime|Thriller,1997
1687,"Jackal, The (1997)","Jackal, The",Action|Thriller,1997
1688,Anastasia (1997),Anastasia,Adventure|Animation|Children|Drama|Musical,1997
1689,"Man Who Knew Too Little, The (1997)","Man Who Knew Too Little, The",Comedy|Crime|Thriller,1997
1690,Alien: Resurrection (1997),Alien: Resurrection,Action|Horror|Sci-Fi,1997
1693,Amistad (1997),Amistad,Drama|Mystery,1997
1694,"Apostle, The (1997)","Apostle, The",Drama,1997
1695,Artemisia (1997),Artemisia,Drama,1997
1696,Bent (1997),Bent,Drama|War,1997
1699,"Butcher Boy, The (1997)","Butcher Boy, The",Comedy|Drama,1997
1701,Deconstructing Harry (1997),Deconstructing Harry,Comedy|Drama,1997
1702,Flubber (1997),Flubber,Children|Comedy|Fantasy,1997
1703,For Richer or Poorer (1997),For Richer or Poorer,Comedy,1997
1704,Good Will Hunting (1997),Good Will Hunting,Drama|Romance,1997
1707,Home Alone 3 (1997),Home Alone 3,Children|Comedy,1997
1711,Midnight in the Garden of Good and Evil (1997),Midnight in the Garden of Good and Evil,Crime|Drama|Mystery,1997
1713,Mouse Hunt (1997),Mouse Hunt,Children|Comedy,1997
1717,Scream 2 (1997),Scream 2,Comedy|Horror|Mystery|Thriller,1997
1718,Stranger in the House (1997),Stranger in the House,Thriller,1997
1719,"Sweet Hereafter, The (1997)","Sweet Hereafter, The",Drama,1997
1721,Titanic (1997),Titanic,Drama|Romance,1997
1722,Tomorrow Never Dies (1997),Tomorrow Never Dies,Action|Adventure|Thriller,1997
1726,"Postman, The (1997)","Postman, The",Action|Adventure|Drama|Sci-Fi,1997
1727,"Horse Whisperer, The (1998)","Horse Whisperer, The",Drama|Romance,1998
1729,Jackie Brown (1997),Jackie Brown,Crime|Drama|Thriller,1997
1730,Kundun (1997),Kundun,Drama,1997
1731,Mr. Magoo (1997),Mr. Magoo,Comedy,1997
1732,"Big Lebowski, The (1998)","Big Lebowski, The",Comedy|Crime,1998
1733,Afterglow (1997),Afterglow,Drama|Romance,1997
1734,My Life in Pink (Ma vie en rose) (1997),My Life in Pink (Ma vie en rose),Comedy|Drama,1997
1735,Great Expectations (1998),Great Expectations,Drama|Romance,1998
1739,3 Ninjas: High Noon On Mega Mountain (1998),3 Ninjas: High Noon On Mega Mountain,Action|Children|Comedy,1998
1746,Senseless (1998),Senseless,Comedy,1998
1747,Wag the Dog (1997),Wag the Dog,Comedy,1997
1748,Dark City (1998),Dark City,Adventure|Film-Noir|Sci-Fi|Thriller,1998
1752,Hard Rain (1998),Hard Rain,Action|Crime|Thriller,1998
1753,Half Baked (1998),Half Baked,Comedy,1998
1754,Fallen (1998),Fallen,Crime|Drama|Fantasy|Thriller,1998
1755,Shooting Fish (1997),Shooting Fish,Comedy|Romance,1997
1757,Fallen Angels (Duo luo tian shi) (1995),Fallen Angels (Duo luo tian shi),Drama|Romance,1995
1759,"Four Days in September (O Que É Isso, Companheiro?) (1997)","Four Days in September (O Que É Isso, Companheiro?)",Drama,1997
1760,Spice World (1997),Spice World,Comedy,1997
1762,Deep Rising (1998),Deep Rising,Action|Horror|Sci-Fi,1998
1767,Music From Another Room (1998),Music From Another Room,Drama|Romance,1998
1769,"Replacement Killers, The (1998)","Replacement Killers, The",Action|Crime|Thriller,1998
1770,B. Monkey (1998),B. Monkey,Crime|Romance|Thriller,1998
1771,Night Flier (1997),Night Flier,Horror,1997
1772,Blues Brothers 2000 (1998),Blues Brothers 2000,Action|Comedy|Musical,1998
1777,"Wedding Singer, The (1998)","Wedding Singer, The",Comedy|Romance,1998
1779,Sphere (1998),Sphere,Sci-Fi|Thriller,1998
1783,Palmetto (1998),Palmetto,Crime|Drama|Mystery|Romance|Thriller,1998
1784,As Good as It Gets (1997),As Good as It Gets,Comedy|Drama|Romance,1997
1785,King of New York (1990),King of New York,Crime|Thriller,1990
1791,Twilight (1998),Twilight,Crime|Drama|Thriller,1998
1792,U.S. Marshals (1998),U.S. Marshals,Action|Crime|Thriller,1998
1793,Welcome to Woop-Woop (1997),Welcome to Woop-Woop,Comedy,1997
1794,Love and Death on Long Island (1997),Love and Death on Long Island,Comedy|Drama,1997
1797,Everest (1998),Everest,Documentary|IMAX,1998
1798,Hush (1998),Hush,Thriller,1998
1799,Suicide Kings (1997),Suicide Kings,Comedy|Crime|Drama|Mystery|Thriller,1997
1801,"Man in the Iron Mask, The (1998)","Man in the Iron Mask, The",Action|Adventure|Drama,1998
1804,"Newton Boys, The (1998)","Newton Boys, The",Crime|Drama,1998
1805,Wild Things (1998),Wild Things,Crime|Drama|Mystery|Thriller,1998
1806,Paulie (1998),Paulie,Adventure|Children|Comedy,1998
1807,"Cool, Dry Place, A (1998)","Cool, Dry Place, A",Drama,1998
1809,Fireworks (Hana-bi) (1997),Fireworks (Hana-bi),Crime|Drama,1997
1810,Primary Colors (1998),Primary Colors,Comedy|Drama,1998
1812,Wide Awake (1998),Wide Awake,Children|Comedy|Drama,1998
1816,Two Girls and a Guy (1997),Two Girls and a Guy,Comedy|Drama,1997
1821,"Object of My Affection, The (1998)","Object of My Affection, The",Comedy|Romance,1998
1824,Homegrown (1998),Homegrown,Comedy|Thriller,1998
1825,The Players Club (1998),The Players Club,Comedy|Drama,1998
1826,Barney's Great Adventure (1998),Barney's Great Adventure,Adventure|Children,1998
1827,"Big One, The (1997)","Big One, The",Comedy|Documentary,1997
1829,Chinese Box (1997),Chinese Box,Drama|Romance,1997
1831,Lost in Space (1998),Lost in Space,Action|Adventure|Sci-Fi,1998
1833,Mercury Rising (1998),Mercury Rising,Action|Drama|Thriller,1998
1834,"Spanish Prisoner, The (1997)","Spanish Prisoner, The",Crime|Drama|Mystery|Thriller,1997
1835,City of Angels (1998),City of Angels,Drama|Fantasy|Romance,1998
1836,"Last Days of Disco, The (1998)","Last Days of Disco, The",Comedy|Drama,1998
1837,"Odd Couple II, The (1998)","Odd Couple II, The",Comedy,1998
1839,My Giant (1998),My Giant,Comedy,1998
1840,He Got Game (1998),He Got Game,Drama,1998
1841,"Gingerbread Man, The (1998)","Gingerbread Man, The",Drama|Thriller,1998
1844,Live Flesh (Carne trémula) (1997),Live Flesh (Carne trémula),Drama|Romance,1997
1845,Zero Effect (1998),Zero Effect,Comedy|Mystery|Thriller,1998
1848,"Borrowers, The (1997)","Borrowers, The",Adventure|Children|Comedy|Fantasy,1997
1855,Krippendorf's Tribe (1998),Krippendorf's Tribe,Comedy,1998
1856,Kurt & Courtney (1998),Kurt & Courtney,Documentary,1998
1857,"Real Blonde, The (1997)","Real Blonde, The",Comedy,1997
1858,Mr. Nice Guy (Yat goh ho yan) (1997),Mr. Nice Guy (Yat goh ho yan),Action|Comedy,1997
1859,Taste of Cherry (Ta'm e guilass) (1997),Taste of Cherry (Ta'm e guilass),Drama,1997
1860,Character (Karakter) (1997),Character (Karakter),Drama,1997
1862,Species II (1998),Species II,Horror|Sci-Fi,1998
1863,Major League: Back to the Minors (1998),Major League: Back to the Minors,Comedy,1998
1866,"Big Hit, The (1998)","Big Hit, The",Action|Comedy|Crime,1998
1867,Tarzan and the Lost City (1998),Tarzan and the Lost City,Action|Adventure,1998
1870,"Dancer, Texas Pop. 81 (1998)","Dancer, Texas Pop. 81",Comedy|Drama,1998
1873,"Misérables, Les (1998)","Misérables, Les",Crime|Drama|Romance|War,1998
1875,Clockwatchers (1997),Clockwatchers,Comedy,1997
1876,Deep Impact (1998),Deep Impact,Drama|Sci-Fi|Thriller,1998
1881,Quest for Camelot (1998),Quest for Camelot,Adventure|Animation|Children|Fantasy|Musical,1998
1882,Godzilla (1998),Godzilla,Action|Sci-Fi|Thriller,1998
1883,Bulworth (1998),Bulworth,Comedy|Drama|Romance,1998
1884,Fear and Loathing in Las Vegas (1998),Fear and Loathing in Las Vegas,Adventure|Comedy|Drama,1998
1885,"Opposite of Sex, The (1998)","Opposite of Sex, The",Comedy|Drama|Romance,1998
1887,Almost Heroes (1998),Almost Heroes,Adventure|Comedy|Western,1998
1888,Hope Floats (1998),Hope Floats,Comedy|Drama|Romance,1998
1889,Insomnia (1997),Insomnia,Drama|Mystery|Thriller,1997
1891,"Ugly, The (1997)","Ugly, The",Horror|Thriller,1997
1892,"Perfect Murder, A (1998)","Perfect Murder, A",Thriller,1998
1893,Beyond Silence (Jenseits der Stille) (1996),Beyond Silence (Jenseits der Stille),Drama,1996
1894,Six Days Seven Nights (1998),Six Days Seven Nights,Adventure|Comedy|Romance,1998
1895,Can't Hardly Wait (1998),Can't Hardly Wait,Comedy|Drama|Romance,1998
1897,High Art (1998),High Art,Drama|Romance,1998
1900,"Children of Heaven, The (Bacheha-Ye Aseman) (1997)","Children of Heaven, The (Bacheha-Ye Aseman)",Comedy|Drama,1997
1902,Dream for an Insomniac (1996),Dream for an Insomniac,Drama|Romance,1996
1904,Henry Fool (1997),Henry Fool,Comedy|Drama,1997
1906,Mr. Jealousy (1997),Mr. Jealousy,Comedy|Romance,1997
1907,Mulan (1998),Mulan,Adventure|Animation|Children|Comedy|Drama|Musical|Romance,1998
1909,"X-Files: Fight the Future, The (1998)","X-Files: Fight the Future, The",Action|Crime|Mystery|Sci-Fi|Thriller,1998
1910,I Went Down (1997),I Went Down,Comedy|Crime|Drama,1997
1911,Dr. Dolittle (1998),Dr. Dolittle,Comedy,1998
1912,Out of Sight (1998),Out of Sight,Comedy|Crime|Drama|Romance|Thriller,1998
1913,Picnic at Hanging Rock (1975),Picnic at Hanging Rock,Drama|Mystery,1975
1914,Smoke Signals (1998),Smoke Signals,Comedy|Drama,1998
1916,Buffalo '66 (a.k.a. Buffalo 66) (1998),Buffalo '66 (a.k.a. Buffalo 66),Drama|Romance,1998
1917,Armageddon (1998),Armageddon,Action|Romance|Sci-Fi|Thriller,1998
1918,Lethal Weapon 4 (1998),Lethal Weapon 4,Action|Comedy|Crime|Thriller,1998
1919,Madeline (1998),Madeline,Children|Comedy,1998
1920,Small Soldiers (1998),Small Soldiers,Animation|Children|Fantasy|War,1998
1921,Pi (1998),Pi,Drama|Sci-Fi|Thriller,1998
1922,Whatever (1998),Whatever,Drama,1998
1923,There's Something About Mary (1998),There's Something About Mary,Comedy|Romance,1998
1924,Plan 9 from Outer Space (1959),Plan 9 from Outer Space,Horror|Sci-Fi,1959
1926,"Broadway Melody, The (1929)","Broadway Melody, The",Musical,1929
1927,All Quiet on the Western Front (1930),All Quiet on the Western Front,Action|Drama|War,1930
1928,Cimarron (1931),Cimarron,Drama|Western,1931
1929,Grand Hotel (1932),Grand Hotel,Drama|Romance,1932
1931,Mutiny on the Bounty (1935),Mutiny on the Bounty,Adventure|Drama,1935
1932,"Great Ziegfeld, The (1936)","Great Ziegfeld, The",Drama|Musical,1936
1933,"Life of Emile Zola, The (1937)","Life of Emile Zola, The",Drama,1937
1934,You Can't Take It with You (1938),You Can't Take It with You,Comedy|Romance,1938
1936,Mrs. Miniver (1942),Mrs. Miniver,Drama|War,1942
1937,Going My Way (1944),Going My Way,Comedy|Drama|Musical,1944
1938,"Lost Weekend, The (1945)","Lost Weekend, The",Drama,1945
1939,"Best Years of Our Lives, The (1946)","Best Years of Our Lives, The",Drama|War,1946
1940,Gentleman's Agreement (1947),Gentleman's Agreement,Drama,1947
1941,Hamlet (1948),Hamlet,Drama,1948
1942,All the King's Men (1949),All the King's Men,Drama,1949
1944,From Here to Eternity (1953),From Here to Eternity,Drama|Romance|War,1953
1945,On the Waterfront (1954),On the Waterfront,Crime|Drama,1954
1946,Marty (1955),Marty,Drama|Romance,1955
1947,West Side Story (1961),West Side Story,Drama|Musical|Romance,1961
1948,Tom Jones (1963),Tom Jones,Adventure|Comedy|Romance,1963
1949,"Man for All Seasons, A (1966)","Man for All Seasons, A",Drama,1966
1950,In the Heat of the Night (1967),In the Heat of the Night,Drama|Mystery,1967
1951,Oliver! (1968),Oliver!,Drama|Musical,1968
1952,Midnight Cowboy (1969),Midnight Cowboy,Drama,1969
1953,"French Connection, The (1971)","French Connection, The",Action|Crime|Thriller,1971
1954,Rocky (1976),Rocky,Drama,1976
1955,Kramer vs. Kramer (1979),Kramer vs. Kramer,Drama,1979
1956,Ordinary People (1980),Ordinary People,Drama,1980
1957,Chariots of Fire (1981),Chariots of Fire,Drama,1981
1958,Terms of Endearment (1983),Terms of Endearment,Comedy|Drama,1983
1959,Out of Africa (1985),Out of Africa,Drama|Romance,1985
1960,"Last Emperor, The (1987)","Last Emperor, The",Drama,1987
1961,Rain Man (1988),Rain Man,Drama,1988
1962,Driving Miss Daisy (1989),Driving Miss Daisy,Drama,1989
1963,Take the Money and Run (1969),Take the Money and Run,Comedy|Crime,1969
1964,Klute (1971),Klute,Drama|Mystery,1971
1965,Repo Man (1984),Repo Man,Comedy|Sci-Fi,1984
1966,Metropolitan (1990),Metropolitan,Comedy,1990
1967,Labyrinth (1986),Labyrinth,Adventure|Fantasy|Musical,1986
1968,"Breakfast Club, The (1985)","Breakfast Club, The",Comedy|Drama,1985
1969,"Nightmare on Elm Street 2: Freddy's Revenge, A (1985)","Nightmare on Elm Street 2: Freddy's Revenge, A",Horror,1985
1970,"Nightmare on Elm Street 3: Dream Warriors, A (1987)","Nightmare on Elm Street 3: Dream Warriors, A",Horror|Thriller,1987
1971,"Nightmare on Elm Street 4: The Dream Master, A (1988)","Nightmare on Elm Street 4: The Dream Master, A",Horror|Thriller,1988
1972,"Nightmare on Elm Street 5: The Dream Child, A (1989)","Nightmare on Elm Street 5: The Dream Child, A",Horror,1989
1973,"Freddy's Dead: The Final Nightmare (Nightmare on Elm Street Part 6: Freddy's Dead, A) (1991)","Freddy's Dead: The Final Nightmare (Nightmare on Elm Street Part 6: Freddy's Dead, A)",Horror,1991
1974,Friday the 13th (1980),Friday the 13th,Horror|Mystery|Thriller,1980
1975,Friday the 13th Part 2 (1981),Friday the 13th Part 2,Horror,1981
1976,Friday the 13th Part 3: 3D (1982),Friday the 13th Part 3: 3D,Horror,1982
1977,Friday the 13th Part IV: The Final Chapter (1984),Friday the 13th Part IV: The Final Chapter,Horror,1984
1978,Friday the 13th Part V: A New Beginning (1985),Friday the 13th Part V: A New Beginning,Horror,1985
1979,Friday the 13th Part VI: Jason Lives (1986),Friday the 13th Part VI: Jason Lives,Horror,1986
1980,Friday the 13th Part VII: The New Blood (1988),Friday the 13th Part VII: The New Blood,Horror,1988
1981,Friday the 13th Part VIII: Jason Takes Manhattan (1989),Friday the 13th Part VIII: Jason Takes Manhattan,Horror,1989
1982,Halloween (1978),Halloween,Horror,1978
1983,Halloween II (1981),Halloween II,Horror,1981
1984,Halloween III: Season of the Witch (1982),Halloween III: Season of the Witch,Horror,1982
1985,Halloween 4: The Return of Michael Myers (1988),Halloween 4: The Return of Michael Myers,Horror,1988
1986,Halloween 5: The Revenge of Michael Myers (1989),Halloween 5: The Revenge of Michael Myers,Horror,1989
1987,Prom Night (1980),Prom Night,Horror,1980
1990,Prom Night IV: Deliver Us From Evil (1992),Prom Night IV: Deliver Us From Evil,Horror,1992
1991,Child's Play (1988),Child's Play,Horror|Thriller,1988
1992,Child's Play 2 (1990),Child's Play 2,Horror|Thriller,1990
1993,Child's Play 3 (1991),Child's Play 3,Comedy|Horror|Thriller,1991
1994,Poltergeist (1982),Poltergeist,Horror|Thriller,1982
1995,Poltergeist II: The Other Side (1986),Poltergeist II: The Other Side,Horror|Thriller,1986
1996,Poltergeist III (1988),Poltergeist III,Horror|Thriller,1988
1997,"Exorcist, The (1973)","Exorcist, The",Horror|Mystery,1973
1998,Exorcist II: The Heretic (1977),Exorcist II: The Heretic,Horror,1977
1999,"Exorcist III, The (1990)","Exorcist III, The",Horror,1990
2000,Lethal Weapon (1987),Lethal Weapon,Action|Comedy|Crime|Drama,1987
2001,Lethal Weapon 2 (1989),Lethal Weapon 2,Action|Comedy|Crime|Drama,1989
2002,Lethal Weapon 3 (1992),Lethal Weapon 3,Action|Comedy|Crime|Drama,1992
2003,Gremlins (1984),Gremlins,Comedy|Horror,1984
2004,Gremlins 2: The New Batch (1990),Gremlins 2: The New Batch,Comedy|Horror,1990
2005,"Goonies, The (1985)","Goonies, The",Action|Adventure|Children|Comedy|Fantasy,1985
2006,"Mask of Zorro, The (1998)","Mask of Zorro, The",Action|Comedy|Romance,1998
2007,Polish Wedding (1998),Polish Wedding,Comedy,1998
2008,"This World, Then the Fireworks (1997)","This World, Then the Fireworks",Crime|Drama|Film-Noir,1997
2009,Soylent Green (1973),Soylent Green,Drama|Mystery|Sci-Fi|Thriller,1973
2010,Metropolis (1927),Metropolis,Drama|Sci-Fi,1927
2011,Back to the Future Part II (1989),Back to the Future Part II,Adventure|Comedy|Sci-Fi,1989
2012,Back to the Future Part III (1990),Back to the Future Part III,Adventure|Comedy|Sci-Fi|Western,1990
2013,"Poseidon Adventure, The (1972)","Poseidon Adventure, The",Action|Adventure|Drama,1972
2014,Freaky Friday (1977),Freaky Friday,Children|Comedy|Fantasy,1977
2015,"Absent-Minded Professor, The (1961)","Absent-Minded Professor, The",Children|Comedy|Fantasy,1961
2016,"Apple Dumpling Gang Rides Again, The (1979)","Apple Dumpling Gang Rides Again, The",Children|Comedy|Western,1979
2017,Babes in Toyland (1961),Babes in Toyland,Children|Fantasy|Musical,1961
2018,Bambi (1942),Bambi,Animation|Children|Drama,1942
2019,Seven Samurai (Shichinin no samurai) (1954),Seven Samurai (Shichinin no samurai),Action|Adventure|Drama,1954
2020,Dangerous Liaisons (1988),Dangerous Liaisons,Drama|Romance,1988
2021,Dune (1984),Dune,Adventure|Sci-Fi,1984
2022,"Last Temptation of Christ, The (1988)","Last Temptation of Christ, The",Drama,1988
2023,"Godfather: Part III, The (1990)","Godfather: Part III, The",Crime|Drama|Mystery|Thriller,1990
2024,"Rapture, The (1991)","Rapture, The",Drama|Mystery,1991
2025,Lolita (1997),Lolita,Drama|Romance,1997
2026,Disturbing Behavior (1998),Disturbing Behavior,Horror|Thriller,1998
2027,Jane Austen's Mafia! (1998),Jane Austen's Mafia!,Comedy|Crime,1998
2028,Saving Private Ryan (1998),Saving Private Ryan,Action|Drama|War,1998
2032,"Barefoot Executive, The (1971)","Barefoot Executive, The",Children|Comedy,1971
2033,"Black Cauldron, The (1985)","Black Cauldron, The",Adventure|Animation|Children|Fantasy,1985
2034,"Black Hole, The (1979)","Black Hole, The",Children|Sci-Fi,1979
2035,Blackbeard's Ghost (1968),Blackbeard's Ghost,Children|Comedy,1968
2036,Blank Check (1994),Blank Check,Children|Comedy,1994
2037,Candleshoe (1977),Candleshoe,Adventure|Children|Comedy,1977
2038,"Cat from Outer Space, The (1978)","Cat from Outer Space, The",Children|Comedy|Sci-Fi,1978
2040,"Computer Wore Tennis Shoes, The (1969)","Computer Wore Tennis Shoes, The",Children|Comedy,1969
2041,Condorman (1981),Condorman,Action|Adventure|Children|Comedy,1981
2042,D2: The Mighty Ducks (1994),D2: The Mighty Ducks,Children|Comedy,1994
2043,Darby O'Gill and the Little People (1959),Darby O'Gill and the Little People,Adventure|Children|Fantasy,1959
2044,"Devil and Max Devlin, The (1981)","Devil and Max Devlin, The",Comedy|Fantasy,1981
2046,Flight of the Navigator (1986),Flight of the Navigator,Adventure|Children|Sci-Fi,1986
2048,"Great Mouse Detective, The (1986)","Great Mouse Detective, The",Action|Animation|Children|Crime,1986
2050,Herbie Goes Bananas (1980),Herbie Goes Bananas,Adventure|Children|Comedy,1980
2051,Herbie Goes to Monte Carlo (1977),Herbie Goes to Monte Carlo,Adventure|Children|Comedy,1977
2052,Hocus Pocus (1993),Hocus Pocus,Children|Comedy|Fantasy|Horror,1993
2053,"Honey, I Blew Up the Kid (1992)","Honey, I Blew Up the Kid",Children|Comedy|Sci-Fi,1992
2054,"Honey, I Shrunk the Kids (1989)","Honey, I Shrunk the Kids",Adventure|Children|Comedy|Fantasy|Sci-Fi,1989
2055,Hot Lead and Cold Feet (1978),Hot Lead and Cold Feet,Action|Comedy|Western,1978
2056,In Search of the Castaways (1962),In Search of the Castaways,Adventure|Children,1962
2057,"Incredible Journey, The (1963)","Incredible Journey, The",Adventure|Children,1963
2058,"Negotiator, The (1998)","Negotiator, The",Action|Crime|Drama|Mystery|Thriller,1998
2059,"Parent Trap, The (1998)","Parent Trap, The",Children|Comedy|Romance,1998
2060,BASEketball (1998),BASEketball,Comedy,1998
2064,Roger & Me (1989),Roger & Me,Documentary,1989
2065,"Purple Rose of Cairo, The (1985)","Purple Rose of Cairo, The",Comedy|Drama|Fantasy|Romance,1985
2066,Out of the Past (1947),Out of the Past,Film-Noir,1947
2067,Doctor Zhivago (1965),Doctor Zhivago,Drama|Romance|War,1965
2068,Fanny and Alexander (Fanny och Alexander) (1982),Fanny and Alexander (Fanny och Alexander),Drama|Fantasy|Mystery,1982
2069,"Trip to Bountiful, The (1985)","Trip to Bountiful, The",Drama,1985
2070,Tender Mercies (1983),Tender Mercies,Drama|Romance|Western,1983
2071,And the Band Played On (1993),And the Band Played On,Drama,1993
2072,"'burbs, The (1989)","'burbs, The",Comedy,1989
2073,Fandango (1985),Fandango,Comedy,1985
2074,"Night Porter, The (Portiere di notte, Il) (1974)","Night Porter, The (Portiere di notte, Il)",Crime|Drama|Romance,1974
2075,Mephisto (1981),Mephisto,Drama|War,1981
2076,Blue Velvet (1986),Blue Velvet,Drama|Mystery|Thriller,1986
2077,"Journey of Natty Gann, The (1985)","Journey of Natty Gann, The",Adventure|Children,1985
2078,"Jungle Book, The (1967)","Jungle Book, The",Animation|Children|Comedy|Musical,1967
2080,Lady and the Tramp (1955),Lady and the Tramp,Animation|Children|Comedy|Romance,1955
2081,"Little Mermaid, The (1989)","Little Mermaid, The",Animation|Children|Comedy|Musical|Romance,1989
2082,"Mighty Ducks, The (1992)","Mighty Ducks, The",Children|Comedy,1992
2083,"Muppet Christmas Carol, The (1992)","Muppet Christmas Carol, The",Children|Comedy|Musical,1992
2084,Newsies (1992),Newsies,Children|Musical,1992
2085,101 Dalmatians (One Hundred and One Dalmatians) (1961),101 Dalmatians (One Hundred and One Dalmatians),Adventure|Animation|Children,1961
2087,Peter Pan (1953),Peter Pan,Animation|Children|Fantasy|Musical,1953
2088,Popeye (1980),Popeye,Adventure|Comedy|Musical,1980
2089,"Rescuers Down Under, The (1990)","Rescuers Down Under, The",Adventure|Animation|Children,1990
2090,"Rescuers, The (1977)","Rescuers, The",Adventure|Animation|Children|Crime|Drama,1977
2091,Return from Witch Mountain (1978),Return from Witch Mountain,Children|Sci-Fi,1978
2092,"Return of Jafar, The (1994)","Return of Jafar, The",Adventure|Animation|Children|Fantasy|Musical|Romance,1994
2093,Return to Oz (1985),Return to Oz,Adventure|Children|Fantasy,1985
2094,"Rocketeer, The (1991)","Rocketeer, The",Action|Adventure|Sci-Fi,1991
2095,"Shaggy D.A., The (1976)","Shaggy D.A., The",Children|Comedy,1976
2096,Sleeping Beauty (1959),Sleeping Beauty,Animation|Children|Musical,1959
2097,Something Wicked This Way Comes (1983),Something Wicked This Way Comes,Children|Drama|Fantasy|Mystery|Thriller,1983
2098,Son of Flubber (1963),Son of Flubber,Children|Comedy,1963
2099,Song of the South (1946),Song of the South,Adventure|Animation|Children|Musical,1946
2100,Splash (1984),Splash,Comedy|Fantasy|Romance,1984
2102,Steamboat Willie (1928),Steamboat Willie,Animation|Children|Comedy|Musical,1928
2103,Tall Tale (1995),Tall Tale,Adventure|Children|Fantasy|Western,1995
2104,Tex (1982),Tex,Drama,1982
2105,Tron (1982),Tron,Action|Adventure|Sci-Fi,1982
2106,Swing Kids (1993),Swing Kids,Drama|War,1993
2107,Halloween H20: 20 Years Later (Halloween 7: The Revenge of Laurie Strode) (1998),Halloween H20: 20 Years Later (Halloween 7: The Revenge of Laurie Strode),Horror|Thriller,1998
2108,L.A. Story (1991),L.A. Story,Comedy|Romance,1991
2109,"Jerk, The (1979)","Jerk, The",Comedy,1979
2110,Dead Men Don't Wear Plaid (1982),Dead Men Don't Wear Plaid,Comedy|Crime|Thriller,1982
2111,"Man with Two Brains, The (1983)","Man with Two Brains, The",Comedy,1983
2112,Grand Canyon (1991),Grand Canyon,Crime|Drama,1991
2114,"Outsiders, The (1983)","Outsiders, The",Drama,1983
2115,Indiana Jones and the Temple of Doom (1984),Indiana Jones and the Temple of Doom,Action|Adventure|Fantasy,1984
2116,"Lord of the Rings, The (1978)","Lord of the Rings, The",Adventure|Animation|Children|Fantasy,1978
2117,1984 (Nineteen Eighty-Four) (1984),1984 (Nineteen Eighty-Four),Drama|Sci-Fi,1984
2118,"Dead Zone, The (1983)","Dead Zone, The",Thriller,1983
2119,Maximum Overdrive (1986),Maximum Overdrive,Horror,1986
2120,Needful Things (1993),Needful Things,Drama|Horror,1993
2121,Cujo (1983),Cujo,Horror|Thriller,1983
2122,Children of the Corn (1984),Children of the Corn,Horror|Thriller,1984
2123,All Dogs Go to Heaven (1989),All Dogs Go to Heaven,Animation|Children|Comedy|Drama|Fantasy,1989
2124,"Addams Family, The (1991)","Addams Family, The",Children|Comedy|Fantasy,1991
2125,Ever After: A Cinderella Story (1998),Ever After: A Cinderella Story,Comedy|Drama|Romance,1998
2126,Snake Eyes (1998),Snake Eyes,Action|Crime|Mystery|Thriller,1998
2130,Atlantic City (1980),Atlantic City,Crime|Drama|Romance,1980
2131,Autumn Sonata (Höstsonaten) (1978),Autumn Sonata (Höstsonaten),Drama,1978
2132,Who's Afraid of Virginia Woolf? (1966),Who's Afraid of Virginia Woolf?,Drama,1966
2133,Adventures in Babysitting (1987),Adventures in Babysitting,Adventure|Comedy,1987
2134,Weird Science (1985),Weird Science,Comedy|Fantasy|Sci-Fi,1985
2135,Doctor Dolittle (1967),Doctor Dolittle,Adventure|Children|Musical,1967
2136,"Nutty Professor, The (1963)","Nutty Professor, The",Comedy|Sci-Fi,1963
2137,Charlotte's Web (1973),Charlotte's Web,Animation|Children,1973
2138,Watership Down (1978),Watership Down,Adventure|Animation|Children|Drama|Fantasy,1978
2139,"Secret of NIMH, The (1982)","Secret of NIMH, The",Adventure|Animation|Children|Drama,1982
2140,"Dark Crystal, The (1982)","Dark Crystal, The",Adventure|Fantasy,1982
2141,"American Tail, An (1986)","American Tail, An",Adventure|Animation|Children|Comedy,1986
2142,"American Tail: Fievel Goes West, An (1991)","American Tail: Fievel Goes West, An",Adventure|Animation|Children|Musical|Western,1991
2143,Legend (1985),Legend,Adventure|Fantasy|Romance,1985
2144,Sixteen Candles (1984),Sixteen Candles,Comedy|Romance,1984
2145,Pretty in Pink (1986),Pretty in Pink,Comedy|Drama|Romance,1986
2146,St. Elmo's Fire (1985),St. Elmo's Fire,Drama|Romance,1985
2147,"Clan of the Cave Bear, The (1986)","Clan of the Cave Bear, The",Adventure|Drama|Fantasy,1986
2148,House (1986),House,Comedy|Fantasy|Horror,1986
2149,House II: The Second Story (1987),House II: The Second Story,Comedy|Fantasy|Horror,1987
2150,"Gods Must Be Crazy, The (1980)","Gods Must Be Crazy, The",Adventure|Comedy,1980
2151,"Gods Must Be Crazy II, The (1989)","Gods Must Be Crazy II, The",Comedy,1989
2152,Air Bud: Golden Receiver (1998),Air Bud: Golden Receiver,Children|Comedy,1998
2153,"Avengers, The (1998)","Avengers, The",Action|Adventure,1998
2154,How Stella Got Her Groove Back (1998),How Stella Got Her Groove Back,Drama|Romance,1998
2155,"Slums of Beverly Hills, The (1998)","Slums of Beverly Hills, The",Comedy|Drama,1998
2156,"Best Man, The (Testimone dello sposo, Il) (1998)","Best Man, The (Testimone dello sposo, Il)",Comedy|Drama|Romance,1998
2159,Henry: Portrait of a Serial Killer (1986),Henry: Portrait of a Serial Killer,Crime|Horror|Thriller,1986
2160,Rosemary's Baby (1968),Rosemary's Baby,Drama|Horror|Thriller,1968
2161,"NeverEnding Story, The (1984)","NeverEnding Story, The",Adventure|Children|Fantasy,1984
2162,"NeverEnding Story II: The Next Chapter, The (1990)","NeverEnding Story II: The Next Chapter, The",Adventure|Children|Fantasy,1990
2163,Attack of the Killer Tomatoes! (1978),Attack of the Killer Tomatoes!,Comedy|Horror,1978
2164,Surf Nazis Must Die (1987),Surf Nazis Must Die,Action|Comedy|Drama|Horror,1987
2165,Your Friends and Neighbors (1998),Your Friends and Neighbors,Comedy|Drama,1998
2166,Return to Paradise (1998),Return to Paradise,Crime|Drama|Romance|Thriller,1998
2167,Blade (1998),Blade,Action|Horror|Thriller,1998
2169,Dead Man on Campus (1998),Dead Man on Campus,Comedy,1998
2170,Wrongfully Accused (1998),Wrongfully Accused,Action|Comedy,1998
2171,Next Stop Wonderland (1998),Next Stop Wonderland,Comedy|Drama|Romance,1998
2172,"Strike! (a.k.a. All I Wanna Do, The Hairy Bird) (1998)","Strike! (a.k.a. All I Wanna Do, The Hairy Bird)",Comedy|Drama,1998
2174,Beetlejuice (1988),Beetlejuice,Comedy|Fantasy,1988
2175,Déjà Vu (1997),Déjà Vu,Drama|Romance,1997
2176,Rope (1948),Rope,Crime|Drama|Thriller,1948
2177,Family Plot (1976),Family Plot,Comedy|Thriller,1976
2178,Frenzy (1972),Frenzy,Thriller,1972
2179,Topaz (1969),Topaz,Thriller,1969
2180,Torn Curtain (1966),Torn Curtain,Thriller,1966
2181,Marnie (1964),Marnie,Drama|Mystery|Romance|Thriller,1964
2182,"Wrong Man, The (1956)","Wrong Man, The",Drama|Film-Noir|Thriller,1956
2183,"Man Who Knew Too Much, The (1956)","Man Who Knew Too Much, The",Adventure|Drama|Mystery|Thriller,1956
2184,"Trouble with Harry, The (1955)","Trouble with Harry, The",Comedy|Mystery,1955
2185,I Confess (1953),I Confess,Thriller,1953
2186,Strangers on a Train (1951),Strangers on a Train,Crime|Drama|Film-Noir|Thriller,1951
2187,Stage Fright (1950),Stage Fright,Mystery|Romance|Thriller,1950
2188,54 (1998),54,Drama,1998
2190,Why Do Fools Fall In Love? (1998),Why Do Fools Fall In Love?,Drama,1998
2193,Willow (1988),Willow,Action|Adventure|Fantasy,1988
2194,"Untouchables, The (1987)","Untouchables, The",Action|Crime|Drama,1987
2195,Dirty Work (1998),Dirty Work,Comedy,1998
2196,Knock Off (1998),Knock Off,Action,1998
2201,"Paradine Case, The (1947)","Paradine Case, The",Drama,1947
2202,Lifeboat (1944),Lifeboat,Drama|War,1944
2203,Shadow of a Doubt (1943),Shadow of a Doubt,Crime|Drama|Thriller,1943
2204,Saboteur (1942),Saboteur,Mystery|Thriller,1942
2205,Mr. & Mrs. Smith (1941),Mr. & Mrs. Smith,Comedy|Romance,1941
2206,Suspicion (1941),Suspicion,Film-Noir|Mystery|Thriller,1941
2207,Jamaica Inn (1939),Jamaica Inn,Drama,1939
2208,"Lady Vanishes, The (1938)","Lady Vanishes, The",Drama|Mystery|Thriller,1938
2210,Sabotage (1936),Sabotage,Thriller,1936
2211,Secret Agent (1936),Secret Agent,Thriller,1936
2212,"Man Who Knew Too Much, The (1934)","Man Who Knew Too Much, The",Drama|Thriller,1934
2226,"Ring, The (1927)","Ring, The",Drama,1927
2227,"Lodger: A Story of the London Fog, The (1927)","Lodger: A Story of the London Fog, The",Crime|Drama|Thriller,1927
2231,Rounders (1998),Rounders,Drama,1998
2232,Cube (1997),Cube,Horror|Mystery|Sci-Fi|Thriller,1997
2236,Simon Birch (1998),Simon Birch,Drama,1998
2239,Swept Away (Travolti da un insolito destino nell'azzurro mare d'Agosto) (1975),Swept Away (Travolti da un insolito destino nell'azzurro mare d'Agosto),Comedy|Drama,1975
2240,My Bodyguard (1980),My Bodyguard,Drama,1980
2241,Class (1983),Class,Comedy,1983
2243,Broadcast News (1987),Broadcast News,Comedy|Drama|Romance,1987
2244,"Allnighter, The (1987)","Allnighter, The",Comedy|Romance,1987
2245,Working Girl (1988),Working Girl,Comedy|Drama|Romance,1988
2247,Married to the Mob (1988),Married to the Mob,Comedy,1988
2248,Say Anything... (1989),Say Anything...,Comedy|Drama|Romance,1989
2249,My Blue Heaven (1990),My Blue Heaven,Comedy,1990
2252,Hero (1992),Hero,Comedy|Drama,1992
2253,Toys (1992),Toys,Comedy|Fantasy,1992
2255,Young Doctors in Love (1982),Young Doctors in Love,Comedy,1982
2256,Parasite (1982),Parasite,Horror|Sci-Fi,1982
2257,No Small Affair (1984),No Small Affair,Comedy|Romance,1984
2259,Blame It on Rio (1984),Blame It on Rio,Comedy|Romance,1984
2260,Wisdom (1986),Wisdom,Crime|Drama,1986
2261,One Crazy Summer (1986),One Crazy Summer,Comedy,1986
2262,About Last Night... (1986),About Last Night...,Comedy|Drama|Romance,1986
2263,"Seventh Sign, The (1988)","Seventh Sign, The",Drama|Fantasy|Thriller,1988
2264,We're No Angels (1989),We're No Angels,Comedy|Crime,1989
2265,Nothing But Trouble (1991),Nothing But Trouble,Adventure|Comedy,1991
2266,"Butcher's Wife, The (1991)","Butcher's Wife, The",Comedy|Romance,1991
2267,Mortal Thoughts (1991),Mortal Thoughts,Mystery|Thriller,1991
2268,"Few Good Men, A (1992)","Few Good Men, A",Crime|Drama|Thriller,1992
2269,Indecent Proposal (1993),Indecent Proposal,Drama|Romance,1993
2271,Permanent Midnight (1998),Permanent Midnight,Drama,1998
2272,One True Thing (1998),One True Thing,Drama,1998
2273,Rush Hour (1998),Rush Hour,Action|Comedy|Crime|Thriller,1998
2275,Six-String Samurai (1998),Six-String Samurai,Action|Adventure|Sci-Fi,1998
2278,Ronin (1998),Ronin,Action|Crime|Thriller,1998
2279,Urban Legend (1998),Urban Legend,Horror|Thriller,1998
2280,Clay Pigeons (1998),Clay Pigeons,Crime,1998
2281,Monument Ave. (1998),Monument Ave.,Action|Crime|Drama,1998
2282,Pecker (1998),Pecker,Comedy|Drama,1998
2283,"Sheltering Sky, The (1990)","Sheltering Sky, The",Drama,1990
2286,"Fiendish Plot of Dr. Fu Manchu, The (1980)","Fiendish Plot of Dr. Fu Manchu, The",Comedy,1980
2287,Them! (1954),Them!,Horror|Sci-Fi|Thriller,1954
2288,"Thing, The (1982)","Thing, The",Action|Horror|Sci-Fi|Thriller,1982
2289,"Player, The (1992)","Player, The",Comedy|Crime|Drama,1992
2290,Stardust Memories (1980),Stardust Memories,Comedy|Drama,1980
2291,Edward Scissorhands (1990),Edward Scissorhands,Drama|Fantasy|Romance,1990
2292,Overnight Delivery (1998),Overnight Delivery,Comedy|Romance,1998
2294,Antz (1998),Antz,Adventure|Animation|Children|Comedy|Fantasy,1998
2295,"Impostors, The (1998)","Impostors, The",Comedy,1998
2296,"Night at the Roxbury, A (1998)","Night at the Roxbury, A",Comedy,1998
2297,What Dreams May Come (1998),What Dreams May Come,Adventure|Drama|Fantasy|Romance,1998
2298,Strangeland (1998),Strangeland,Thriller,1998
2300,"Producers, The (1968)","Producers, The",Comedy,1968
2301,History of the World: Part I (1981),History of the World: Part I,Comedy|Musical,1981
2302,My Cousin Vinny (1992),My Cousin Vinny,Comedy,1992
2303,Nashville (1975),Nashville,Drama|Musical,1975
2304,Love Is the Devil (1998),Love Is the Devil,Drama,1998
2306,Holy Man (1998),Holy Man,Comedy,1998
2307,One Tough Cop (1998),One Tough Cop,Action|Crime,1998
2310,"Mighty, The (1998)","Mighty, The",Drama,1998
2311,2010: The Year We Make Contact (1984),2010: The Year We Make Contact,Sci-Fi,1984
2312,Children of a Lesser God (1986),Children of a Lesser God,Drama,1986
2313,"Elephant Man, The (1980)","Elephant Man, The",Drama,1980
2314,Beloved (1998),Beloved,Drama,1998
2315,Bride of Chucky (Child's Play 4) (1998),Bride of Chucky (Child's Play 4),Comedy|Horror|Thriller,1998
2316,Practical Magic (1998),Practical Magic,Drama|Fantasy|Mystery|Romance,1998
2318,Happiness (1998),Happiness,Comedy|Drama,1998
2320,Apt Pupil (1998),Apt Pupil,Drama|Thriller,1998
2321,Pleasantville (1998),Pleasantville,Comedy|Drama|Fantasy,1998
2322,Soldier (1998),Soldier,Action|Sci-Fi|War,1998
2323,"Cruise, The (1998)","Cruise, The",Documentary,1998
2324,Life Is Beautiful (La Vita è bella) (1997),Life Is Beautiful (La Vita è bella),Comedy|Drama|Romance|War,1997
2325,Orgazmo (1997),Orgazmo,Comedy,1997
2327,Tales from the Darkside: The Movie (1990),Tales from the Darkside: The Movie,Fantasy|Horror|Thriller,1990
2328,Vampires (1998),Vampires,Horror|Western,1998
2329,American History X (1998),American History X,Crime|Drama,1998
2330,Hands on a Hard Body (1996),Hands on a Hard Body,Comedy|Documentary,1996
2331,Living Out Loud (1998),Living Out Loud,Comedy|Drama|Romance,1998
2332,Belly (1998),Belly,Crime|Drama,1998
2333,Gods and Monsters (1998),Gods and Monsters,Drama,1998
2334,"Siege, The (1998)","Siege, The",Action|Thriller,1998
2335,"Waterboy, The (1998)","Waterboy, The",Comedy,1998
2336,Elizabeth (1998),Elizabeth,Drama,1998
2337,Velvet Goldmine (1998),Velvet Goldmine,Drama,1998
2338,I Still Know What You Did Last Summer (1998),I Still Know What You Did Last Summer,Horror|Mystery|Thriller,1998
2339,I'll Be Home For Christmas (1998),I'll Be Home For Christmas,Comedy|Romance,1998
2340,Meet Joe Black (1998),Meet Joe Black,Romance,1998
2342,Hard Core Logo (1996),Hard Core Logo,Comedy|Drama,1996
2344,Runaway Train (1985),Runaway Train,Action|Adventure|Drama|Thriller,1985
2346,"Stepford Wives, The (1975)","Stepford Wives, The",Mystery|Sci-Fi|Thriller,1975
2347,"Pope of Greenwich Village, The (1984)","Pope of Greenwich Village, The",Drama,1984
2348,Sid and Nancy (1986),Sid and Nancy,Drama,1986
2349,Mona Lisa (1986),Mona Lisa,Comedy|Thriller,1986
2350,Heart Condition (1990),Heart Condition,Comedy,1990
2351,"Nights of Cabiria (Notti di Cabiria, Le) (1957)","Nights of Cabiria (Notti di Cabiria, Le)",Drama,1957
2352,"Big Chill, The (1983)","Big Chill, The",Comedy|Drama,1983
2353,Enemy of the State (1998),Enemy of the State,Action|Thriller,1998
2354,"Rugrats Movie, The (1998)","Rugrats Movie, The",Animation|Children|Comedy,1998
2355,"Bug's Life, A (1998)","Bug's Life, A",Adventure|Animation|Children|Comedy,1998
2356,Celebrity (1998),Celebrity,Comedy,1998
2357,Central Station (Central do Brasil) (1998),Central Station (Central do Brasil),Drama,1998
2358,Savior (1998),Savior,Drama|War,1998
2359,Waking Ned Devine (a.k.a. Waking Ned) (1998),Waking Ned Devine (a.k.a. Waking Ned),Comedy,1998
2360,"Celebration, The (Festen) (1998)","Celebration, The (Festen)",Drama,1998
2361,Pink Flamingos (1972),Pink Flamingos,Comedy,1972
2362,Glen or Glenda (1953),Glen or Glenda,Drama,1953
2363,Godzilla (Gojira) (1954),Godzilla (Gojira),Drama|Horror|Sci-Fi,1954
2364,"Godzilla 1985: The Legend Is Reborn (Gojira) (Godzilla) (Return of Godzilla, The) (1984)","Godzilla 1985: The Legend Is Reborn (Gojira) (Godzilla) (Return of Godzilla, The)",Action|Horror|Sci-Fi|Thriller,1984
2365,King Kong vs. Godzilla (Kingukongu tai Gojira) (1962),King Kong vs. Godzilla (Kingukongu tai Gojira),Action|Sci-Fi,1962
2366,King Kong (1933),King Kong,Action|Adventure|Fantasy|Horror,1933
2367,King Kong (1976),King Kong,Adventure|Fantasy|Romance|Sci-Fi|Thriller,1976
2368,King Kong Lives (1986),King Kong Lives,Adventure|Sci-Fi,1986
2369,Desperately Seeking Susan (1985),Desperately Seeking Susan,Comedy|Drama|Romance,1985
2370,"Emerald Forest, The (1985)","Emerald Forest, The",Action|Adventure|Drama,1985
2371,Fletch (1985),Fletch,Comedy|Crime|Mystery,1985
2372,Fletch Lives (1989),Fletch Lives,Comedy,1989
2373,Red Sonja (1985),Red Sonja,Action|Adventure|Fantasy,1985
2374,Gung Ho (1986),Gung Ho,Comedy|Drama,1986
2375,"Money Pit, The (1986)","Money Pit, The",Comedy,1986
2376,"View to a Kill, A (1985)","View to a Kill, A",Action|Adventure|Thriller,1985
2377,Lifeforce (1985),Lifeforce,Horror|Sci-Fi,1985
2378,Police Academy (1984),Police Academy,Comedy|Crime,1984
2379,Police Academy 2: Their First Assignment (1985),Police Academy 2: Their First Assignment,Comedy|Crime,1985
2380,Police Academy 3: Back in Training (1986),Police Academy 3: Back in Training,Comedy|Crime,1986
2381,Police Academy 4: Citizens on Patrol (1987),Police Academy 4: Citizens on Patrol,Comedy|Crime,1987
2382,Police Academy 5: Assignment: Miami Beach (1988),Police Academy 5: Assignment: Miami Beach,Comedy|Crime,1988
2383,Police Academy 6: City Under Siege (1989),Police Academy 6: City Under Siege,Comedy|Crime,1989
2384,Babe: Pig in the City (1998),Babe: Pig in the City,Adventure|Children|Drama,1998
2385,Home Fries (1998),Home Fries,Comedy|Romance,1998
2387,Very Bad Things (1998),Very Bad Things,Comedy|Crime,1998
2388,Steam: The Turkish Bath (Hamam) (1997),Steam: The Turkish Bath (Hamam),Drama|Romance,1997
2389,Psycho (1998),Psycho,Crime|Horror|Thriller,1998
2390,Little Voice (1998),Little Voice,Comedy,1998
2391,"Simple Plan, A (1998)","Simple Plan, A",Crime|Drama|Thriller,1998
2392,Jack Frost (1998),Jack Frost,Children|Comedy|Drama,1998
2393,Star Trek: Insurrection (1998),Star Trek: Insurrection,Action|Drama|Romance|Sci-Fi,1998
2394,"Prince of Egypt, The (1998)","Prince of Egypt, The",Animation|Musical,1998
2395,Rushmore (1998),Rushmore,Comedy|Drama,1998
2396,Shakespeare in Love (1998),Shakespeare in Love,Comedy|Drama|Romance,1998
2398,Miracle on 34th Street (1947),Miracle on 34th Street,Comedy|Drama,1947
2399,Santa Claus: The Movie (1985),Santa Claus: The Movie,Adventure|Children|Fantasy,1985
2400,Prancer (1989),Prancer,Children|Drama|Fantasy,1989
2401,Pale Rider (1985),Pale Rider,Western,1985
2402,Rambo: First Blood Part II (1985),Rambo: First Blood Part II,Action|Adventure|Thriller,1985
2403,First Blood (Rambo: First Blood) (1982),First Blood (Rambo: First Blood),Action|Adventure|Drama|Thriller,1982
2404,Rambo III (1988),Rambo III,Action|Adventure|Thriller|War,1988
2405,"Jewel of the Nile, The (1985)","Jewel of the Nile, The",Action|Adventure|Comedy|Romance,1985
2406,Romancing the Stone (1984),Romancing the Stone,Action|Adventure|Comedy|Romance,1984
2407,Cocoon (1985),Cocoon,Comedy|Sci-Fi,1985
2408,Cocoon: The Return (1988),Cocoon: The Return,Comedy|Sci-Fi,1988
2409,Rocky II (1979),Rocky II,Action|Drama,1979
2410,Rocky III (1982),Rocky III,Action|Drama,1982
2411,Rocky IV (1985),Rocky IV,Action|Drama,1985
2412,Rocky V (1990),Rocky V,Action|Drama,1990
2413,Clue (1985),Clue,Comedy|Crime|Mystery|Thriller,1985
2414,Young Sherlock Holmes (1985),Young Sherlock Holmes,Action|Adventure|Children|Fantasy|Mystery|Thriller,1985
2415,Violets Are Blue... (1986),Violets Are Blue...,Drama|Romance,1986
2416,Back to School (1986),Back to School,Comedy,1986
2417,Heartburn (1986),Heartburn,Comedy|Drama,1986
2418,Nothing in Common (1986),Nothing in Common,Comedy,1986
2419,Extremities (1986),Extremities,Drama|Thriller,1986
2420,"Karate Kid, The (1984)","Karate Kid, The",Drama,1984
2421,"Karate Kid, Part II, The (1986)","Karate Kid, Part II, The",Action|Adventure|Drama,1986
2422,"Karate Kid, Part III, The (1989)","Karate Kid, Part III, The",Action|Adventure|Children|Drama,1989
2423,Christmas Vacation (National Lampoon's Christmas Vacation) (1989),Christmas Vacation (National Lampoon's Christmas Vacation),Comedy,1989
2424,You've Got Mail (1998),You've Got Mail,Comedy|Romance,1998
2425,"General, The (1998)","General, The",Crime,1998
2427,"Thin Red Line, The (1998)","Thin Red Line, The",Action|Drama|War,1998
2428,"Faculty, The (1998)","Faculty, The",Horror|Sci-Fi,1998
2429,Mighty Joe Young (1998),Mighty Joe Young,Action|Adventure|Drama|Fantasy|Thriller,1998
2430,Mighty Joe Young (1949),Mighty Joe Young,Adventure|Children|Drama,1949
2431,Patch Adams (1998),Patch Adams,Comedy|Drama,1998
2432,Stepmom (1998),Stepmom,Drama,1998
2433,"Civil Action, A (1998)","Civil Action, A",Drama,1998
2435,Hurlyburly (1998),Hurlyburly,Drama,1998
2436,Tea with Mussolini (1999),Tea with Mussolini,Comedy|Drama|War,1999
2439,Affliction (1997),Affliction,Drama,1997
2442,Hilary and Jackie (1998),Hilary and Jackie,Drama,1998
2443,Playing by Heart (1998),Playing by Heart,Drama|Romance,1998
2445,At First Sight (1999),At First Sight,Drama,1999
2446,In Dreams (1999),In Dreams,Horror|Thriller,1999
2447,Varsity Blues (1999),Varsity Blues,Comedy|Drama,1999
2448,Virus (1999),Virus,Horror|Sci-Fi,1999
2450,Howard the Duck (1986),Howard the Duck,Adventure|Comedy|Sci-Fi,1986
2451,"Gate, The (1987)","Gate, The",Horror,1987
2453,"Boy Who Could Fly, The (1986)","Boy Who Could Fly, The",Drama|Fantasy,1986
2454,"Fly, The (1958)","Fly, The",Horror|Mystery|Sci-Fi,1958
2455,"Fly, The (1986)","Fly, The",Drama|Horror|Sci-Fi|Thriller,1986
2456,"Fly II, The (1989)","Fly II, The",Horror|Sci-Fi,1989
2457,Running Scared (1986),Running Scared,Action|Comedy,1986
2458,Armed and Dangerous (1986),Armed and Dangerous,Comedy|Crime,1986
2459,"Texas Chainsaw Massacre, The (1974)","Texas Chainsaw Massacre, The",Horror,1974
2460,"Texas Chainsaw Massacre 2, The (1986)","Texas Chainsaw Massacre 2, The",Horror,1986
2462,Texas Chainsaw Massacre: The Next Generation (a.k.a. The Return of the Texas Chainsaw Massacre) (1994),Texas Chainsaw Massacre: The Next Generation (a.k.a. The Return of the Texas Chainsaw Massacre),Horror,1994
2463,Ruthless People (1986),Ruthless People,Comedy,1986
2465,Deadly Friend (1986),Deadly Friend,Horror,1986
2467,"Name of the Rose, The (Name der Rose, Der) (1986)","Name of the Rose, The (Name der Rose, Der)",Crime|Drama|Mystery|Thriller,1986
2468,Jumpin' Jack Flash (1986),Jumpin' Jack Flash,Action|Comedy|Romance|Thriller,1986
2469,Peggy Sue Got Married (1986),Peggy Sue Got Married,Comedy|Drama,1986
2470,Crocodile Dundee (1986),Crocodile Dundee,Adventure|Comedy,1986
2471,Crocodile Dundee II (1988),Crocodile Dundee II,Action|Adventure|Comedy,1988
2472,Tough Guys (1986),Tough Guys,Comedy,1986
2473,Soul Man (1986),Soul Man,Comedy,1986
2474,"Color of Money, The (1986)","Color of Money, The",Drama,1986
2475,52 Pick-Up (1986),52 Pick-Up,Action|Mystery|Thriller,1986
2476,Heartbreak Ridge (1986),Heartbreak Ridge,Action|War,1986
2477,Firewalker (1986),Firewalker,Adventure,1986
2478,¡Three Amigos! (1986),¡Three Amigos!,Comedy|Western,1986
2481,My Name Is Joe (1998),My Name Is Joe,Drama|Romance,1998
2482,Still Crazy (1998),Still Crazy,Comedy|Romance,1998
2483,"Day of the Beast, The (Día de la Bestia, El) (1995)","Day of the Beast, The (Día de la Bestia, El)",Adventure|Comedy|Thriller,1995
2485,She's All That (1999),She's All That,Comedy|Romance,1999
2488,Peeping Tom (1960),Peeping Tom,Drama|Horror|Thriller,1960
2490,Payback (1999),Payback,Action|Thriller,1999
2491,Simply Irresistible (1999),Simply Irresistible,Comedy|Romance,1999
2492,20 Dates (1998),20 Dates,Comedy|Romance,1998
2493,"Harmonists, The (1997)","Harmonists, The",Drama,1997
2494,"Last Days, The (1998)","Last Days, The",Documentary,1998
2495,"Fantastic Planet, The (Planète sauvage, La) (1973)","Fantastic Planet, The (Planète sauvage, La)",Animation|Sci-Fi,1973
2496,Blast from the Past (1999),Blast from the Past,Comedy|Romance,1999
2497,Message in a Bottle (1999),Message in a Bottle,Romance,1999
2498,My Favorite Martian (1999),My Favorite Martian,Comedy|Sci-Fi,1999
2500,Jawbreaker (1999),Jawbreaker,Comedy,1999
2501,October Sky (1999),October Sky,Drama,1999
2502,Office Space (1999),Office Space,Comedy|Crime,1999
2503,"Apple, The (Sib) (1998)","Apple, The (Sib)",Drama,1998
2504,200 Cigarettes (1999),200 Cigarettes,Comedy|Drama,1999
2505,8MM (1999),8MM,Drama|Mystery|Thriller,1999
2506,"Other Sister, The (1999)","Other Sister, The",Comedy|Drama|Romance,1999
2511,"Long Goodbye, The (1973)","Long Goodbye, The",Crime|Film-Noir,1973
2512,"Ballad of Narayama, The (Narayama bushiko) (1983)","Ballad of Narayama, The (Narayama bushiko)",Drama,1983
2513,Pet Sematary (1989),Pet Sematary,Horror,1989
2514,Pet Sematary II (1992),Pet Sematary II,Comedy|Horror,1992
2515,Children of the Corn II: The Final Sacrifice (1993),Children of the Corn II: The Final Sacrifice,Horror,1993
2516,Children of the Corn III (1994),Children of the Corn III,Horror,1994
2517,Christine (1983),Christine,Horror,1983
2518,Night Shift (1982),Night Shift,Comedy,1982
2520,Airport (1970),Airport,Drama,1970
2521,Airport 1975 (1974),Airport 1975,Action|Drama|Thriller,1974
2522,Airport '77 (1977),Airport '77,Drama,1977
2523,Rollercoaster (1977),Rollercoaster,Drama|Thriller,1977
2524,"Towering Inferno, The (1974)","Towering Inferno, The",Action|Adventure|Drama|Thriller,1974
2525,Alligator (1980),Alligator,Action|Horror|Sci-Fi,1980
2526,Meteor (1979),Meteor,Sci-Fi,1979
2527,Westworld (1973),Westworld,Action|Sci-Fi|Thriller|Western,1973
2528,Logan's Run (1976),Logan's Run,Action|Adventure|Sci-Fi,1976
2529,Planet of the Apes (1968),Planet of the Apes,Action|Drama|Sci-Fi,1968
2530,Beneath the Planet of the Apes (1970),Beneath the Planet of the Apes,Action|Sci-Fi,1970
2531,Battle for the Planet of the Apes (1973),Battle for the Planet of the Apes,Action|Sci-Fi,1973
2532,Conquest of the Planet of the Apes (1972),Conquest of the Planet of the Apes,Action|Sci-Fi,1972
2533,Escape from the Planet of the Apes (1971),Escape from the Planet of the Apes,Action|Sci-Fi,1971
2534,Avalanche (1978),Avalanche,Action,1978
2535,Earthquake (1974),Earthquake,Action|Drama|Thriller,1974
2537,Beyond the Poseidon Adventure (1979),Beyond the Poseidon Adventure,Adventure,1979
2538,Dancemaker (1998),Dancemaker,Documentary,1998
2539,Analyze This (1999),Analyze This,Comedy,1999
2540,"Corruptor, The (1999)","Corruptor, The",Action|Crime|Drama|Thriller,1999
2541,Cruel Intentions (1999),Cruel Intentions,Drama,1999
2542,"Lock, Stock & Two Smoking Barrels (1998)","Lock, Stock & Two Smoking Barrels",Comedy|Crime|Thriller,1998
2544,"School of Flesh, The (École de la chair, L') (1998)","School of Flesh, The (École de la chair, L')",Drama|Romance,1998
2546,"Deep End of the Ocean, The (1999)","Deep End of the Ocean, The",Drama,1999
2548,"Rage: Carrie 2, The (1999)","Rage: Carrie 2, The",Horror,1999
2549,Wing Commander (1999),Wing Commander,Action|Sci-Fi,1999
2550,"Haunting, The (1963)","Haunting, The",Horror|Thriller,1963
2551,Dead Ringers (1988),Dead Ringers,Drama|Horror|Thriller,1988
2552,My Boyfriend's Back (1993),My Boyfriend's Back,Comedy,1993
2553,Village of the Damned (1960),Village of the Damned,Horror|Sci-Fi|Thriller,1960
2554,Children of the Damned (1963),Children of the Damned,Horror|Sci-Fi|Thriller,1963
2555,Baby Geniuses (1999),Baby Geniuses,Comedy,1999
2557,I Stand Alone (Seul contre tous) (1998),I Stand Alone (Seul contre tous),Drama|Thriller,1998
2558,Forces of Nature (1999),Forces of Nature,Comedy|Romance,1999
2559,"King and I, The (1999)","King and I, The",Animation|Children,1999
2560,Ravenous (1999),Ravenous,Horror|Thriller,1999
2561,True Crime (1999),True Crime,Crime|Thriller,1999
2563,Dangerous Beauty (1998),Dangerous Beauty,Drama,1998
2565,"King and I, The (1956)","King and I, The",Drama|Musical|Romance,1956
2566,Doug's 1st Movie (1999),Doug's 1st Movie,Animation|Children,1999
2567,EDtv (1999),EDtv,Comedy,1999
2568,"Mod Squad, The (1999)","Mod Squad, The",Action|Crime,1999
2570,"Walk on the Moon, A (1999)","Walk on the Moon, A",Drama|Romance,1999
2571,"Matrix, The (1999)","Matrix, The",Action|Sci-Fi|Thriller,1999
2572,10 Things I Hate About You (1999),10 Things I Hate About You,Comedy|Romance,1999
2573,Tango (1998),Tango,Drama|Musical,1998
2574,"Out-of-Towners, The (1999)","Out-of-Towners, The",Comedy,1999
2575,"Dreamlife of Angels, The (Vie rêvée des anges, La) (1998)","Dreamlife of Angels, The (Vie rêvée des anges, La)",Drama,1998
2577,Metroland (1997),Metroland,Comedy|Drama,1997
2579,Following (1998),Following,Crime|Mystery|Thriller,1998
2580,Go (1999),Go,Comedy|Crime,1999
2581,Never Been Kissed (1999),Never Been Kissed,Comedy|Romance,1999
2582,Twin Dragons (Shuang long hui) (1992),Twin Dragons (Shuang long hui),Action|Comedy,1992
2583,Cookie's Fortune (1999),Cookie's Fortune,Comedy|Drama,1999
2585,"Lovers of the Arctic Circle, The (Los Amantes del Círculo Polar) (1998)","Lovers of the Arctic Circle, The (Los Amantes del Círculo Polar)",Drama|Romance,1998
2586,Goodbye Lover (1999),Goodbye Lover,Comedy|Crime|Thriller,1999
2587,Life (1999),Life,Comedy|Crime|Drama,1999
2589,Friends & Lovers (1999),Friends & Lovers,Comedy|Drama|Romance,1999
2590,Hideous Kinky (1998),Hideous Kinky,Drama,1998
2593,"Monster, The (Mostro, Il) (1994)","Monster, The (Mostro, Il)",Comedy,1994
2594,Open Your Eyes (Abre los ojos) (1997),Open Your Eyes (Abre los ojos),Drama|Romance|Sci-Fi|Thriller,1997
2596,SLC Punk! (1998),SLC Punk!,Comedy|Drama,1998
2597,Lost & Found (1999),Lost & Found,Comedy|Romance,1999
2598,Pushing Tin (1999),Pushing Tin,Comedy,1999
2599,Election (1999),Election,Comedy,1999
2600,eXistenZ (1999),eXistenZ,Action|Sci-Fi|Thriller,1999
2605,Entrapment (1999),Entrapment,Crime|Thriller,1999
2606,Idle Hands (1999),Idle Hands,Comedy|Horror,1999
2607,Get Real (1998),Get Real,Drama|Romance,1998
2609,"King of Masks, The (Bian Lian) (1996)","King of Masks, The (Bian Lian)",Drama,1996
2611,"Winslow Boy, The (1999)","Winslow Boy, The",Drama,1999
2612,Mildred Pierce (1945),Mildred Pierce,Drama|Film-Noir,1945
2613,Night of the Comet (1984),Night of the Comet,Comedy|Horror|Sci-Fi,1984
2614,Chopping Mall (a.k.a. Killbots) (1986),Chopping Mall (a.k.a. Killbots),Action|Horror|Sci-Fi,1986
2615,My Science Project (1985),My Science Project,Adventure|Sci-Fi,1985
2616,Dick Tracy (1990),Dick Tracy,Action|Crime,1990
2617,"Mummy, The (1999)","Mummy, The",Action|Adventure|Comedy|Fantasy|Horror|Thriller,1999
2618,"Castle, The (1997)","Castle, The",Comedy,1997
2620,This Is My Father (1998),This Is My Father,Drama|Romance,1998
2622,William Shakespeare's A Midsummer Night's Dream (1999),William Shakespeare's A Midsummer Night's Dream,Comedy|Fantasy,1999
2623,Trippin' (1999),Trippin',Comedy,1999
2624,After Life (Wandafuru raifu) (1998),After Life (Wandafuru raifu),Drama|Fantasy,1998
2625,Black Mask (Hak hap) (1996),Black Mask (Hak hap),Action|Adventure|Crime|Sci-Fi|Thriller,1996
2628,Star Wars: Episode I - The Phantom Menace (1999),Star Wars: Episode I - The Phantom Menace,Action|Adventure|Sci-Fi,1999
2629,"Love Letter, The (1999)","Love Letter, The",Comedy|Romance,1999
2630,Besieged (a.k.a. L' Assedio) (1998),Besieged (a.k.a. L' Assedio),Drama,1998
2632,"Saragossa Manuscript, The (Rekopis znaleziony w Saragossie) (1965)","Saragossa Manuscript, The (Rekopis znaleziony w Saragossie)",Adventure|Drama|Mystery,1965
2633,"Mummy, The (1932)","Mummy, The",Horror|Romance,1932
2634,"Mummy, The (1959)","Mummy, The",Horror,1959
2639,Mommie Dearest (1981),Mommie Dearest,Drama,1981
2640,Superman (1978),Superman,Action|Adventure|Sci-Fi,1978
2641,Superman II (1980),Superman II,Action|Sci-Fi,1980
2642,Superman III (1983),Superman III,Action|Adventure|Sci-Fi,1983
2643,Superman IV: The Quest for Peace (1987),Superman IV: The Quest for Peace,Action|Adventure|Sci-Fi,1987
2644,Dracula (1931),Dracula,Horror,1931
2648,Frankenstein (1931),Frankenstein,Drama|Horror|Sci-Fi,1931
2651,Frankenstein Meets the Wolf Man (1943),Frankenstein Meets the Wolf Man,Horror,1943
2652,"Curse of Frankenstein, The (1957)","Curse of Frankenstein, The",Horror,1957
2654,"Wolf Man, The (1941)","Wolf Man, The",Drama|Fantasy|Horror,1941
2655,Howling II: Your Sister Is a Werewolf (1985),Howling II: Your Sister Is a Werewolf,Horror,1985
2656,Tarantula (1955),Tarantula,Horror|Sci-Fi,1955
2657,"Rocky Horror Picture Show, The (1975)","Rocky Horror Picture Show, The",Comedy|Horror|Musical|Sci-Fi,1975
2659,It Came from Hollywood (1982),It Came from Hollywood,Comedy|Documentary,1982
2660,"Thing from Another World, The (1951)","Thing from Another World, The",Horror|Sci-Fi,1951
2661,It Came from Outer Space (1953),It Came from Outer Space,Sci-Fi,1953
2662,"War of the Worlds, The (1953)","War of the Worlds, The",Action|Drama|Sci-Fi,1953
2664,Invasion of the Body Snatchers (1956),Invasion of the Body Snatchers,Horror|Sci-Fi|Thriller,1956
2665,Earth vs. the Flying Saucers (1956),Earth vs. the Flying Saucers,Sci-Fi,1956
2668,Swamp Thing (1982),Swamp Thing,Horror|Sci-Fi,1982
2669,Pork Chop Hill (1959),Pork Chop Hill,War,1959
2670,Run Silent Run Deep (1958),Run Silent Run Deep,War,1958
2671,Notting Hill (1999),Notting Hill,Comedy|Romance,1999
2672,"Thirteenth Floor, The (1999)","Thirteenth Floor, The",Drama|Sci-Fi|Thriller,1999
2674,"Loss of Sexual Innocence, The (1999)","Loss of Sexual Innocence, The",Drama|Fantasy,1999
2676,Instinct (1999),Instinct,Drama|Thriller,1999
2677,Buena Vista Social Club (1999),Buena Vista Social Club,Documentary|Musical,1999
2681,Free Enterprise (1998),Free Enterprise,Comedy|Romance|Sci-Fi,1998
2682,Limbo (1999),Limbo,Drama,1999
2683,Austin Powers: The Spy Who Shagged Me (1999),Austin Powers: The Spy Who Shagged Me,Action|Adventure|Comedy,1999
2686,"Red Violin, The (Violon rouge, Le) (1998)","Red Violin, The (Violon rouge, Le)",Drama|Mystery,1998
2687,Tarzan (1999),Tarzan,Adventure|Animation|Children|Drama,1999
2688,"General's Daughter, The (1999)","General's Daughter, The",Crime|Drama|Mystery|Thriller,1999
2690,"Ideal Husband, An (1999)","Ideal Husband, An",Comedy|Romance,1999
2691,"Legend of 1900, The (a.k.a. The Legend of the Pianist on the Ocean) (Leggenda del pianista sull'oceano) (1998)","Legend of 1900, The (a.k.a. The Legend of the Pianist on the Ocean) (Leggenda del pianista sull'oceano)",Drama,1998
2692,Run Lola Run (Lola rennt) (1998),Run Lola Run (Lola rennt),Action|Crime,1998
2693,Trekkies (1997),Trekkies,Documentary,1997
2694,Big Daddy (1999),Big Daddy,Comedy,1999
2695,"Boys, The (1998)","Boys, The",Drama,1998
2696,"Dinner Game, The (Dîner de cons, Le) (1998)","Dinner Game, The (Dîner de cons, Le)",Comedy,1998
2697,My Son the Fanatic (1997),My Son the Fanatic,Comedy|Drama|Romance,1997
2698,Zone 39 (1997),Zone 39,Sci-Fi,1997
2699,Arachnophobia (1990),Arachnophobia,Comedy|Horror,1990
2700,"South Park: Bigger, Longer and Uncut (1999)","South Park: Bigger, Longer and Uncut",Animation|Comedy|Musical,1999
2701,Wild Wild West (1999),Wild Wild West,Action|Comedy|Sci-Fi|Western,1999
2702,Summer of Sam (1999),Summer of Sam,Drama,1999
2706,American Pie (1999),American Pie,Comedy|Romance,1999
2707,Arlington Road (1999),Arlington Road,Thriller,1999
2708,"Autumn Tale, An (Conte d'automne) (1998)","Autumn Tale, An (Conte d'automne)",Romance,1998
2709,Muppets From Space (1999),Muppets From Space,Children|Comedy,1999
2710,"Blair Witch Project, The (1999)","Blair Witch Project, The",Drama|Horror|Thriller,1999
2712,Eyes Wide Shut (1999),Eyes Wide Shut,Drama|Mystery|Thriller,1999
2713,Lake Placid (1999),Lake Placid,Horror|Thriller,1999
2716,Ghostbusters (a.k.a. Ghost Busters) (1984),Ghostbusters (a.k.a. Ghost Busters),Action|Comedy|Sci-Fi,1984
2717,Ghostbusters II (1989),Ghostbusters II,Comedy|Fantasy|Sci-Fi,1989
2718,Drop Dead Gorgeous (1999),Drop Dead Gorgeous,Comedy,1999
2719,"Haunting, The (1999)","Haunting, The",Horror|Thriller,1999
2720,Inspector Gadget (1999),Inspector Gadget,Action|Adventure|Children|Comedy,1999
2722,Deep Blue Sea (1999),Deep Blue Sea,Action|Horror|Sci-Fi|Thriller,1999
2723,Mystery Men (1999),Mystery Men,Action|Comedy|Fantasy,1999
2724,Runaway Bride (1999),Runaway Bride,Comedy|Romance,1999
2725,Twin Falls Idaho (1999),Twin Falls Idaho,Drama,1999
2726,"Killing, The (1956)","Killing, The",Crime|Film-Noir,1956
2727,Killer's Kiss (1955),Killer's Kiss,Crime|Film-Noir,1955
2728,Spartacus (1960),Spartacus,Action|Drama|Romance|War,1960
2729,Lolita (1962),Lolita,Drama|Romance,1962
2730,Barry Lyndon (1975),Barry Lyndon,Drama|Romance|War,1975
2731,"400 Blows, The (Les quatre cents coups) (1959)","400 Blows, The (Les quatre cents coups)",Crime|Drama,1959
2732,Jules and Jim (Jules et Jim) (1961),Jules and Jim (Jules et Jim),Drama|Romance,1961
2733,Vibes (1988),Vibes,Adventure|Comedy|Romance,1988
2734,"Mosquito Coast, The (1986)","Mosquito Coast, The",Adventure|Drama|Thriller,1986
2735,"Golden Child, The (1986)","Golden Child, The",Action|Adventure|Comedy|Fantasy|Mystery,1986
2736,Brighton Beach Memoirs (1986),Brighton Beach Memoirs,Comedy,1986
2737,Assassination (1987),Assassination,Action|Drama|Thriller,1987
2738,Crimes of the Heart (1986),Crimes of the Heart,Comedy|Drama,1986
2739,"Color Purple, The (1985)","Color Purple, The",Drama,1985
2740,"Kindred, The (1986)","Kindred, The",Horror|Sci-Fi,1986
2741,No Mercy (1986),No Mercy,Action|Crime|Thriller,1986
2742,Ménage (Tenue de soirée) (1986),Ménage (Tenue de soirée),Comedy|Drama,1986
2743,Native Son (1986),Native Son,Drama,1986
2744,Otello (1986),Otello,Drama,1986
2745,"Mission, The (1986)","Mission, The",Drama,1986
2746,Little Shop of Horrors (1986),Little Shop of Horrors,Comedy|Horror|Musical,1986
2747,"Little Shop of Horrors, The (1960)","Little Shop of Horrors, The",Comedy|Horror,1960
2748,Allan Quatermain and the Lost City of Gold (1987),Allan Quatermain and the Lost City of Gold,Action|Adventure|Comedy,1987
2749,"Morning After, The (1986)","Morning After, The",Drama|Mystery,1986
2750,Radio Days (1987),Radio Days,Comedy|Drama,1987
2751,From the Hip (1987),From the Hip,Comedy|Drama,1987
2752,Outrageous Fortune (1987),Outrageous Fortune,Comedy|Mystery,1987
2754,Deadtime Stories (1987),Deadtime Stories,Horror,1987
2757,Frances (1982),Frances,Drama,1982
2759,Dick (1999),Dick,Comedy,1999
2761,"Iron Giant, The (1999)","Iron Giant, The",Adventure|Animation|Children|Drama|Sci-Fi,1999
2762,"Sixth Sense, The (1999)","Sixth Sense, The",Drama|Horror|Mystery,1999
2763,"Thomas Crown Affair, The (1999)","Thomas Crown Affair, The",Action|Mystery,1999
2764,"Thomas Crown Affair, The (1968)","Thomas Crown Affair, The",Crime|Drama|Romance|Thriller,1968
2765,"Acid House, The (1998)","Acid House, The",Comedy|Drama,1998
2766,"Adventures of Sebastian Cole, The (1998)","Adventures of Sebastian Cole, The",Comedy|Drama,1998
2769,"Yards, The (2000)","Yards, The",Crime|Drama,2000
2770,Bowfinger (1999),Bowfinger,Comedy,1999
2771,Brokedown Palace (1999),Brokedown Palace,Drama,1999
2772,Detroit Rock City (1999),Detroit Rock City,Comedy,1999
2774,Better Than Chocolate (1999),Better Than Chocolate,Comedy|Romance,1999
2775,Head On (1998),Head On,Drama,1998
2779,Heaven Can Wait (1978),Heaven Can Wait,Comedy,1978
2782,Pit and the Pendulum (1961),Pit and the Pendulum,Horror,1961
2784,"Masque of the Red Death, The (1964)","Masque of the Red Death, The",Horror,1964
2786,Haunted Honeymoon (1986),Haunted Honeymoon,Comedy,1986
2787,Cat's Eye (1985),Cat's Eye,Horror,1985
2788,Monty Python's And Now for Something Completely Different (1971),Monty Python's And Now for Something Completely Different,Comedy,1971
2789,Damien: Omen II (1978),Damien: Omen II,Horror,1978
2790,"Final Conflict, The (a.k.a. Omen III: The Final Conflict) (1981)","Final Conflict, The (a.k.a. Omen III: The Final Conflict)",Horror|Thriller,1981
2791,Airplane! (1980),Airplane!,Comedy,1980
2792,Airplane II: The Sequel (1982),Airplane II: The Sequel,Comedy,1982
2793,"American Werewolf in Paris, An (1997)","American Werewolf in Paris, An",Comedy|Horror|Romance|Thriller,1997
2794,European Vacation (aka National Lampoon's European Vacation) (1985),European Vacation (aka National Lampoon's European Vacation),Adventure|Comedy|Romance,1985
2795,National Lampoon's Vacation (1983),National Lampoon's Vacation,Comedy,1983
2796,Funny Farm (1988),Funny Farm,Comedy,1988
2797,Big (1988),Big,Comedy|Drama|Fantasy|Romance,1988
2798,Problem Child (1990),Problem Child,Children|Comedy,1990
2799,Problem Child 2 (1991),Problem Child 2,Comedy,1991
2800,Little Nemo: Adventures in Slumberland (1992),Little Nemo: Adventures in Slumberland,Adventure|Animation|Children|Drama|Fantasy,1992
2801,Oscar and Lucinda (a.k.a. Oscar & Lucinda) (1997),Oscar and Lucinda (a.k.a. Oscar & Lucinda),Drama|Romance,1997
2802,Tequila Sunrise (1988),Tequila Sunrise,Action|Drama|Romance|Thriller,1988
2803,"Pelican Brief, The (1993)","Pelican Brief, The",Crime|Drama|Mystery|Romance|Thriller,1993
2804,"Christmas Story, A (1983)","Christmas Story, A",Children|Comedy,1983
2805,Mickey Blue Eyes (1999),Mickey Blue Eyes,Comedy|Romance,1999
2806,Teaching Mrs. Tingle (1999),Teaching Mrs. Tingle,Comedy|Thriller,1999
2807,Universal Soldier: The Return (1999),Universal Soldier: The Return,Action|Sci-Fi,1999
2808,Universal Soldier (1992),Universal Soldier,Action|Sci-Fi,1992
2810,Perfect Blue (1997),Perfect Blue,Animation|Horror|Mystery|Thriller,1997
2812,In Too Deep (1999),In Too Deep,Action|Thriller,1999
2813,"Source, The (1999)","Source, The",Documentary,1999
2815,Iron Eagle (1986),Iron Eagle,Action|War,1986
2816,Iron Eagle II (1988),Iron Eagle II,Action|War,1988
2817,Aces: Iron Eagle III (1992),Aces: Iron Eagle III,Action,1992
2818,Iron Eagle IV (1995),Iron Eagle IV,Action|War,1995
2819,Three Days of the Condor (3 Days of the Condor) (1975),Three Days of the Condor (3 Days of the Condor),Drama|Mystery|Romance|Thriller,1975
2820,Hamlet (1964),Hamlet,Drama,1964
2822,Medicine Man (1992),Medicine Man,Adventure|Romance,1992
2824,On the Ropes (1999),On the Ropes,Documentary|Drama,1999
2826,"13th Warrior, The (1999)","13th Warrior, The",Action|Adventure|Fantasy,1999
2827,"Astronaut's Wife, The (1999)","Astronaut's Wife, The",Horror|Sci-Fi|Thriller,1999
2828,Dudley Do-Right (1999),Dudley Do-Right,Children|Comedy,1999
2829,"Muse, The (1999)","Muse, The",Comedy,1999
2835,Chill Factor (1999),Chill Factor,Action|Adventure|Comedy|Thriller,1999
2836,Outside Providence (1999),Outside Providence,Comedy,1999
2837,Bedrooms & Hallways (1998),Bedrooms & Hallways,Comedy|Romance,1998
2839,West Beirut (West Beyrouth) (1998),West Beirut (West Beyrouth),Drama,1998
2840,Stigmata (1999),Stigmata,Drama|Thriller,1999
2841,Stir of Echoes (1999),Stir of Echoes,Horror|Mystery|Thriller,1999
2843,"Black Cat, White Cat (Crna macka, beli macor) (1998)","Black Cat, White Cat (Crna macka, beli macor)",Comedy|Romance,1998
2844,"Minus Man, The (1999)","Minus Man, The",Drama|Mystery,1999
2846,"Adventures of Milo and Otis, The (Koneko monogatari) (1986)","Adventures of Milo and Otis, The (Koneko monogatari)",Adventure|Children|Comedy|Drama,1986
2847,Only Angels Have Wings (1939),Only Angels Have Wings,Adventure|Drama|Romance,1939
2848,"Othello (Tragedy of Othello: The Moor of Venice, The) (1952)","Othello (Tragedy of Othello: The Moor of Venice, The)",Drama,1952
2851,Saturn 3 (1980),Saturn 3,Adventure|Sci-Fi|Thriller,1980
2852,"Soldier's Story, A (1984)","Soldier's Story, A",Drama,1984
2856,I Saw What You Did (1965),I Saw What You Did,Thriller,1965
2857,Yellow Submarine (1968),Yellow Submarine,Adventure|Animation|Comedy|Fantasy|Musical,1968
2858,American Beauty (1999),American Beauty,Drama|Romance,1999
2859,Stop Making Sense (1984),Stop Making Sense,Documentary|Musical,1984
2860,Blue Streak (1999),Blue Streak,Comedy,1999
2861,For Love of the Game (1999),For Love of the Game,Comedy|Drama,1999
2862,Caligula (1979),Caligula,Drama,1979
2863,"Hard Day's Night, A (1964)","Hard Day's Night, A",Adventure|Comedy|Musical,1964
2865,Sugar Town (1999),Sugar Town,Comedy,1999
2866,"Buddy Holly Story, The (1978)","Buddy Holly Story, The",Drama,1978
2867,Fright Night (1985),Fright Night,Comedy|Horror|Thriller,1985
2868,Fright Night Part II (1988),Fright Night Part II,Horror,1988
2870,Barefoot in the Park (1967),Barefoot in the Park,Comedy,1967
2871,Deliverance (1972),Deliverance,Adventure|Drama|Thriller,1972
2872,Excalibur (1981),Excalibur,Adventure|Fantasy,1981
2874,"Pajama Game, The (1957)","Pajama Game, The",Comedy|Musical|Romance,1957
2875,Sommersby (1993),Sommersby,Drama|Mystery|Romance,1993
2876,Thumbelina (1994),Thumbelina,Animation|Children|Fantasy,1994
2877,Tommy (1975),Tommy,Musical,1975
2878,Hell Night (1981),Hell Night,Horror,1981
2879,Armour of God II: Operation Condor (Operation Condor) (Fei ying gai wak) (1991),Armour of God II: Operation Condor (Operation Condor) (Fei ying gai wak),Action|Adventure|Comedy,1991
2880,Armour of God (Long xiong hu di) (1987),Armour of God (Long xiong hu di),Action|Adventure|Comedy,1987
2881,Double Jeopardy (1999),Double Jeopardy,Action|Crime|Drama|Thriller,1999
2882,Jakob the Liar (1999),Jakob the Liar,Drama,1999
2883,Mumford (1999),Mumford,Comedy|Drama,1999
2884,Dog Park (1998),Dog Park,Comedy|Romance,1998
2885,Guinevere (1999),Guinevere,Drama|Romance,1999
2886,"Adventures of Elmo in Grouchland, The (1999)","Adventures of Elmo in Grouchland, The",Children|Comedy,1999
2887,Simon Sez (1999),Simon Sez,Action|Comedy,1999
2888,Drive Me Crazy (1999),Drive Me Crazy,Comedy|Romance,1999
2889,"Mystery, Alaska (1999)","Mystery, Alaska",Comedy|Drama,1999
2890,Three Kings (1999),Three Kings,Action|Adventure|Comedy|Drama|War,1999
2891,"Happy, Texas (1999)","Happy, Texas",Comedy,1999
2892,New Rose Hotel (1998),New Rose Hotel,Action|Drama,1998
2893,Plunkett & MaCleane (1999),Plunkett & MaCleane,Action|Adventure|Drama,1999
2894,Romance (1999),Romance,Drama|Romance,1999
2896,Alvarez Kelly (1966),Alvarez Kelly,Western,1966
2897,And the Ship Sails On (E la nave va) (1983),And the Ship Sails On (E la nave va),Comedy|War,1983
2898,"Dark Half, The (1993)","Dark Half, The",Horror|Mystery,1993
2899,Gulliver's Travels (1939),Gulliver's Travels,Adventure|Animation|Children,1939
2900,Monkey Shines (1988),Monkey Shines,Horror|Sci-Fi,1988
2901,Phantasm (1979),Phantasm,Horror|Sci-Fi,1979
2902,Psycho II (1983),Psycho II,Horror|Mystery|Thriller,1983
2903,Psycho III (1986),Psycho III,Horror|Thriller,1986
2905,Sanjuro (Tsubaki Sanjûrô) (1962),Sanjuro (Tsubaki Sanjûrô),Action|Adventure|Drama,1962
2906,Random Hearts (1999),Random Hearts,Drama|Romance,1999
2907,Superstar (1999),Superstar,Comedy,1999
2908,Boys Don't Cry (1999),Boys Don't Cry,Drama,1999
2912,"Limey, The (1999)","Limey, The",Crime|Drama|Thriller,1999
2915,Risky Business (1983),Risky Business,Comedy,1983
2916,Total Recall (1990),Total Recall,Action|Adventure|Sci-Fi|Thriller,1990
2917,Body Heat (1981),Body Heat,Crime|Thriller,1981
2918,Ferris Bueller's Day Off (1986),Ferris Bueller's Day Off,Comedy,1986
2919,"Year of Living Dangerously, The (1982)","Year of Living Dangerously, The",Drama|Romance|War,1982
2921,High Plains Drifter (1973),High Plains Drifter,Western,1973
2922,Hang 'Em High (1968),Hang 'Em High,Crime|Drama|Western,1968
2924,Drunken Master (Jui kuen) (1978),Drunken Master (Jui kuen),Action|Comedy,1978
2925,"Conformist, The (Conformista, Il) (1970)","Conformist, The (Conformista, Il)",Drama,1970
2926,Hairspray (1988),Hairspray,Comedy|Drama,1988
2927,Brief Encounter (1946),Brief Encounter,Drama|Romance,1946
2928,"Razor's Edge, The (1984)","Razor's Edge, The",Drama,1984
2929,Reds (1981),Reds,Drama|Romance,1981
2930,Return with Honor (1998),Return with Honor,Documentary,1998
2931,Time of the Gypsies (Dom za vesanje) (1989),Time of the Gypsies (Dom za vesanje),Comedy|Crime|Drama|Fantasy,1989
2932,Days of Heaven (1978),Days of Heaven,Drama,1978
2935,"Lady Eve, The (1941)","Lady Eve, The",Comedy|Romance,1941
2936,Sullivan's Travels (1941),Sullivan's Travels,Adventure|Comedy|Romance,1941
2937,"Palm Beach Story, The (1942)","Palm Beach Story, The",Comedy,1942
2939,Niagara (1953),Niagara,Drama|Thriller,1953
2940,Gilda (1946),Gilda,Drama|Film-Noir|Mystery|Romance,1946
2941,South Pacific (1958),South Pacific,Musical|Romance|War,1958
2942,Flashdance (1983),Flashdance,Drama|Romance,1983
2943,Indochine (1992),Indochine,Drama|Romance,1992
2944,"Dirty Dozen, The (1967)","Dirty Dozen, The",Action|Drama|War,1967
2946,Help! (1965),Help!,Comedy|Musical,1965
2947,Goldfinger (1964),Goldfinger,Action|Adventure|Thriller,1964
2948,From Russia with Love (1963),From Russia with Love,Action|Adventure|Thriller,1963
2949,Dr. No (1962),Dr. No,Action|Adventure|Thriller,1962
2950,"Blue Lagoon, The (1980)","Blue Lagoon, The",Adventure|Drama|Romance,1980
2951,"Fistful of Dollars, A (Per un pugno di dollari) (1964)","Fistful of Dollars, A (Per un pugno di dollari)",Action|Western,1964
2952,Sydney (Hard Eight) (1996),Sydney (Hard Eight),Crime|Drama|Thriller,1996
2953,Home Alone 2: Lost in New York (1992),Home Alone 2: Lost in New York,Children|Comedy,1992
2956,Someone to Watch Over Me (1987),Someone to Watch Over Me,Action|Crime|Thriller,1987
2959,Fight Club (1999),Fight Club,Action|Crime|Drama|Thriller,1999
2961,"Story of Us, The (1999)","Story of Us, The",Comedy|Drama,1999
2962,Fever Pitch (1997),Fever Pitch,Comedy|Romance,1997
2964,Julien Donkey-Boy (1999),Julien Donkey-Boy,Drama,1999
2965,"Omega Code, The (1999)","Omega Code, The",Action,1999
2966,"Straight Story, The (1999)","Straight Story, The",Adventure|Drama,1999
2967,"Bad Seed, The (1956)","Bad Seed, The",Drama|Thriller,1956
2968,Time Bandits (1981),Time Bandits,Adventure|Comedy|Fantasy|Sci-Fi,1981
2969,"Man and a Woman, A (Un homme et une femme) (1966)","Man and a Woman, A (Un homme et une femme)",Drama|Romance,1966
2970,Fitzcarraldo (1982),Fitzcarraldo,Adventure|Drama,1982
2971,All That Jazz (1979),All That Jazz,Drama|Fantasy|Musical,1979
2972,Red Sorghum (Hong gao liang) (1987),Red Sorghum (Hong gao liang),Drama|War,1987
2973,Crimes and Misdemeanors (1989),Crimes and Misdemeanors,Comedy|Crime|Drama,1989
2974,Bats (1999),Bats,Horror|Thriller,1999
2975,"Best Man, The (1999)","Best Man, The",Comedy|Drama,1999
2976,Bringing Out the Dead (1999),Bringing Out the Dead,Drama,1999
2977,Crazy in Alabama (1999),Crazy in Alabama,Comedy|Drama,1999
2978,Three to Tango (1999),Three to Tango,Comedy|Romance,1999
2979,Body Shots (1999),Body Shots,Drama,1999
2982,"Guardian, The (1990)","Guardian, The",Horror|Thriller,1990
2983,"Ipcress File, The (1965)","Ipcress File, The",Thriller,1965
2984,On Any Sunday (1971),On Any Sunday,Documentary,1971
2985,RoboCop (1987),RoboCop,Action|Crime|Drama|Sci-Fi|Thriller,1987
2986,RoboCop 2 (1990),RoboCop 2,Action|Crime|Sci-Fi|Thriller,1990
2987,Who Framed Roger Rabbit? (1988),Who Framed Roger Rabbit?,Adventure|Animation|Children|Comedy|Crime|Fantasy|Mystery,1988
2988,Melvin and Howard (1980),Melvin and Howard,Drama,1980
2989,For Your Eyes Only (1981),For Your Eyes Only,Action|Adventure|Thriller,1981
2990,Licence to Kill (1989),Licence to Kill,Action|Adventure|Thriller,1989
2991,Live and Let Die (1973),Live and Let Die,Action|Adventure|Thriller,1973
2992,Rawhead Rex (1986),Rawhead Rex,Horror|Thriller,1986
2993,Thunderball (1965),Thunderball,Action|Adventure|Thriller,1965
2995,House on Haunted Hill (1999),House on Haunted Hill,Horror|Thriller,1999
2996,Music of the Heart (1999),Music of the Heart,Drama,1999
2997,Being John Malkovich (1999),Being John Malkovich,Comedy|Drama|Fantasy,1999
3000,Princess Mononoke (Mononoke-hime) (1997),Princess Mononoke (Mononoke-hime),Action|Adventure|Animation|Drama|Fantasy,1997
3002,My Best Fiend (Mein liebster Feind) (1999),My Best Fiend (Mein liebster Feind),Documentary,1999
3003,Train of Life (Train de vie) (1998),Train of Life (Train de vie),Comedy|Drama|Romance|War,1998
3004,"Bachelor, The (1999)","Bachelor, The",Comedy|Romance,1999
3005,"Bone Collector, The (1999)","Bone Collector, The",Thriller,1999
3006,"Insider, The (1999)","Insider, The",Drama|Thriller,1999
3007,American Movie (1999),American Movie,Documentary,1999
3008,Last Night (1998),Last Night,Drama|Sci-Fi,1998
3010,Rosetta (1999),Rosetta,Drama,1999
3011,"They Shoot Horses, Don't They? (1969)","They Shoot Horses, Don't They?",Drama,1969
3013,Bride of Re-Animator (1990),Bride of Re-Animator,Comedy|Horror,1990
3014,Bustin' Loose (1981),Bustin' Loose,Comedy,1981
3015,Coma (1978),Coma,Thriller,1978
3016,Creepshow (1982),Creepshow,Horror,1982
3017,Creepshow 2 (1987),Creepshow 2,Horror,1987
3018,Re-Animator (1985),Re-Animator,Comedy|Horror|Sci-Fi,1985
3019,Drugstore Cowboy (1989),Drugstore Cowboy,Crime|Drama,1989
3020,Falling Down (1993),Falling Down,Action|Drama,1993
3021,"Funhouse, The (1981)","Funhouse, The",Horror,1981
3022,"General, The (1926)","General, The",Comedy|War,1926
3024,Piranha (1978),Piranha,Horror|Sci-Fi,1978
3028,"Taming of the Shrew, The (1967)","Taming of the Shrew, The",Comedy,1967
3029,Nighthawks (1981),Nighthawks,Action|Drama,1981
3030,Yojimbo (1961),Yojimbo,Action|Adventure,1961
3031,Repossessed (1990),Repossessed,Comedy,1990
3032,"Omega Man, The (1971)","Omega Man, The",Action|Drama|Sci-Fi|Thriller,1971
3033,Spaceballs (1987),Spaceballs,Comedy|Sci-Fi,1987
3034,Robin Hood (1973),Robin Hood,Adventure|Animation|Children|Comedy|Musical,1973
3035,Mister Roberts (1955),Mister Roberts,Comedy|Drama|War,1955
3036,"Quest for Fire (Guerre du feu, La) (1981)","Quest for Fire (Guerre du feu, La)",Adventure|Drama,1981
3037,Little Big Man (1970),Little Big Man,Western,1970
3038,"Face in the Crowd, A (1957)","Face in the Crowd, A",Drama,1957
3039,Trading Places (1983),Trading Places,Comedy,1983
3040,Meatballs (1979),Meatballs,Comedy,1979
3041,Meatballs Part II (1984),Meatballs Part II,Comedy,1984
3042,Meatballs III (1987),Meatballs III,Comedy,1987
3043,Meatballs 4 (1992),Meatballs 4,Comedy,1992
3044,Dead Again (1991),Dead Again,Mystery|Romance|Thriller,1991
3045,Peter's Friends (1992),Peter's Friends,Comedy|Drama,1992
3046,"Incredibly True Adventure of Two Girls in Love, The (1995)","Incredibly True Adventure of Two Girls in Love, The",Comedy|Romance,1995
3048,Under the Rainbow (1981),Under the Rainbow,Comedy,1981
3051,Anywhere But Here (1999),Anywhere But Here,Comedy|Drama,1999
3052,Dogma (1999),Dogma,Adventure|Comedy|Fantasy,1999
3053,"Messenger: The Story of Joan of Arc, The (1999)","Messenger: The Story of Joan of Arc, The",Drama|War,1999
3054,Pokémon: The First Movie (1998),Pokémon: The First Movie,Adventure|Animation|Children|Fantasy|Sci-Fi,1998
3055,Felicia's Journey (1999),Felicia's Journey,Thriller,1999
3056,Oxygen (1999),Oxygen,Crime|Drama|Thriller,1999
3057,Where's Marlowe? (1998),Where's Marlowe?,Comedy,1998
3060,"Commitments, The (1991)","Commitments, The",Comedy|Drama|Musical,1991
3061,Holiday Inn (1942),Holiday Inn,Comedy|Musical,1942
3062,"Longest Day, The (1962)","Longest Day, The",Action|Drama|War,1962
3063,Poison Ivy (1992),Poison Ivy,Drama|Thriller,1992
3064,Poison Ivy: New Seduction (1997),Poison Ivy: New Seduction,Drama|Thriller,1997
3066,Tora! Tora! Tora! (1970),Tora! Tora! Tora!,Action|Drama|War,1970
3067,Women on the Verge of a Nervous Breakdown (Mujeres al borde de un ataque de nervios) (1988),Women on the Verge of a Nervous Breakdown (Mujeres al borde de un ataque de nervios),Comedy|Drama,1988
3068,"Verdict, The (1982)","Verdict, The",Drama|Mystery,1982
3070,"Adventures of Buckaroo Banzai Across the 8th Dimension, The (1984)","Adventures of Buckaroo Banzai Across the 8th Dimension, The",Adventure|Comedy|Sci-Fi,1984
3071,Stand and Deliver (1988),Stand and Deliver,Comedy|Drama,1988
3072,Moonstruck (1987),Moonstruck,Comedy|Romance,1987
3073,"Sandpiper, The (1965)","Sandpiper, The",Drama|Romance,1965
3074,Jeremiah Johnson (1972),Jeremiah Johnson,Western,1972
3075,Repulsion (1965),Repulsion,Drama|Horror,1965
3076,Irma la Douce (1963),Irma la Douce,Comedy,1963
3077,42 Up (1998),42 Up,Documentary,1998
3078,Liberty Heights (1999),Liberty Heights,Drama,1999
3079,Mansfield Park (1999),Mansfield Park,Comedy|Drama|Romance,1999
3081,Sleepy Hollow (1999),Sleepy Hollow,Fantasy|Horror|Mystery|Romance,1999
3082,"World Is Not Enough, The (1999)","World Is Not Enough, The",Action|Adventure|Thriller,1999
3083,All About My Mother (Todo sobre mi madre) (1999),All About My Mother (Todo sobre mi madre),Drama,1999
3086,Babes in Toyland (1934),Babes in Toyland,Children|Comedy|Fantasy|Musical,1934
3087,Scrooged (1988),Scrooged,Comedy|Fantasy|Romance,1988
3088,Harvey (1950),Harvey,Comedy|Fantasy,1950
3089,Bicycle Thieves (a.k.a. The Bicycle Thief) (a.k.a. The Bicycle Thieves) (Ladri di biciclette) (1948),Bicycle Thieves (a.k.a. The Bicycle Thief) (a.k.a. The Bicycle Thieves) (Ladri di biciclette),Drama,1948
3090,Matewan (1987),Matewan,Drama,1987
3091,Kagemusha (1980),Kagemusha,Drama|War,1980
3093,McCabe & Mrs. Miller (1971),McCabe & Mrs. Miller,Drama|Western,1971
3094,Maurice (1987),Maurice,Drama|Romance,1987
3095,"Grapes of Wrath, The (1940)","Grapes of Wrath, The",Drama,1940
3096,My Man Godfrey (1957),My Man Godfrey,Comedy,1957
3097,"Shop Around the Corner, The (1940)","Shop Around the Corner, The",Comedy|Drama|Romance,1940
3098,"Natural, The (1984)","Natural, The",Drama,1984
3099,Shampoo (1975),Shampoo,Comedy|Drama|Romance,1975
3100,"River Runs Through It, A (1992)","River Runs Through It, A",Drama,1992
3101,Fatal Attraction (1987),Fatal Attraction,Drama|Thriller,1987
3102,Jagged Edge (1985),Jagged Edge,Crime|Romance|Thriller,1985
3103,Stanley & Iris (1990),Stanley & Iris,Drama|Romance,1990
3104,Midnight Run (1988),Midnight Run,Action|Comedy|Crime|Thriller,1988
3105,Awakenings (1990),Awakenings,Drama|Mystery,1990
3106,Come See the Paradise (1990),Come See the Paradise,Drama|Romance,1990
3107,Backdraft (1991),Backdraft,Action|Drama,1991
3108,"Fisher King, The (1991)","Fisher King, The",Comedy|Drama|Fantasy|Romance,1991
3109,"River, The (1984)","River, The",Drama,1984
3111,Places in the Heart (1984),Places in the Heart,Drama,1984
3112,'night Mother (1986),'night Mother,Drama,1986
3113,End of Days (1999),End of Days,Action|Fantasy|Horror|Mystery|Thriller,1999
3114,Toy Story 2 (1999),Toy Story 2,Adventure|Animation|Children|Comedy|Fantasy,1999
3115,Flawless (1999),Flawless,Drama,1999
3117,Ride with the Devil (1999),Ride with the Devil,Drama|Romance|War,1999
3120,"Distinguished Gentleman, The (1992)","Distinguished Gentleman, The",Comedy,1992
3125,"End of the Affair, The (1999)","End of the Affair, The",Drama,1999
3127,Holy Smoke (1999),Holy Smoke,Comedy|Drama,1999
3129,Sweet and Lowdown (1999),Sweet and Lowdown,Comedy|Drama,1999
3130,Bonfire of the Vanities (1990),Bonfire of the Vanities,Comedy|Crime|Drama,1990
3132,Daddy Long Legs (1919),Daddy Long Legs,Comedy|Drama,1919
3134,Grand Illusion (La grande illusion) (1937),Grand Illusion (La grande illusion),Drama|War,1937
3135,"Great Santini, The (1979)","Great Santini, The",Drama,1979
3138,Stealing Home (1988),Stealing Home,Drama,1988
3141,"Two Jakes, The (1990)","Two Jakes, The",Drama,1990
3142,U2: Rattle and Hum (1988),U2: Rattle and Hum,Documentary|Musical,1988
3143,Hell in the Pacific (1968),Hell in the Pacific,Drama|War,1968
3145,Cradle Will Rock (1999),Cradle Will Rock,Drama,1999
3146,Deuce Bigalow: Male Gigolo (1999),Deuce Bigalow: Male Gigolo,Comedy,1999
3147,"Green Mile, The (1999)","Green Mile, The",Crime|Drama,1999
3148,"Cider House Rules, The (1999)","Cider House Rules, The",Drama,1999
3150,"War Zone, The (1999)","War Zone, The",Drama|Thriller,1999
3152,"Last Picture Show, The (1971)","Last Picture Show, The",Drama,1971
3153,"7th Voyage of Sinbad, The (1958)","7th Voyage of Sinbad, The",Action|Adventure|Fantasy,1958
3155,Anna and the King (1999),Anna and the King,Drama|Romance,1999
3156,Bicentennial Man (1999),Bicentennial Man,Drama|Romance|Sci-Fi,1999
3157,Stuart Little (1999),Stuart Little,Children|Comedy|Fantasy,1999
3158,"Emperor and the Assassin, The (Jing ke ci qin wang) (1999)","Emperor and the Assassin, The (Jing ke ci qin wang)",Drama,1999
3159,Fantasia 2000 (1999),Fantasia 2000,Animation|Children|Musical|IMAX,1999
3160,Magnolia (1999),Magnolia,Drama,1999
3161,Onegin (1999),Onegin,Drama|Romance,1999
3162,Simpatico (1999),Simpatico,Comedy|Drama,1999
3163,Topsy-Turvy (1999),Topsy-Turvy,Comedy|Drama|Musical,1999
3165,Boiling Point (1993),Boiling Point,Action|Drama,1993
3167,Carnal Knowledge (1971),Carnal Knowledge,Comedy|Drama,1971
3168,Easy Rider (1969),Easy Rider,Adventure|Drama,1969
3169,The Falcon and the Snowman (1985),The Falcon and the Snowman,Crime|Drama|Thriller,1985
3171,Room at the Top (1959),Room at the Top,Drama,1959
3173,Any Given Sunday (1999),Any Given Sunday,Drama,1999
3174,Man on the Moon (1999),Man on the Moon,Comedy|Drama,1999
3175,Galaxy Quest (1999),Galaxy Quest,Adventure|Comedy|Sci-Fi,1999
3176,"Talented Mr. Ripley, The (1999)","Talented Mr. Ripley, The",Drama|Mystery|Thriller,1999
3177,Next Friday (2000),Next Friday,Comedy,2000
3178,"Hurricane, The (1999)","Hurricane, The",Drama,1999
3179,Angela's Ashes (1999),Angela's Ashes,Drama,1999
3181,Titus (1999),Titus,Drama,1999
3182,"Mr. Death: The Rise and Fall of Fred A. Leuchter, Jr. (1999)","Mr. Death: The Rise and Fall of Fred A. Leuchter, Jr.",Documentary,1999
3183,"Third Miracle, The (1999)","Third Miracle, The",Drama,1999
3185,Snow Falling on Cedars (1999),Snow Falling on Cedars,Drama,1999
3186,"Girl, Interrupted (1999)","Girl, Interrupted",Drama,1999
3189,My Dog Skip (1999),My Dog Skip,Children|Drama,1999
3190,Supernova (2000),Supernova,Adventure|Sci-Fi|Thriller,2000
3192,"Terrorist, The (a.k.a. Malli) (Theeviravaathi) (1998)","Terrorist, The (a.k.a. Malli) (Theeviravaathi)",Drama,1998
3194,"Way We Were, The (1973)","Way We Were, The",Drama|Romance,1973
3196,Stalag 17 (1953),Stalag 17,Drama|War,1953
3197,"Presidio, The (1988)","Presidio, The",Action|Crime|Romance|Thriller,1988
3198,Papillon (1973),Papillon,Crime|Drama,1973
3200,"Last Detail, The (1973)","Last Detail, The",Comedy|Drama,1973
3201,Five Easy Pieces (1970),Five Easy Pieces,Drama,1970
3203,Dead Calm (1989),Dead Calm,Thriller,1989
3204,"Boys from Brazil, The (1978)","Boys from Brazil, The",Action|Mystery|Thriller,1978
3206,Against All Odds (1984),Against All Odds,Romance,1984
3208,Loaded Weapon 1 (National Lampoon's Loaded Weapon 1) (1993),Loaded Weapon 1 (National Lampoon's Loaded Weapon 1),Action|Comedy,1993
3210,Fast Times at Ridgemont High (1982),Fast Times at Ridgemont High,Comedy|Drama|Romance,1982
3211,"Cry in the Dark, A (1988)","Cry in the Dark, A",Drama,1988
3213,Batman: Mask of the Phantasm (1993),Batman: Mask of the Phantasm,Animation|Children,1993
3214,American Flyers (1985),American Flyers,Drama,1985
3217,"Star Is Born, A (1937)","Star Is Born, A",Drama,1937
3219,Pacific Heights (1990),Pacific Heights,Mystery|Thriller,1990
3221,"Draughtsman's Contract, The (1982)","Draughtsman's Contract, The",Drama,1982
3223,"Zed & Two Noughts, A (1985)","Zed & Two Noughts, A",Drama,1985
3224,Woman in the Dunes (Suna no onna) (1964),Woman in the Dunes (Suna no onna),Drama,1964
3225,Down to You (2000),Down to You,Comedy|Romance,2000
3230,"Odessa File, The (1974)","Odessa File, The",Thriller,1974
3235,Where the Buffalo Roam (1980),Where the Buffalo Roam,Comedy,1980
3238,Eye of the Beholder (1999),Eye of the Beholder,Thriller,1999
3240,"Big Tease, The (1999)","Big Tease, The",Comedy,1999
3241,"Cup, The (Phörpa) (1999)","Cup, The (Phörpa)",Comedy,1999
3243,Encino Man (1992),Encino Man,Comedy,1992
3244,"Goodbye Girl, The (1977)","Goodbye Girl, The",Comedy|Romance,1977
3246,Malcolm X (1992),Malcolm X,Drama,1992
3247,Sister Act (1992),Sister Act,Comedy|Crime,1992
3248,Sister Act 2: Back in the Habit (1993),Sister Act 2: Back in the Habit,Comedy,1993
3249,"Hand That Rocks the Cradle, The (1992)","Hand That Rocks the Cradle, The",Drama|Thriller,1992
3250,Alive (1993),Alive,Drama,1993
3251,Agnes of God (1985),Agnes of God,Drama|Mystery,1985
3252,Scent of a Woman (1992),Scent of a Woman,Drama,1992
3253,Wayne's World (1992),Wayne's World,Comedy,1992
3254,Wayne's World 2 (1993),Wayne's World 2,Comedy,1993
3255,"League of Their Own, A (1992)","League of Their Own, A",Comedy|Drama,1992
3256,Patriot Games (1992),Patriot Games,Action|Crime|Drama|Thriller,1992
3257,"Bodyguard, The (1992)","Bodyguard, The",Drama|Romance|Thriller,1992
3258,Death Becomes Her (1992),Death Becomes Her,Comedy|Fantasy,1992
3259,Far and Away (1992),Far and Away,Adventure|Drama|Romance,1992
3260,Howards End (1992),Howards End,Drama,1992
3261,Singles (1992),Singles,Comedy|Drama|Romance,1992
3262,Twin Peaks: Fire Walk with Me (1992),Twin Peaks: Fire Walk with Me,Crime|Drama|Mystery|Thriller,1992
3263,White Men Can't Jump (1992),White Men Can't Jump,Comedy|Drama,1992
3264,Buffy the Vampire Slayer (1992),Buffy the Vampire Slayer,Action|Comedy|Horror,1992
3265,Hard-Boiled (Lat sau san taam) (1992),Hard-Boiled (Lat sau san taam),Action|Crime|Drama|Thriller,1992
3266,Man Bites Dog (C'est arrivé près de chez vous) (1992),Man Bites Dog (C'est arrivé près de chez vous),Comedy|Crime|Drama|Thriller,1992
3267,"Mariachi, El (1992)","Mariachi, El",Action|Crime|Thriller|Western,1992
3268,Stop! Or My Mom Will Shoot (1992),Stop! Or My Mom Will Shoot,Action|Comedy,1992
3269,Forever Young (1992),Forever Young,Drama|Romance|Sci-Fi,1992
3270,"Cutting Edge, The (1992)","Cutting Edge, The",Comedy|Drama|Romance,1992
3271,Of Mice and Men (1992),Of Mice and Men,Drama,1992
3272,Bad Lieutenant (1992),Bad Lieutenant,Crime|Drama,1992
3273,Scream 3 (2000),Scream 3,Comedy|Horror|Mystery|Thriller,2000
3274,Single White Female (1992),Single White Female,Drama|Thriller,1992
3275,"Boondock Saints, The (2000)","Boondock Saints, The",Action|Crime|Drama|Thriller,2000
3276,Gun Shy (2000),Gun Shy,Comedy,2000
3280,"Baby, The (1973)","Baby, The",Horror,1973
3281,"Brandon Teena Story, The (1998)","Brandon Teena Story, The",Documentary,1998
3283,Minnie and Moskowitz (1971),Minnie and Moskowitz,Action,1971
3284,They Might Be Giants (1971),They Might Be Giants,Comedy|Mystery|Romance,1971
3285,"Beach, The (2000)","Beach, The",Adventure|Drama,2000
3286,Snow Day (2000),Snow Day,Comedy,2000
3287,"Tigger Movie, The (2000)","Tigger Movie, The",Animation|Children,2000
3289,Not One Less (Yi ge dou bu neng shao) (1999),Not One Less (Yi ge dou bu neng shao),Drama,1999
3294,Eaten Alive (1977),Eaten Alive,Horror,1977
3295,Raining Stones (1993),Raining Stones,Drama,1993
3296,To Sir with Love (1967),To Sir with Love,Drama,1967
3298,Boiler Room (2000),Boiler Room,Crime|Drama|Thriller,2000
3299,Hanging Up (2000),Hanging Up,Comedy|Drama,2000
3300,Pitch Black (2000),Pitch Black,Horror|Sci-Fi|Thriller,2000
3301,"Whole Nine Yards, The (2000)","Whole Nine Yards, The",Comedy|Crime,2000
3302,Beautiful People (1999),Beautiful People,Comedy,1999
3303,Black Tar Heroin: The Dark End of the Street (2000),Black Tar Heroin: The Dark End of the Street,Documentary,2000
3306,"Circus, The (1928)","Circus, The",Comedy,1928
3307,City Lights (1931),City Lights,Comedy|Drama|Romance,1931
3308,"Flamingo Kid, The (1984)","Flamingo Kid, The",Comedy|Drama,1984
3310,"Kid, The (1921)","Kid, The",Comedy|Drama,1921
3313,Class Reunion (1982),Class Reunion,Comedy,1982
3315,Happy Go Lovely (1951),Happy Go Lovely,Musical,1951
3316,Reindeer Games (2000),Reindeer Games,Action|Thriller,2000
3317,Wonder Boys (2000),Wonder Boys,Comedy|Drama,2000
3323,Chain of Fools (2000),Chain of Fools,Comedy|Crime,2000
3324,Drowning Mona (2000),Drowning Mona,Comedy,2000
3325,"Next Best Thing, The (2000)","Next Best Thing, The",Comedy|Drama,2000
3326,What Planet Are You From? (2000),What Planet Are You From?,Comedy|Sci-Fi,2000
3327,Beyond the Mat (1999),Beyond the Mat,Documentary,1999
3328,Ghost Dog: The Way of the Samurai (1999),Ghost Dog: The Way of the Samurai,Crime|Drama,1999
3329,The Year My Voice Broke (1987),The Year My Voice Broke,Drama|Romance,1987
3330,Splendor in the Grass (1961),Splendor in the Grass,Drama|Romance,1961
3331,My Tutor (1983),My Tutor,Drama,1983
3334,Key Largo (1948),Key Largo,Crime|Drama|Film-Noir|Thriller,1948
3338,For All Mankind (1989),For All Mankind,Documentary,1989
3341,Born Yesterday (1950),Born Yesterday,Comedy,1950
3342,Birdy (1984),Birdy,Drama|War,1984
3344,Blood Feast (1963),Blood Feast,Horror,1963
3345,"Charlie, the Lonesome Cougar (1967)","Charlie, the Lonesome Cougar",Adventure|Children,1967
3347,Never Cry Wolf (1983),Never Cry Wolf,Adventure|Drama,1983
3350,"Raisin in the Sun, A (1961)","Raisin in the Sun, A",Drama,1961
3353,"Closer You Get, The (2000)","Closer You Get, The",Comedy|Romance,2000
3354,Mission to Mars (2000),Mission to Mars,Sci-Fi,2000
3355,"Ninth Gate, The (1999)","Ninth Gate, The",Fantasy|Horror|Mystery|Thriller,1999
3357,East-West (Est-ouest) (1999),East-West (Est-ouest),Drama|Romance,1999
3358,Defending Your Life (1991),Defending Your Life,Comedy|Drama|Fantasy|Romance,1991
3359,Breaking Away (1979),Breaking Away,Comedy|Drama,1979
3360,Hoosiers (a.k.a. Best Shot) (1986),Hoosiers (a.k.a. Best Shot),Drama|Romance,1986
3361,Bull Durham (1988),Bull Durham,Comedy|Drama|Romance,1988
3362,Dog Day Afternoon (1975),Dog Day Afternoon,Crime|Drama,1975
3363,American Graffiti (1973),American Graffiti,Comedy|Drama,1973
3364,"Asphalt Jungle, The (1950)","Asphalt Jungle, The",Crime|Film-Noir,1950
3365,"Searchers, The (1956)","Searchers, The",Drama|Western,1956
3368,"Big Country, The (1958)","Big Country, The",Romance|Western,1958
3370,Betrayed (1988),Betrayed,Drama|Thriller,1988
3372,"Bridge at Remagen, The (1969)","Bridge at Remagen, The",Action|War,1969
3374,Daughters of the Dust (1991),Daughters of the Dust,Drama,1991
3378,"Ogre, The (Unhold, Der) (1996)","Ogre, The (Unhold, Der)",Drama,1996
3379,On the Beach (1959),On the Beach,Drama,1959
3384,"Taking of Pelham One Two Three, The (1974)","Taking of Pelham One Two Three, The",Action|Crime,1974
3385,Volunteers (1985),Volunteers,Comedy,1985
3386,JFK (1991),JFK,Drama|Mystery|Thriller,1991
3387,Who's Harry Crumb? (1989),Who's Harry Crumb?,Comedy|Mystery,1989
3388,Harry and the Hendersons (1987),Harry and the Hendersons,Children|Comedy,1987
3389,Let's Get Harry (1986),Let's Get Harry,Action|Adventure,1986
3390,Shanghai Surprise (1986),Shanghai Surprise,Adventure|Crime|Drama|Romance,1986
3391,Who's That Girl? (1987),Who's That Girl?,Comedy,1987
3392,She-Devil (1989),She-Devil,Comedy,1989
3393,Date with an Angel (1987),Date with an Angel,Comedy|Fantasy|Romance,1987
3394,Blind Date (1987),Blind Date,Comedy|Romance,1987
3395,Nadine (1987),Nadine,Comedy,1987
3396,"Muppet Movie, The (1979)","Muppet Movie, The",Adventure|Children|Comedy|Musical,1979
3397,"Great Muppet Caper, The (1981)","Great Muppet Caper, The",Children|Comedy,1981
3398,"Muppets Take Manhattan, The (1984)","Muppets Take Manhattan, The",Children|Comedy|Musical,1984
3400,We're Back! A Dinosaur's Story (1993),We're Back! A Dinosaur's Story,Adventure|Animation|Children|Fantasy,1993
3401,Baby... Secret of the Lost Legend (1985),Baby... Secret of the Lost Legend,Adventure|Sci-Fi,1985
3402,Turtle Diary (1985),Turtle Diary,Comedy|Drama|Romance,1985
3403,Raise the Titanic (1980),Raise the Titanic,Drama|Thriller,1980
3404,Titanic (1953),Titanic,Action|Drama,1953
3405,"Night to Remember, A (1958)","Night to Remember, A",Action|Drama,1958
3406,Captain Horatio Hornblower R.N. (1951),Captain Horatio Hornblower R.N.,Action|Adventure|Drama|War,1951
3408,Erin Brockovich (2000),Erin Brockovich,Drama,2000
3409,Final Destination (2000),Final Destination,Drama|Thriller,2000
3410,Soft Fruit (1999),Soft Fruit,Comedy|Drama,1999
3412,"Bear, The (Ours, L') (1988)","Bear, The (Ours, L')",Adventure|Children|Drama,1988
3414,Love Is a Many-Splendored Thing (1955),Love Is a Many-Splendored Thing,Drama|Romance|War,1955
3415,"Mirror, The (Zerkalo) (1975)","Mirror, The (Zerkalo)",Drama,1975
3417,"Crimson Pirate, The (1952)","Crimson Pirate, The",Adventure|Comedy,1952
3418,Thelma & Louise (1991),Thelma & Louise,Adventure|Crime|Drama,1991
3420,...And Justice for All (1979),...And Justice for All,Drama|Thriller,1979
3421,Animal House (1978),Animal House,Comedy,1978
3422,She's Gotta Have It (1986),She's Gotta Have It,Comedy|Romance,1986
3423,School Daze (1988),School Daze,Drama,1988
3424,Do the Right Thing (1989),Do the Right Thing,Drama,1989
3425,Mo' Better Blues (1990),Mo' Better Blues,Drama|Musical,1990
3426,Jungle Fever (1991),Jungle Fever,Drama|Romance,1991
3428,"Champ, The (1979)","Champ, The",Drama,1979
3429,Creature Comforts (1989),Creature Comforts,Animation|Comedy,1989
3430,Death Wish (1974),Death Wish,Action|Crime|Drama,1974
3431,Death Wish 2 (1982),Death Wish 2,Action|Drama,1982
3432,Death Wish 3 (1985),Death Wish 3,Action|Drama,1985
3433,Death Wish 4: The Crackdown (1987),Death Wish 4: The Crackdown,Action|Drama,1987
3434,Death Wish 5: The Face of Death (1994),Death Wish 5: The Face of Death,Action|Drama,1994
3435,Double Indemnity (1944),Double Indemnity,Crime|Drama|Film-Noir,1944
3436,Dying Young (1991),Dying Young,Drama|Romance,1991
3438,Teenage Mutant Ninja Turtles (1990),Teenage Mutant Ninja Turtles,Action|Children|Comedy|Fantasy|Sci-Fi,1990
3439,Teenage Mutant Ninja Turtles II: The Secret of the Ooze (1991),Teenage Mutant Ninja Turtles II: The Secret of the Ooze,Action|Children|Fantasy,1991
3440,Teenage Mutant Ninja Turtles III (1993),Teenage Mutant Ninja Turtles III,Action|Adventure|Children|Comedy|Fantasy,1993
3441,Red Dawn (1984),Red Dawn,Action|Drama|War,1984
3442,Band of the Hand (1986),Band of the Hand,Action|Crime|Drama,1986
3444,Bloodsport (1988),Bloodsport,Action,1988
3445,Eyes of Laura Mars (1978),Eyes of Laura Mars,Mystery|Thriller,1978
3446,Funny Bones (1995),Funny Bones,Comedy|Drama,1995
3447,"Good Earth, The (1937)","Good Earth, The",Drama,1937
3448,"Good Morning, Vietnam (1987)","Good Morning, Vietnam",Comedy|Drama|War,1987
3449,"Good Mother, The (1988)","Good Mother, The",Drama,1988
3450,Grumpy Old Men (1993),Grumpy Old Men,Comedy,1993
3451,Guess Who's Coming to Dinner (1967),Guess Who's Coming to Dinner,Drama,1967
3452,Romeo Must Die (2000),Romeo Must Die,Action|Crime|Romance|Thriller,2000
3453,Here on Earth (2000),Here on Earth,Drama|Romance,2000
3454,Whatever It Takes (2000),Whatever It Takes,Comedy|Romance,2000
3455,Buddy Boy (1999),Buddy Boy,Drama|Thriller,1999
3456,"Color of Paradise, The (Rang-e khoda) (1999)","Color of Paradise, The (Rang-e khoda)",Drama,1999
3459,Gothic (1986),Gothic,Drama|Horror,1986
3461,Lord of the Flies (1963),Lord of the Flies,Adventure|Drama|Thriller,1963
3462,Modern Times (1936),Modern Times,Comedy|Drama|Romance,1936
3466,Heart and Souls (1993),Heart and Souls,Comedy|Fantasy,1993
3467,Hud (1963),Hud,Drama|Western,1963
3468,"Hustler, The (1961)","Hustler, The",Drama,1961
3469,Inherit the Wind (1960),Inherit the Wind,Drama,1960
3470,Dersu Uzala (1975),Dersu Uzala,Adventure|Drama,1975
3471,Close Encounters of the Third Kind (1977),Close Encounters of the Third Kind,Adventure|Drama|Sci-Fi,1977
3473,Jonah Who Will Be 25 in the Year 2000 (Jonas qui aura 25 ans en l'an 2000) (1976),Jonah Who Will Be 25 in the Year 2000 (Jonas qui aura 25 ans en l'an 2000),Comedy,1976
3474,Retroactive (1997),Retroactive,Sci-Fi|Thriller,1997
3475,"Place in the Sun, A (1951)","Place in the Sun, A",Drama|Romance,1951
3476,Jacob's Ladder (1990),Jacob's Ladder,Horror|Mystery,1990
3477,Empire Records (1995),Empire Records,Comedy|Drama,1995
3478,"Bamba, La (1987)","Bamba, La",Drama,1987
3479,Ladyhawke (1985),Ladyhawke,Adventure|Fantasy|Romance,1985
3480,Lucas (1986),Lucas,Drama|Romance,1986
3481,High Fidelity (2000),High Fidelity,Comedy|Drama|Romance,2000
3483,"Road to El Dorado, The (2000)","Road to El Dorado, The",Animation|Children,2000
3484,"Skulls, The (2000)","Skulls, The",Thriller,2000
3489,Hook (1991),Hook,Adventure|Comedy|Fantasy,1991
3492,"Son of the Sheik, The (1926)","Son of the Sheik, The",Adventure|Comedy|Romance,1926
3494,True Grit (1969),True Grit,Adventure|Drama|Western,1969
3496,Madame Sousatzka (1988),Madame Sousatzka,Drama,1988
3497,Max Dugan Returns (1983),Max Dugan Returns,Comedy,1983
3498,Midnight Express (1978),Midnight Express,Drama,1978
3499,Misery (1990),Misery,Drama|Horror|Thriller,1990
3500,Mr. Saturday Night (1992),Mr. Saturday Night,Comedy|Drama,1992
3501,Murphy's Romance (1985),Murphy's Romance,Comedy|Romance,1985
3502,My Life (1993),My Life,Drama,1993
3503,Solaris (Solyaris) (1972),Solaris (Solyaris),Drama|Mystery|Sci-Fi,1972
3504,Network (1976),Network,Comedy|Drama,1976
3505,No Way Out (1987),No Way Out,Drama|Mystery|Thriller,1987
3506,North Dallas Forty (1979),North Dallas Forty,Comedy|Drama,1979
3507,"Odd Couple, The (1968)","Odd Couple, The",Comedy,1968
3508,"Outlaw Josey Wales, The (1976)","Outlaw Josey Wales, The",Action|Adventure|Drama|Thriller|Western,1976
3510,Frequency (2000),Frequency,Drama|Thriller,2000
3511,Ready to Rumble (2000),Ready to Rumble,Comedy,2000
3512,Return to Me (2000),Return to Me,Drama|Romance,2000
3513,Rules of Engagement (2000),Rules of Engagement,Drama|Thriller,2000
3514,Joe Gould's Secret (2000),Joe Gould's Secret,Drama,2000
3515,Me Myself I (2000),Me Myself I,Comedy|Romance,2000
3516,"Bell, Book and Candle (1958)","Bell, Book and Candle",Comedy|Fantasy|Romance,1958
3519,Force 10 from Navarone (1978),Force 10 from Navarone,Action|Drama|War,1978
3521,Mystery Train (1989),Mystery Train,Comedy|Drama,1989
3524,Arthur (1981),Arthur,Comedy|Romance,1981
3525,Bachelor Party (1984),Bachelor Party,Comedy,1984
3526,Parenthood (1989),Parenthood,Comedy|Drama,1989
3527,Predator (1987),Predator,Action|Sci-Fi|Thriller,1987
3528,"Prince of Tides, The (1991)","Prince of Tides, The",Drama|Romance,1991
3529,"Postman Always Rings Twice, The (1981)","Postman Always Rings Twice, The",Crime|Thriller,1981
3531,All the Vermeers in New York (1990),All the Vermeers in New York,Comedy|Drama|Romance,1990
3534,28 Days (2000),28 Days,Drama,2000
3535,American Psycho (2000),American Psycho,Crime|Horror|Mystery|Thriller,2000
3536,Keeping the Faith (2000),Keeping the Faith,Comedy|Drama|Romance,2000
3537,Where the Money Is (2000),Where the Money Is,Comedy|Drama,2000
3538,East is East (1999),East is East,Comedy,1999
3539,"Filth and the Fury, The (2000)","Filth and the Fury, The",Documentary,2000
3543,Diner (1982),Diner,Comedy|Drama,1982
3544,Shakes the Clown (1992),Shakes the Clown,Comedy,1992
3545,Cabaret (1972),Cabaret,Drama|Musical,1972
3546,What Ever Happened to Baby Jane? (1962),What Ever Happened to Baby Jane?,Drama|Horror|Thriller,1962
3548,Auntie Mame (1958),Auntie Mame,Comedy|Drama,1958
3549,Guys and Dolls (1955),Guys and Dolls,Comedy|Musical|Romance,1955
3550,The Hunger (1983),The Hunger,Horror,1983
3551,Marathon Man (1976),Marathon Man,Crime|Drama|Thriller,1976
3552,Caddyshack (1980),Caddyshack,Comedy,1980
3553,Gossip (2000),Gossip,Drama|Thriller,2000
3554,Love and Basketball (2000),Love and Basketball,Drama|Romance,2000
3555,U-571 (2000),U-571,Action|Thriller|War,2000
3556,"Virgin Suicides, The (1999)","Virgin Suicides, The",Drama|Romance,1999
3557,Jennifer 8 (1992),Jennifer 8,Mystery|Thriller,1992
3559,Limelight (1952),Limelight,Comedy|Drama|Romance,1952
3563,"Crow: Salvation, The (2000)","Crow: Salvation, The",Action|Horror,2000
3564,"Flintstones in Viva Rock Vegas, The (2000)","Flintstones in Viva Rock Vegas, The",Children|Comedy,2000
3565,Where the Heart Is (2000),Where the Heart Is,Comedy|Drama,2000
3566,"Big Kahuna, The (2000)","Big Kahuna, The",Comedy|Drama,2000
3567,Bossa Nova (2000),Bossa Nova,Comedy|Drama|Romance,2000
3568,Smiling Fish and Goat on Fire (1999),Smiling Fish and Goat on Fire,Comedy|Romance,1999
3569,"Idiots, The (Idioterne) (1998)","Idiots, The (Idioterne)",Comedy|Drama,1998
3571,Time Code (2000),Time Code,Comedy|Drama,2000
3572,Carnosaur (1993),Carnosaur,Horror|Sci-Fi,1993
3573,Carnosaur 2 (1995),Carnosaur 2,Horror|Sci-Fi,1995
3574,Carnosaur 3: Primal Species (1996),Carnosaur 3: Primal Species,Horror|Sci-Fi,1996
3576,"Hidden, The (1987)","Hidden, The",Action|Horror|Sci-Fi,1987
3577,Two Moon Junction (1988),Two Moon Junction,Drama|Romance,1988
3578,Gladiator (2000),Gladiator,Action|Adventure|Drama,2000
3580,Up at the Villa (2000),Up at the Villa,Drama,2000
3581,Human Traffic (1999),Human Traffic,Comedy,1999
3584,Breathless (1983),Breathless,Action|Drama|Romance|Thriller,1983
3586,The Idolmaker (1980),The Idolmaker,Drama|Romance,1980
3587,Inferno (1980),Inferno,Horror,1980
3590,"Lords of Flatbush, The (1974)","Lords of Flatbush, The",Comedy|Drama,1974
3591,Mr. Mom (1983),Mr. Mom,Comedy|Drama,1983
3592,"Time Masters (Maîtres du temps, Les) (1982)","Time Masters (Maîtres du temps, Les)",Animation|Sci-Fi,1982
3593,Battlefield Earth (2000),Battlefield Earth,Action|Sci-Fi,2000
3594,Center Stage (2000),Center Stage,Drama|Musical,2000
3596,Screwed (2000),Screwed,Comedy,2000
3597,Whipped (2000),Whipped,Comedy,2000
3598,Hamlet (2000),Hamlet,Crime|Drama|Romance|Thriller,2000
3599,Anchors Aweigh (1945),Anchors Aweigh,Comedy|Musical,1945
3604,Gypsy (1962),Gypsy,Musical,1962
3606,On the Town (1949),On the Town,Comedy|Musical|Romance,1949
3608,Pee-wee's Big Adventure (1985),Pee-wee's Big Adventure,Adventure|Comedy,1985
3609,Regret to Inform (1998),Regret to Inform,Documentary,1998
3614,Honeymoon in Vegas (1992),Honeymoon in Vegas,Comedy|Romance,1992
3615,Dinosaur (2000),Dinosaur,Adventure|Animation|Children,2000
3616,Loser (2000),Loser,Comedy|Romance,2000
3617,Road Trip (2000),Road Trip,Comedy,2000
3618,Small Time Crooks (2000),Small Time Crooks,Comedy|Crime,2000
3619,"Hollywood Knights, The (1980)","Hollywood Knights, The",Comedy,1980
3622,"Twelve Chairs, The (1970)","Twelve Chairs, The",Comedy,1970
3623,Mission: Impossible II (2000),Mission: Impossible II,Action|Adventure|Thriller,2000
3624,Shanghai Noon (2000),Shanghai Noon,Action|Adventure|Comedy|Western,2000
3625,Better Living Through Circuitry (1999),Better Living Through Circuitry,Documentary,1999
3626,8 ½ Women (a.k.a. 8 1/2 Women) (a.k.a. Eight and a Half Women) (1999),8 ½ Women (a.k.a. 8 1/2 Women) (a.k.a. Eight and a Half Women),Comedy,1999
3627,Carnival of Souls (1962),Carnival of Souls,Horror|Thriller,1962
3628,Flying Tigers (1942),Flying Tigers,Action|Drama|Romance|War,1942
3629,"Gold Rush, The (1925)","Gold Rush, The",Adventure|Comedy|Romance,1925
3632,Monsieur Verdoux (1947),Monsieur Verdoux,Comedy|Crime,1947
3633,On Her Majesty's Secret Service (1969),On Her Majesty's Secret Service,Action|Adventure|Romance|Thriller,1969
3634,Seven Days in May (1964),Seven Days in May,Thriller,1964
3635,"Spy Who Loved Me, The (1977)","Spy Who Loved Me, The",Action|Adventure|Thriller,1977
3637,Vagabond (Sans toit ni loi) (1985),Vagabond (Sans toit ni loi),Drama,1985
3638,Moonraker (1979),Moonraker,Action|Adventure|Sci-Fi|Thriller,1979
3639,"Man with the Golden Gun, The (1974)","Man with the Golden Gun, The",Action|Adventure|Thriller,1974
3640,"King in New York, A (1957)","King in New York, A",Comedy|Drama,1957
3641,"Woman of Paris, A (1923)","Woman of Paris, A",Drama,1923
3643,"Fighting Seabees, The (1944)","Fighting Seabees, The",Action|Drama|War,1944
3646,Big Momma's House (2000),Big Momma's House,Comedy,2000
3648,"Abominable Snowman, The (Abominable Snowman of the Himalayas, The) (1957)","Abominable Snowman, The (Abominable Snowman of the Himalayas, The)",Horror|Sci-Fi,1957
3649,American Gigolo (1980),American Gigolo,Drama,1980
3652,"City of the Living Dead (a.k.a. Gates of Hell, The) (Paura nella città dei morti viventi) (1980)","City of the Living Dead (a.k.a. Gates of Hell, The) (Paura nella città dei morti viventi)",Horror,1980
3653,"Endless Summer, The (1966)","Endless Summer, The",Documentary,1966
3654,"Guns of Navarone, The (1961)","Guns of Navarone, The",Action|Adventure|Drama|War,1961
3655,Blow-Out (La grande bouffe) (1973),Blow-Out (La grande bouffe),Drama,1973
3658,Quatermass and the Pit (1967),Quatermass and the Pit,Horror|Sci-Fi,1967
3660,Puppet Master (1989),Puppet Master,Horror|Sci-Fi|Thriller,1989
3661,Puppet Master II (1991),Puppet Master II,Horror|Sci-Fi|Thriller,1991
3662,Puppet Master III: Toulon's Revenge (1991),Puppet Master III: Toulon's Revenge,Horror|Sci-Fi|Thriller,1991
3663,Puppet Master 4 (1993),Puppet Master 4,Horror|Sci-Fi|Thriller,1993
3664,Puppet Master 5: The Final Chapter (1994),Puppet Master 5: The Final Chapter,Horror|Sci-Fi|Thriller,1994
3667,Rent-A-Cop (1988),Rent-A-Cop,Action|Comedy|Crime,1988
3668,Romeo and Juliet (1968),Romeo and Juliet,Drama|Romance,1968
3669,Stay Tuned (1992),Stay Tuned,Comedy,1992
3671,Blazing Saddles (1974),Blazing Saddles,Comedy|Western,1974
3672,Benji (1974),Benji,Adventure|Children,1974
3673,Benji the Hunted (1987),Benji the Hunted,Adventure|Children,1987
3674,For the Love of Benji (1977),For the Love of Benji,Adventure|Children|Comedy|Drama,1977
3675,White Christmas (1954),White Christmas,Comedy|Musical|Romance,1954
3676,Eraserhead (1977),Eraserhead,Drama|Horror,1977
3677,Baraka (1992),Baraka,Documentary,1992
3678,"Man with the Golden Arm, The (1955)","Man with the Golden Arm, The",Drama,1955
3679,"Decline of Western Civilization, The (1981)","Decline of Western Civilization, The",Documentary|Musical,1981
3680,"Decline of Western Civilization Part II: The Metal Years, The (1988)","Decline of Western Civilization Part II: The Metal Years, The",Documentary,1988
3681,For a Few Dollars More (Per qualche dollaro in più) (1965),For a Few Dollars More (Per qualche dollaro in più),Action|Drama|Thriller|Western,1965
3682,Magnum Force (1973),Magnum Force,Action|Crime|Drama|Thriller,1973
3683,Blood Simple (1984),Blood Simple,Crime|Drama|Film-Noir,1984
3684,"Fabulous Baker Boys, The (1989)","Fabulous Baker Boys, The",Drama|Romance,1989
3685,Prizzi's Honor (1985),Prizzi's Honor,Comedy|Drama|Romance,1985
3686,Flatliners (1990),Flatliners,Horror|Sci-Fi|Thriller,1990
3687,Light Years (Gandahar) (1988),Light Years (Gandahar),Adventure|Animation|Fantasy|Sci-Fi,1988
3688,Porky's (1982),Porky's,Comedy,1982
3689,Porky's II: The Next Day (1983),Porky's II: The Next Day,Comedy,1983
3690,Porky's Revenge (1985),Porky's Revenge,Comedy,1985
3691,Private School (1983),Private School,Comedy,1983
3692,Class of Nuke 'Em High (1986),Class of Nuke 'Em High,Comedy|Horror,1986
3693,"Toxic Avenger, The (1985)","Toxic Avenger, The",Comedy|Horror,1985
3694,"Toxic Avenger, Part II, The (1989)","Toxic Avenger, Part II, The",Comedy|Horror,1989
3695,"Toxic Avenger Part III: The Last Temptation of Toxie, The (1989)","Toxic Avenger Part III: The Last Temptation of Toxie, The",Comedy|Horror,1989
3696,Night of the Creeps (1986),Night of the Creeps,Comedy|Horror|Sci-Fi|Thriller,1986
3697,Predator 2 (1990),Predator 2,Action|Sci-Fi|Thriller,1990
3698,"Running Man, The (1987)","Running Man, The",Action|Sci-Fi,1987
3699,Starman (1984),Starman,Adventure|Drama|Romance|Sci-Fi,1984
3700,"Brother from Another Planet, The (1984)","Brother from Another Planet, The",Drama|Sci-Fi,1984
3701,Alien Nation (1988),Alien Nation,Crime|Drama|Sci-Fi|Thriller,1988
3702,Mad Max (1979),Mad Max,Action|Adventure|Sci-Fi,1979
3703,"Road Warrior, The (Mad Max 2) (1981)","Road Warrior, The (Mad Max 2)",Action|Adventure|Sci-Fi|Thriller,1981
3704,Mad Max Beyond Thunderdome (1985),Mad Max Beyond Thunderdome,Action|Adventure|Sci-Fi,1985
3705,Bird on a Wire (1990),Bird on a Wire,Action|Comedy|Romance,1990
3706,Angel Heart (1987),Angel Heart,Film-Noir|Horror|Mystery|Thriller,1987
3707,9 1/2 Weeks (Nine 1/2 Weeks) (1986),9 1/2 Weeks (Nine 1/2 Weeks),Drama|Romance,1986
3708,Firestarter (1984),Firestarter,Horror|Thriller,1984
3709,Sleepwalkers (1992),Sleepwalkers,Horror,1992
3710,Action Jackson (1988),Action Jackson,Action|Comedy|Crime|Thriller,1988
3711,Sarafina! (1992),Sarafina!,Drama,1992
3712,Soapdish (1991),Soapdish,Comedy,1991
3713,"Long Walk Home, The (1990)","Long Walk Home, The",Drama,1990
3714,Clara's Heart (1988),Clara's Heart,Drama,1988
3715,Burglar (1987),Burglar,Comedy|Crime,1987
3716,Fatal Beauty (1987),Fatal Beauty,Action|Comedy|Crime|Drama,1987
3717,Gone in 60 Seconds (2000),Gone in 60 Seconds,Action|Crime,2000
3719,Love's Labour's Lost (2000),Love's Labour's Lost,Comedy|Romance,2000
3720,Sunshine (1999),Sunshine,Drama,1999
3723,Hamlet (1990),Hamlet,Drama,1990
3724,Coming Home (1978),Coming Home,Drama|War,1978
3725,American Pop (1981),American Pop,Animation|Musical,1981
3726,Assault on Precinct 13 (1976),Assault on Precinct 13,Action|Thriller,1976
3727,Near Dark (1987),Near Dark,Horror|Western,1987
3728,One False Move (1992),One False Move,Crime|Drama|Film-Noir|Thriller,1992
3729,Shaft (1971),Shaft,Action|Crime|Drama|Thriller,1971
3730,"Conversation, The (1974)","Conversation, The",Drama|Mystery,1974
3731,Cutter's Way (1981),Cutter's Way,Drama|Thriller,1981
3732,"Fury, The (1978)","Fury, The",Horror,1978
3733,"Paper Chase, The (1973)","Paper Chase, The",Drama,1973
3735,Serpico (1973),Serpico,Crime|Drama,1973
3736,"Ace in the Hole (Big Carnival, The) (1951)","Ace in the Hole (Big Carnival, The)",Drama,1951
3737,Lonely Are the Brave (1962),Lonely Are the Brave,Drama|Western,1962
3738,"Sugarland Express, The (1974)","Sugarland Express, The",Drama,1974
3739,Trouble in Paradise (1932),Trouble in Paradise,Comedy|Romance,1932
3740,Big Trouble in Little China (1986),Big Trouble in Little China,Action|Adventure|Comedy|Fantasy,1986
3741,Badlands (1973),Badlands,Crime|Drama|Thriller,1973
3742,Battleship Potemkin (1925),Battleship Potemkin,Drama|War,1925
3743,Boys and Girls (2000),Boys and Girls,Comedy|Romance,2000
3744,Shaft (2000),Shaft,Action|Crime|Thriller,2000
3745,Titan A.E. (2000),Titan A.E.,Action|Adventure|Animation|Children|Sci-Fi,2000
3746,Butterfly (La lengua de las mariposas) (1999),Butterfly (La lengua de las mariposas),Drama,1999
3747,Jesus' Son (1999),Jesus' Son,Drama,1999
3751,Chicken Run (2000),Chicken Run,Animation|Children|Comedy,2000
3752,"Me, Myself & Irene (2000)","Me, Myself & Irene",Adventure|Comedy,2000
3753,"Patriot, The (2000)","Patriot, The",Action|Drama|War,2000
3754,"Adventures of Rocky and Bullwinkle, The (2000)","Adventures of Rocky and Bullwinkle, The",Adventure|Animation|Children|Comedy|Fantasy,2000
3755,"Perfect Storm, The (2000)","Perfect Storm, The",Drama|Thriller,2000
3756,"Golden Bowl, The (2000)","Golden Bowl, The",Drama,2000
3758,Communion (1989),Communion,Drama|Sci-Fi|Thriller,1989
3760,"Kentucky Fried Movie, The (1977)","Kentucky Fried Movie, The",Comedy,1977
3761,"Blood In, Blood Out (1993)","Blood In, Blood Out",Action|Crime|Drama|Thriller,1993
3763,F/X (1986),F/X,Action|Crime|Thriller,1986
3764,F/X2 (a.k.a. F/X 2 - The Deadly Art of Illusion) (1991),F/X2 (a.k.a. F/X 2 - The Deadly Art of Illusion),Action|Crime|Thriller,1991
3765,"Hot Spot, The (1990)","Hot Spot, The",Crime|Drama|Romance,1990
3766,Missing in Action (1984),Missing in Action,Action|War,1984
3767,Missing in Action 2: The Beginning (1985),Missing in Action 2: The Beginning,Action|War,1985
3768,Braddock: Missing in Action III (1988),Braddock: Missing in Action III,Action|War,1988
3769,Thunderbolt and Lightfoot (1974),Thunderbolt and Lightfoot,Action,1974
3770,Dreamscape (1984),Dreamscape,Horror|Sci-Fi|Thriller,1984
3771,The Golden Voyage of Sinbad (1973),The Golden Voyage of Sinbad,Action|Adventure|Fantasy,1973
3773,House Party (1990),House Party,Comedy,1990
3774,House Party 2 (1991),House Party 2,Comedy|Drama|Romance,1991
3783,Croupier (1998),Croupier,Crime|Drama,1998
3784,"Kid, The (2000)","Kid, The",Comedy|Fantasy,2000
3785,Scary Movie (2000),Scary Movie,Comedy|Horror,2000
3786,But I'm a Cheerleader (1999),But I'm a Cheerleader,Comedy,1999
3787,Shower (Xizao) (1999),Shower (Xizao),Comedy,1999
3788,Blow-Up (Blowup) (1966),Blow-Up (Blowup),Drama|Mystery,1966
3789,"Pawnbroker, The (1964)","Pawnbroker, The",Drama,1964
3790,Groove (2000),Groove,Drama,2000
3791,Footloose (1984),Footloose,Drama,1984
3792,Duel in the Sun (1946),Duel in the Sun,Drama|Romance|Western,1946
3793,X-Men (2000),X-Men,Action|Adventure|Sci-Fi,2000
3794,Chuck & Buck (2000),Chuck & Buck,Comedy|Drama,2000
3795,"Five Senses, The (1999)","Five Senses, The",Drama,1999
3797,"In Crowd, The (2000)","In Crowd, The",Thriller,2000
3798,What Lies Beneath (2000),What Lies Beneath,Drama|Horror|Mystery,2000
3799,Pokémon the Movie 2000 (2000),Pokémon the Movie 2000,Animation|Children,2000
3801,Anatomy of a Murder (1959),Anatomy of a Murder,Drama|Mystery,1959
3802,Freejack (1992),Freejack,Action|Sci-Fi,1992
3806,Mackenna's Gold (1969),Mackenna's Gold,Western,1969
3807,Sinbad and the Eye of the Tiger (1977),Sinbad and the Eye of the Tiger,Adventure|Fantasy,1977
3808,"Two Women (Ciociara, La) (1960)","Two Women (Ciociara, La)",Drama|War,1960
3809,What About Bob? (1991),What About Bob?,Comedy,1991
3810,White Sands (1992),White Sands,Drama|Thriller,1992
3811,Breaker Morant (1980),Breaker Morant,Drama|War,1980
3812,Everything You Always Wanted to Know About Sex * But Were Afraid to Ask (1972),Everything You Always Wanted to Know About Sex * But Were Afraid to Ask,Comedy,1972
3813,Interiors (1978),Interiors,Drama,1978
3814,Love and Death (1975),Love and Death,Comedy,1975
3816,"Official Story, The (La historia oficial) (1985)","Official Story, The (La historia oficial)",Drama,1985
3819,Tampopo (1985),Tampopo,Comedy,1985
3821,Nutty Professor II: The Klumps (2000),Nutty Professor II: The Klumps,Comedy,2000
3822,"Girl on the Bridge, The (Fille sur le pont, La) (1999)","Girl on the Bridge, The (Fille sur le pont, La)",Drama|Romance,1999
3823,Wonderland (1999),Wonderland,Drama,1999
3824,Autumn in New York (2000),Autumn in New York,Drama|Romance,2000
3825,Coyote Ugly (2000),Coyote Ugly,Comedy|Drama|Romance,2000
3826,Hollow Man (2000),Hollow Man,Horror|Sci-Fi|Thriller,2000
3827,Space Cowboys (2000),Space Cowboys,Action|Adventure|Comedy|Sci-Fi,2000
3830,Psycho Beach Party (2000),Psycho Beach Party,Comedy|Horror|Thriller,2000
3831,Saving Grace (2000),Saving Grace,Comedy,2000
3832,"Black Sabbath (Tre volti della paura, I) (1963)","Black Sabbath (Tre volti della paura, I)",Horror,1963
3833,"Brain That Wouldn't Die, The (1962)","Brain That Wouldn't Die, The",Horror|Sci-Fi,1962
3834,Bronco Billy (1980),Bronco Billy,Adventure|Drama|Romance,1980
3835,"Crush, The (1993)","Crush, The",Thriller,1993
3836,Kelly's Heroes (1970),Kelly's Heroes,Action|Comedy|War,1970
3837,Phantasm II (1988),Phantasm II,Action|Fantasy|Horror|Sci-Fi|Thriller,1988
3838,Phantasm III: Lord of the Dead (1994),Phantasm III: Lord of the Dead,Horror,1994
3839,Phantasm IV: Oblivion (1998),Phantasm IV: Oblivion,Horror,1998
3840,Pumpkinhead (1988),Pumpkinhead,Horror,1988
3841,Air America (1990),Air America,Action|Comedy,1990
3843,Sleepaway Camp (1983),Sleepaway Camp,Horror,1983
3844,Steel Magnolias (1989),Steel Magnolias,Drama,1989
3845,And God Created Woman (Et Dieu... créa la femme) (1956),And God Created Woman (Et Dieu... créa la femme),Drama,1956
3846,Easy Money (1983),Easy Money,Comedy,1983
3847,"Ilsa, She Wolf of the SS (1974)","Ilsa, She Wolf of the SS",Horror,1974
3849,The Spiral Staircase (1945),The Spiral Staircase,Horror|Mystery|Thriller,1945
3851,I'm the One That I Want (2000),I'm the One That I Want,Comedy,2000
3852,"Tao of Steve, The (2000)","Tao of Steve, The",Comedy,2000
3855,"Affair of Love, An (Liaison pornographique, Une) (1999)","Affair of Love, An (Liaison pornographique, Une)",Drama|Romance,1999
3857,Bless the Child (2000),Bless the Child,Thriller,2000
3858,Cecil B. DeMented (2000),Cecil B. DeMented,Comedy,2000
3859,"Eyes of Tammy Faye, The (2000)","Eyes of Tammy Faye, The",Documentary,2000
3861,"Replacements, The (2000)","Replacements, The",Comedy,2000
3862,About Adam (2000),About Adam,Comedy,2000
3863,"Cell, The (2000)","Cell, The",Drama|Horror|Thriller,2000
3864,Godzilla 2000 (Gojira ni-sen mireniamu) (1999),Godzilla 2000 (Gojira ni-sen mireniamu),Action|Adventure|Sci-Fi,1999
3865,"Original Kings of Comedy, The (2000)","Original Kings of Comedy, The",Comedy|Documentary,2000
3868,"Naked Gun: From the Files of Police Squad!, The (1988)","Naked Gun: From the Files of Police Squad!, The",Action|Comedy|Crime|Romance,1988
3869,"Naked Gun 2 1/2: The Smell of Fear, The (1991)","Naked Gun 2 1/2: The Smell of Fear, The",Comedy,1991
3870,Our Town (1940),Our Town,Drama,1940
3871,Shane (1953),Shane,Drama|Western,1953
3872,"Suddenly, Last Summer (1959)","Suddenly, Last Summer",Drama,1959
3873,Cat Ballou (1965),Cat Ballou,Comedy|Western,1965
3877,Supergirl (1984),Supergirl,Action|Adventure|Fantasy,1984
3879,"Art of War, The (2000)","Art of War, The",Action|Thriller,2000
3882,Bring It On (2000),Bring It On,Comedy,2000
3884,"Crew, The (2000)","Crew, The",Comedy,2000
3888,Skipped Parts (2000),Skipped Parts,Drama|Romance,2000
3889,Highlander: Endgame (Highlander IV) (2000),Highlander: Endgame (Highlander IV),Action|Adventure|Fantasy,2000
3893,Nurse Betty (2000),Nurse Betty,Comedy|Crime|Drama|Romance|Thriller,2000
3894,Solas (1999),Solas,Drama,1999
3895,"Watcher, The (2000)","Watcher, The",Crime|Thriller,2000
3896,"Way of the Gun, The (2000)","Way of the Gun, The",Crime|Thriller,2000
3897,Almost Famous (2000),Almost Famous,Drama,2000
3898,Bait (2000),Bait,Action|Comedy,2000
3899,Circus (2000),Circus,Crime|Drama|Thriller,2000
3900,Crime and Punishment in Suburbia (2000),Crime and Punishment in Suburbia,Comedy|Drama,2000
3901,Duets (2000),Duets,Comedy|Drama,2000
3906,Under Suspicion (2000),Under Suspicion,Crime|Thriller,2000
3908,Urban Legends: Final Cut (2000),Urban Legends: Final Cut,Horror,2000
3909,Woman on Top (2000),Woman on Top,Comedy|Romance,2000
3910,Dancer in the Dark (2000),Dancer in the Dark,Drama|Musical,2000
3911,Best in Show (2000),Best in Show,Comedy,2000
3912,Beautiful (2000),Beautiful,Comedy|Drama,2000
3914,"Broken Hearts Club, The (2000)","Broken Hearts Club, The",Drama,2000
3915,Girlfight (2000),Girlfight,Drama,2000
3916,Remember the Titans (2000),Remember the Titans,Drama,2000
3917,Hellraiser (1987),Hellraiser,Horror,1987
3918,Hellbound: Hellraiser II (1988),Hellbound: Hellraiser II,Horror,1988
3919,Hellraiser III: Hell on Earth (1992),Hellraiser III: Hell on Earth,Horror,1992
3920,"Faraway, So Close (In weiter Ferne, so nah!) (1993)","Faraway, So Close (In weiter Ferne, so nah!)",Drama|Fantasy|Mystery|Romance,1993
3922,Bikini Beach (1964),Bikini Beach,Comedy,1964
3925,Stranger Than Paradise (1984),Stranger Than Paradise,Comedy|Drama,1984
3926,Voyage to the Bottom of the Sea (1961),Voyage to the Bottom of the Sea,Adventure|Sci-Fi,1961
3927,Fantastic Voyage (1966),Fantastic Voyage,Adventure|Sci-Fi,1966
3928,Abbott and Costello Meet Frankenstein (1948),Abbott and Costello Meet Frankenstein,Comedy|Horror,1948
3929,"Bank Dick, The (1940)","Bank Dick, The",Comedy,1940
3930,"Creature from the Black Lagoon, The (1954)","Creature from the Black Lagoon, The",Adventure|Horror|Sci-Fi,1954
3932,"Invisible Man, The (1933)","Invisible Man, The",Horror|Sci-Fi,1933
3933,"Killer Shrews, The (1959)","Killer Shrews, The",Horror|Sci-Fi,1959
3937,Runaway (1984),Runaway,Sci-Fi|Thriller,1984
3938,"Slumber Party Massacre, The (1982)","Slumber Party Massacre, The",Horror,1982
3939,Slumber Party Massacre II (1987),Slumber Party Massacre II,Horror,1987
3940,Slumber Party Massacre III (1990),Slumber Party Massacre III,Horror,1990
3941,Sorority House Massacre (1986),Sorority House Massacre,Horror,1986
3942,Sorority House Massacre II (1990),Sorority House Massacre II,Horror,1990
3943,Bamboozled (2000),Bamboozled,Comedy,2000
3945,Digimon: The Movie (2000),Digimon: The Movie,Adventure|Animation|Children,2000
3946,Get Carter (2000),Get Carter,Action|Drama|Thriller,2000
3947,Get Carter (1971),Get Carter,Action|Crime|Drama|Thriller,1971
3948,Meet the Parents (2000),Meet the Parents,Comedy,2000
3949,Requiem for a Dream (2000),Requiem for a Dream,Drama,2000
3950,Tigerland (2000),Tigerland,Drama,2000
3951,Two Family House (2000),Two Family House,Drama,2000
3952,"Contender, The (2000)","Contender, The",Drama|Thriller,2000
3953,Dr. T and the Women (2000),Dr. T and the Women,Comedy|Romance,2000
3955,"Ladies Man, The (2000)","Ladies Man, The",Comedy,2000
3957,Billy Jack (1971),Billy Jack,Action|Drama,1971
3958,Billy Jack Goes to Washington (1977),Billy Jack Goes to Washington,Drama,1977
3959,"Time Machine, The (1960)","Time Machine, The",Action|Adventure|Sci-Fi,1960
3962,Ghoulies II (1987),Ghoulies II,Comedy|Horror,1987
3963,"Unsinkable Molly Brown, The (1964)","Unsinkable Molly Brown, The",Musical,1964
3964,"Adventures of Ichabod and Mr. Toad, The (1949)","Adventures of Ichabod and Mr. Toad, The",Animation|Children,1949
3965,"Strange Love of Martha Ivers, The (1946)","Strange Love of Martha Ivers, The",Drama|Film-Noir,1946
3966,Detour (1945),Detour,Crime|Film-Noir,1945
3967,Billy Elliot (2000),Billy Elliot,Drama,2000
3968,Bedazzled (2000),Bedazzled,Comedy,2000
3969,Pay It Forward (2000),Pay It Forward,Drama,2000
3971,"Private Eyes, The (1981)","Private Eyes, The",Comedy|Mystery,1981
3972,"Legend of Drunken Master, The (Jui kuen II) (1994)","Legend of Drunken Master, The (Jui kuen II)",Action|Comedy,1994
3973,Book of Shadows: Blair Witch 2 (2000),Book of Shadows: Blair Witch 2,Crime|Horror|Mystery|Thriller,2000
3974,"Little Vampire, The (2000)","Little Vampire, The",Adventure|Children,2000
3977,Charlie's Angels (2000),Charlie's Angels,Action|Comedy,2000
3978,"Legend of Bagger Vance, The (2000)","Legend of Bagger Vance, The",Drama|Romance,2000
3979,Little Nicky (2000),Little Nicky,Comedy,2000
3980,Men of Honor (2000),Men of Honor,Drama,2000
3981,Red Planet (2000),Red Planet,Action|Sci-Fi|Thriller,2000
3983,You Can Count on Me (2000),You Can Count on Me,Drama|Romance,2000
3984,Diamonds Are Forever (1971),Diamonds Are Forever,Action|Adventure|Thriller,1971
3985,"Eagle Has Landed, The (1976)","Eagle Has Landed, The",Drama|War,1976
3986,"6th Day, The (2000)","6th Day, The",Action|Sci-Fi|Thriller,2000
3987,Bounce (2000),Bounce,Drama|Romance,2000
3988,How the Grinch Stole Christmas (a.k.a. The Grinch) (2000),How the Grinch Stole Christmas (a.k.a. The Grinch),Children|Comedy|Fantasy,2000
3989,One Day in September (1999),One Day in September,Documentary,1999
3990,Rugrats in Paris: The Movie (2000),Rugrats in Paris: The Movie,Animation|Children|Comedy,2000
3991,102 Dalmatians (2000),102 Dalmatians,Children|Comedy,2000
3992,Malèna (2000),Malèna,Drama|Romance|War,2000
3993,Quills (2000),Quills,Drama|Romance,2000
3994,Unbreakable (2000),Unbreakable,Drama|Sci-Fi,2000
3996,"Crouching Tiger, Hidden Dragon (Wo hu cang long) (2000)","Crouching Tiger, Hidden Dragon (Wo hu cang long)",Action|Drama|Romance,2000
3997,Dungeons & Dragons (2000),Dungeons & Dragons,Action|Adventure|Comedy|Fantasy,2000
3998,Proof of Life (2000),Proof of Life,Drama,2000
3999,Vertical Limit (2000),Vertical Limit,Action|Adventure,2000
4000,"Bounty, The (1984)","Bounty, The",Adventure|Drama,1984
4002,"Planes, Trains & Automobiles (1987)","Planes, Trains & Automobiles",Comedy,1987
4003,She's Having a Baby (1988),She's Having a Baby,Comedy,1988
4005,"Living Daylights, The (1987)","Living Daylights, The",Action|Adventure|Thriller,1987
4006,Transformers: The Movie (1986),Transformers: The Movie,Adventure|Animation|Children|Sci-Fi,1986
4007,Wall Street (1987),Wall Street,Drama,1987
4008,Born on the Fourth of July (1989),Born on the Fourth of July,Drama|War,1989
4009,Talk Radio (1988),Talk Radio,Drama,1988
4010,Brewster's Millions (1985),Brewster's Millions,Comedy,1985
4011,Snatch (2000),Snatch,Comedy|Crime|Thriller,2000
4012,Punchline (1988),Punchline,Comedy|Drama,1988
4014,Chocolat (2000),Chocolat,Drama|Romance,2000
4015,"Dude, Where's My Car? (2000)","Dude, Where's My Car?",Comedy|Sci-Fi,2000
4016,"Emperor's New Groove, The (2000)","Emperor's New Groove, The",Adventure|Animation|Children|Comedy|Fantasy,2000
4017,Pollock (2000),Pollock,Drama,2000
4018,What Women Want (2000),What Women Want,Comedy|Romance,2000
4019,Finding Forrester (2000),Finding Forrester,Drama,2000
4020,"Gift, The (2000)","Gift, The",Thriller,2000
4021,Before Night Falls (2000),Before Night Falls,Drama,2000
4022,Cast Away (2000),Cast Away,Drama,2000
4023,"Family Man, The (2000)","Family Man, The",Comedy|Drama|Romance,2000
4024,"House of Mirth, The (2000)","House of Mirth, The",Romance,2000
4025,Miss Congeniality (2000),Miss Congeniality,Comedy|Crime,2000
4027,"O Brother, Where Art Thou? (2000)","O Brother, Where Art Thou?",Adventure|Comedy|Crime,2000
4029,State and Main (2000),State and Main,Comedy|Drama,2000
4030,Dracula 2000 (2000),Dracula 2000,Horror,2000
4031,All the Pretty Horses (2000),All the Pretty Horses,Drama|Romance|Western,2000
4032,"Everlasting Piece, An (2000)","Everlasting Piece, An",Comedy,2000
4033,Thirteen Days (2000),Thirteen Days,Drama|Thriller|War,2000
4034,Traffic (2000),Traffic,Crime|Drama|Thriller,2000
4035,"Claim, The (2000)","Claim, The",Romance|Western,2000
4036,Shadow of the Vampire (2000),Shadow of the Vampire,Drama|Horror,2000
4037,House of Games (1987),House of Games,Crime|Film-Noir|Mystery|Thriller,1987
4039,Annie (1982),Annie,Children|Musical,1982
4040,Don't Tell Mom the Babysitter's Dead (1991),Don't Tell Mom the Babysitter's Dead,Comedy,1991
4041,"Officer and a Gentleman, An (1982)","Officer and a Gentleman, An",Drama|Romance,1982
4042,"Alamo, The (1960)","Alamo, The",Action|Drama|War|Western,1960
4043,At Close Range (1986),At Close Range,Crime|Drama,1986
4046,Friendly Persuasion (1956),Friendly Persuasion,Drama,1956
4047,Gettysburg (1993),Gettysburg,Drama|War,1993
4051,Horrors of Spider Island (Ein Toter Hing im Netz) (1960),Horrors of Spider Island (Ein Toter Hing im Netz),Horror|Sci-Fi,1960
4052,Antitrust (2001),Antitrust,Crime|Drama|Thriller,2001
4053,Double Take (2001),Double Take,Action|Comedy,2001
4054,Save the Last Dance (2001),Save the Last Dance,Drama|Romance,2001
4055,Panic (2000),Panic,Drama,2000
4056,"Pledge, The (2001)","Pledge, The",Crime|Drama|Mystery|Thriller,2001
4061,The Man in the Moon (1991),The Man in the Moon,Drama|Romance,1991
4062,Mystic Pizza (1988),Mystic Pizza,Comedy|Drama|Romance,1988
4063,Prelude to a Kiss (1992),Prelude to a Kiss,Comedy|Drama|Romance,1992
4064,Coffy (1973),Coffy,Action|Crime|Thriller,1973
4065,Foxy Brown (1974),Foxy Brown,Action|Crime|Drama,1974
4066,I'm Gonna Git You Sucka (1988),I'm Gonna Git You Sucka,Action|Comedy,1988
4067,Untamed Heart (1993),Untamed Heart,Drama|Romance,1993
4068,Sugar & Spice (2001),Sugar & Spice,Comedy,2001
4069,"Wedding Planner, The (2001)","Wedding Planner, The",Comedy|Romance,2001
4074,"Legend of Rita, The (Stille nach dem Schuß, Die) (1999)","Legend of Rita, The (Stille nach dem Schuß, Die)",Drama,1999
4077,"With a Friend Like Harry... (Harry, un ami qui vous veut du bien) (2000)","With a Friend Like Harry... (Harry, un ami qui vous veut du bien)",Drama|Thriller,2000
4078,Amazing Grace and Chuck (1987),Amazing Grace and Chuck,Drama,1987
4079,Amazon Women on the Moon (1987),Amazon Women on the Moon,Comedy|Sci-Fi,1987
4080,Baby Boom (1987),Baby Boom,Comedy,1987
4081,Back to the Beach (1987),Back to the Beach,Comedy,1987
4082,Barfly (1987),Barfly,Comedy|Drama|Romance,1987
4083,Best Seller (1987),Best Seller,Thriller,1987
4084,Beverly Hills Cop II (1987),Beverly Hills Cop II,Action|Comedy|Crime|Thriller,1987
4085,Beverly Hills Cop (1984),Beverly Hills Cop,Action|Comedy|Crime|Drama,1984
4086,"Big Easy, The (1987)","Big Easy, The",Action|Crime|Mystery|Romance|Thriller,1987
4089,Born in East L.A. (1987),Born in East L.A.,Comedy,1987
4090,"Brave Little Toaster, The (1987)","Brave Little Toaster, The",Animation|Children,1987
4091,Can't Buy Me Love (1987),Can't Buy Me Love,Comedy|Romance,1987
4092,Cherry 2000 (1987),Cherry 2000,Romance|Sci-Fi,1987
4093,Cop (1988),Cop,Thriller,1988
4102,Eddie Murphy Raw (1987),Eddie Murphy Raw,Comedy|Documentary,1987
4103,Empire of the Sun (1987),Empire of the Sun,Action|Adventure|Drama|War,1987
4104,Ernest Goes to Camp (1987),Ernest Goes to Camp,Comedy,1987
4105,"Evil Dead, The (1981)","Evil Dead, The",Fantasy|Horror|Thriller,1981
4109,Flowers in the Attic (1987),Flowers in the Attic,Drama|Thriller,1987
4110,"Fourth Protocol, The (1987)","Fourth Protocol, The",Thriller,1987
4111,Gardens of Stone (1987),Gardens of Stone,Drama|War,1987
4113,"Glass Menagerie, The (1987)","Glass Menagerie, The",Drama,1987
4115,Hiding Out (1987),Hiding Out,Comedy,1987
4116,Hollywood Shuffle (1987),Hollywood Shuffle,Comedy,1987
4117,Hope and Glory (1987),Hope and Glory,Drama,1987
4121,Innerspace (1987),Innerspace,Action|Adventure|Comedy|Sci-Fi,1987
4123,Ishtar (1987),Ishtar,Comedy,1987
4124,Jaws: The Revenge (1987),Jaws: The Revenge,Horror|Thriller,1987
4125,Leonard Part 6 (1987),Leonard Part 6,Comedy|Sci-Fi,1987
4126,Less Than Zero (1987),Less Than Zero,Drama,1987
4127,"Like Father, Like Son (1987)","Like Father, Like Son",Comedy,1987
4128,"Lost Boys, The (1987)","Lost Boys, The",Comedy|Horror|Thriller,1987
4129,Made in Heaven (1987),Made in Heaven,Fantasy|Romance,1987
4130,Maid to Order (1987),Maid to Order,Comedy|Fantasy,1987
4131,Making Mr. Right (1987),Making Mr. Right,Comedy|Romance|Sci-Fi,1987
4132,Mannequin (1987),Mannequin,Comedy|Romance,1987
4133,Masters of the Universe (1987),Masters of the Universe,Action|Adventure|Fantasy|Sci-Fi,1987
4135,"Monster Squad, The (1987)","Monster Squad, The",Adventure|Comedy|Horror,1987
4138,My Demon Lover (1987),My Demon Lover,Comedy|Horror,1987
4139,No Man's Land (1987),No Man's Land,Crime|Drama,1987
4141,Head Over Heels (2001),Head Over Heels,Comedy|Romance,2001
4142,Left Behind: The Movie (2000),Left Behind: The Movie,Action|Adventure|Drama|Thriller,2000
4143,Valentine (2001),Valentine,Horror|Mystery,2001
4144,In the Mood For Love (Fa yeung nin wa) (2000),In the Mood For Love (Fa yeung nin wa),Drama|Romance,2000
4146,"Million Dollar Hotel, The (2001)","Million Dollar Hotel, The",Drama|Mystery|Romance,2001
4147,Nico and Dani (Krámpack) (2000),Nico and Dani (Krámpack),Comedy|Drama|Romance,2000
4148,Hannibal (2001),Hannibal,Horror|Thriller,2001
4149,Saving Silverman (Evil Woman) (2001),Saving Silverman (Evil Woman),Comedy|Romance,2001
4152,Vatel (2000),Vatel,Drama,2000
4153,Down to Earth (2001),Down to Earth,Comedy|Fantasy|Romance,2001
4154,Recess: School's Out (2001),Recess: School's Out,Animation|Children,2001
4155,Sweet November (2001),Sweet November,Drama|Romance,2001
4156,Company Man (2000),Company Man,Comedy,2000
4157,"Price of Milk, The (2000)","Price of Milk, The",Comedy|Drama|Fantasy|Romance,2000
4158,Monkeybone (2001),Monkeybone,Animation|Comedy|Fantasy,2001
4159,3000 Miles to Graceland (2001),3000 Miles to Graceland,Action|Thriller,2001
4160,"Widow of St. Pierre, The (Veuve de Saint-Pierre, La) (2000)","Widow of St. Pierre, The (Veuve de Saint-Pierre, La)",Drama|Romance,2000
4161,"Mexican, The (2001)","Mexican, The",Action|Comedy,2001
4164,"Caveman's Valentine, The (2001)","Caveman's Valentine, The",Drama,2001
4166,Series 7: The Contenders (2001),Series 7: The Contenders,Action|Drama,2001
4167,15 Minutes (2001),15 Minutes,Thriller,2001
4168,Get Over It (2001),Get Over It,Comedy|Romance,2001
4171,Long Night's Journey Into Day (2000),Long Night's Journey Into Day,Documentary,2000
4174,Avalon (1990),Avalon,Drama,1990
4175,Gray's Anatomy (1996),Gray's Anatomy,Comedy|Drama,1996
4178,Of Mice and Men (1939),Of Mice and Men,Drama,1939
4180,Reform School Girls (1986),Reform School Girls,Action|Drama,1986
4181,Tapeheads (1988),Tapeheads,Comedy,1988
4184,"Bishop's Wife, The (1947)","Bishop's Wife, The",Comedy|Drama|Romance,1947
4187,Lilies of the Field (1963),Lilies of the Field,Drama,1963
4189,"Greatest Story Ever Told, The (1965)","Greatest Story Ever Told, The",Drama,1965
4190,Elmer Gantry (1960),Elmer Gantry,Drama,1960
4191,Alfie (1966),Alfie,Comedy|Drama|Romance,1966
4193,"Fantasticks, The (1995)","Fantasticks, The",Musical,1995
4194,I Know Where I'm Going! (1945),I Know Where I'm Going!,Drama|Romance|War,1945
4195,"Abominable Dr. Phibes, The (1971)","Abominable Dr. Phibes, The",Horror|Mystery,1971
4197,Real Life (1979),Real Life,Comedy,1979
4198,Battle Beyond the Stars (1980),Battle Beyond the Stars,Sci-Fi,1980
4200,Double Impact (1991),Double Impact,Action,1991
4202,Fuzz (1972),Fuzz,Drama,1972
4203,Harley Davidson and the Marlboro Man (1991),Harley Davidson and the Marlboro Man,Action|Crime|Drama,1991
4204,Losin' It (1983),Losin' It,Comedy,1983
4205,Mermaids (1990),Mermaids,Comedy|Drama|Romance,1990
4207,Navy Seals (1990),Navy Seals,Action|Adventure|War,1990
4210,Manhunter (1986),Manhunter,Action|Crime|Drama|Horror|Thriller,1986
4211,Reversal of Fortune (1990),Reversal of Fortune,Drama,1990
4212,Death on the Nile (1978),Death on the Nile,Crime|Mystery,1978
4214,Revenge of the Nerds (1984),Revenge of the Nerds,Comedy,1984
4215,Revenge of the Nerds II: Nerds in Paradise (1987),Revenge of the Nerds II: Nerds in Paradise,Comedy,1987
4217,4 Little Girls (1997),4 Little Girls,Documentary,1997
4218,River's Edge (1986),River's Edge,Crime|Drama,1986
4219,Girls Just Want to Have Fun (1985),Girls Just Want to Have Fun,Comedy,1985
4220,"Longest Yard, The (1974)","Longest Yard, The",Comedy,1974
4221,Necessary Roughness (1991),Necessary Roughness,Comedy,1991
4223,Enemy at the Gates (2001),Enemy at the Gates,Drama|War,2001
4224,Exit Wounds (2001),Exit Wounds,Action|Thriller,2001
4225,"Dish, The (2001)","Dish, The",Comedy,2001
4226,Memento (2000),Memento,Mystery|Thriller,2000
4228,Heartbreakers (2001),Heartbreakers,Comedy|Crime|Romance,2001
4229,Say It Isn't So (2001),Say It Isn't So,Comedy|Romance,2001
4231,Someone Like You (2001),Someone Like You,Comedy|Romance,2001
4232,Spy Kids (2001),Spy Kids,Action|Adventure|Children|Comedy,2001
4233,Tomcats (2001),Tomcats,Comedy,2001
4234,"Tailor of Panama, The (2001)","Tailor of Panama, The",Drama|Thriller,2001
4235,Amores Perros (Love's a Bitch) (2000),Amores Perros (Love's a Bitch),Drama|Thriller,2000
4236,Keep the River on Your Right: A Modern Cannibal Tale (2000),Keep the River on Your Right: A Modern Cannibal Tale,Documentary,2000
4237,"Gleaners & I, The (Les glaneurs et la glaneuse) (2000)","Gleaners & I, The (Les glaneurs et la glaneuse)",Documentary,2000
4238,Along Came a Spider (2001),Along Came a Spider,Action|Crime|Mystery|Thriller,2001
4239,Blow (2001),Blow,Crime|Drama,2001
4240,Just Visiting (2001),Just Visiting,Comedy|Fantasy,2001
4241,Pokémon 3: The Movie (2001),Pokémon 3: The Movie,Animation|Children,2001
4242,Beautiful Creatures (2000),Beautiful Creatures,Comedy|Crime|Drama|Thriller,2000
4243,Brigham City (2001),Brigham City,Crime|Drama|Mystery,2001
4246,Bridget Jones's Diary (2001),Bridget Jones's Diary,Comedy|Drama|Romance,2001
4247,Joe Dirt (2001),Joe Dirt,Adventure|Comedy|Mystery|Romance,2001
4248,Josie and the Pussycats (2001),Josie and the Pussycats,Comedy,2001
4251,Chopper (2000),Chopper,Drama|Thriller,2000
4252,"Circle, The (Dayereh) (2000)","Circle, The (Dayereh)",Drama,2000
4254,Crocodile Dundee in Los Angeles (2001),Crocodile Dundee in Los Angeles,Comedy|Drama,2001
4255,Freddy Got Fingered (2001),Freddy Got Fingered,Comedy,2001
4256,"Center of the World, The (2001)","Center of the World, The",Drama,2001
4259,"Luzhin Defence, The (2000)","Luzhin Defence, The",Drama|Romance,2000
4260,"Visit, The (2000)","Visit, The",Drama,2000
4262,Scarface (1983),Scarface,Action|Crime|Drama,1983
4263,Days of Wine and Roses (1962),Days of Wine and Roses,Drama,1962
4265,Driven (2001),Driven,Action|Thriller,2001
4267,One Night at McCool's (2001),One Night at McCool's,Comedy,2001
4268,Town & Country (2001),Town & Country,Comedy,2001
4270,"Mummy Returns, The (2001)","Mummy Returns, The",Action|Adventure|Comedy|Thriller,2001
4273,Under the Sand (2000),Under the Sand,Drama,2000
4275,Krull (1983),Krull,Action|Adventure|Fantasy|Sci-Fi,1983
4276,Lost in America (1985),Lost in America,Comedy,1985
4278,Triumph of the Will (Triumph des Willens) (1934),Triumph of the Will (Triumph des Willens),Documentary,1934
4280,"World According to Garp, The (1982)","World According to Garp, The",Comedy|Drama|Romance,1982
4282,Fellini Satyricon (1969),Fellini Satyricon,Drama|Fantasy,1969
4284,Frankie and Johnny (1966),Frankie and Johnny,Comedy,1966
4285,Frankie and Johnny (1991),Frankie and Johnny,Comedy|Romance,1991
4289,"City of Women, The (Città delle donne, La) (1980)","City of Women, The (Città delle donne, La)",Comedy|Drama,1980
4290,For the Boys (1991),For the Boys,Comedy|Drama|Musical,1991
4291,Nine to Five (a.k.a. 9 to 5) (1980),Nine to Five (a.k.a. 9 to 5),Comedy|Crime,1980
4292,Norma Rae (1979),Norma Rae,Drama,1979
4293,Summer Rental (1985),Summer Rental,Comedy,1985
4294,"5,000 Fingers of Dr. T, The (1953)","5,000 Fingers of Dr. T, The",Children|Fantasy|Musical,1953
4296,Love Story (1970),Love Story,Drama|Romance,1970
4297,Pelle the Conqueror (Pelle erobreren) (1987),Pelle the Conqueror (Pelle erobreren),Drama,1987
4298,Rififi (Du rififi chez les hommes) (1955),Rififi (Du rififi chez les hommes),Crime|Film-Noir|Thriller,1955
4299,"Knight's Tale, A (2001)","Knight's Tale, A",Action|Comedy|Romance,2001
4300,Bread and Roses (2000),Bread and Roses,Drama,2000
4304,Startup.com (2001),Startup.com,Documentary,2001
4305,Angel Eyes (2001),Angel Eyes,Romance|Thriller,2001
4306,Shrek (2001),Shrek,Adventure|Animation|Children|Comedy|Fantasy|Romance,2001
4307,"Fast Food, Fast Women (2000)","Fast Food, Fast Women",Comedy|Romance,2000
4308,Moulin Rouge (2001),Moulin Rouge,Drama|Musical|Romance,2001
4310,Pearl Harbor (2001),Pearl Harbor,Action|Drama|Romance|War,2001
4312,Himalaya (Himalaya - l'enfance d'un chef) (1999),Himalaya (Himalaya - l'enfance d'un chef),Adventure|Drama,1999
4313,"Man Who Cried, The (2000)","Man Who Cried, The",Drama,2000
4316,Ice Castles (1978),Ice Castles,Drama,1978
4317,Love Potion #9 (1992),Love Potion #9,Comedy|Romance,1992
4321,City Slickers (1991),City Slickers,Comedy|Western,1991
4322,Eight Men Out (1988),Eight Men Out,Drama,1988
4323,"Horse Soldiers, The (1959)","Horse Soldiers, The",Adventure|War|Western,1959
4325,"Night, The (Notte, La) (1960)","Night, The (Notte, La)",Drama,1960
4326,Mississippi Burning (1988),Mississippi Burning,Crime|Drama|Thriller,1988
4327,"Magnificent Seven, The (1960)","Magnificent Seven, The",Adventure|Western,1960
4329,Rio Bravo (1959),Rio Bravo,Western,1959
4333,Throw Momma from the Train (1987),Throw Momma from the Train,Comedy|Crime,1987
4334,Yi Yi (2000),Yi Yi,Drama,2000
4337,"Sand Pebbles, The (1966)","Sand Pebbles, The",Drama|Romance|War,1966
4338,Twelve O'Clock High (1949),Twelve O'Clock High,Drama|War,1949
4339,Von Ryan's Express (1965),Von Ryan's Express,Action|Adventure|Drama|War,1965
4340,"Animal, The (2001)","Animal, The",Comedy,2001
4342,Big Eden (2000),Big Eden,Drama|Romance,2000
4343,Evolution (2001),Evolution,Comedy|Sci-Fi,2001
4344,Swordfish (2001),Swordfish,Action|Crime|Drama,2001
4345,"Anniversary Party, The (2001)","Anniversary Party, The",Drama,2001
4347,Divided We Fall (Musíme si pomáhat) (2000),Divided We Fall (Musíme si pomáhat),Comedy|Drama,2000
4349,Catch-22 (1970),Catch-22,Comedy|War,1970
4350,Forgotten Silver (1996),Forgotten Silver,Comedy|Documentary,1996
4351,Point Break (1991),Point Break,Action|Crime|Thriller,1991
4353,Uncommon Valor (1983),Uncommon Valor,Action|War,1983
4354,Unlawful Entry (1992),Unlawful Entry,Crime|Thriller,1992
4355,Youngblood (1986),Youngblood,Action|Drama,1986
4356,Gentlemen Prefer Blondes (1953),Gentlemen Prefer Blondes,Comedy|Musical|Romance,1953
4357,How to Marry a Millionaire (1953),How to Marry a Millionaire,Comedy|Drama|Romance,1953
4359,"Seven Year Itch, The (1955)","Seven Year Itch, The",Comedy,1955
4361,Tootsie (1982),Tootsie,Comedy|Romance,1982
4366,Atlantis: The Lost Empire (2001),Atlantis: The Lost Empire,Adventure|Animation|Children|Fantasy,2001
4367,Lara Croft: Tomb Raider (2001),Lara Croft: Tomb Raider,Action|Adventure,2001
4368,Dr. Dolittle 2 (2001),Dr. Dolittle 2,Comedy,2001
4369,"Fast and the Furious, The (2001)","Fast and the Furious, The",Action|Crime|Thriller,2001
4370,A.I. Artificial Intelligence (2001),A.I. Artificial Intelligence,Adventure|Drama|Sci-Fi,2001
4371,Baby Boy (2001),Baby Boy,Crime|Drama,2001
4372,Crazy/Beautiful (2001),Crazy/Beautiful,Drama|Romance,2001
4373,Pootie Tang (2001),Pootie Tang,Comedy,2001
4374,Let It Snow (1999),Let It Snow,Comedy|Romance,1999
4378,Sexy Beast (2000),Sexy Beast,Crime|Drama,2000
4380,"Princess and the Warrior, The (Krieger und die Kaiserin, Der) (2000)","Princess and the Warrior, The (Krieger und die Kaiserin, Der)",Drama|Romance,2000
4381,"Closet, The (Placard, Le) (2001)","Closet, The (Placard, Le)",Comedy,2001
4383,"Crimson Rivers, The (Rivières pourpres, Les) (2000)","Crimson Rivers, The (Rivières pourpres, Les)",Crime|Drama|Mystery|Thriller,2000
4384,Lumumba (2000),Lumumba,Drama,2000
4386,Cats & Dogs (2001),Cats & Dogs,Children|Comedy,2001
4387,Kiss of the Dragon (2001),Kiss of the Dragon,Action,2001
4388,Scary Movie 2 (2001),Scary Movie 2,Comedy,2001
4389,Lost and Delirious (2001),Lost and Delirious,Drama,2001
4390,Rape Me (Baise-moi) (2000),Rape Me (Baise-moi),Crime|Drama|Thriller,2000
4392,Alice (1990),Alice,Comedy|Drama|Fantasy|Romance,1990
4393,Another Woman (1988),Another Woman,Drama,1988
4394,Beach Blanket Bingo (1965),Beach Blanket Bingo,Comedy|Musical,1965
4395,Big Deal on Madonna Street (I Soliti Ignoti) (1958),Big Deal on Madonna Street (I Soliti Ignoti),Comedy|Crime,1958
4396,"Cannonball Run, The (1981)","Cannonball Run, The",Action|Comedy,1981
4397,Cannonball Run II (1984),Cannonball Run II,Action|Comedy,1984
4399,"Diary of a Chambermaid (Journal d'une femme de chambre, Le) (1964)","Diary of a Chambermaid (Journal d'une femme de chambre, Le)",Comedy|Drama,1964
4402,Dr. Goldfoot and the Bikini Machine (1965),Dr. Goldfoot and the Bikini Machine,Comedy,1965
4403,"Fall of the House of Usher, The (House of Usher) (1960)","Fall of the House of Usher, The (House of Usher)",Horror,1960
4404,Faust (1926),Faust,Drama|Fantasy|Horror,1926
4406,"Man Who Shot Liberty Valance, The (1962)","Man Who Shot Liberty Valance, The",Crime|Drama|Western,1962
4407,Salvador (1986),Salvador,Drama|Thriller|War,1986
4408,September (1987),September,Drama,1987
4409,Shadows and Fog (1991),Shadows and Fog,Comedy|Drama|Mystery|Thriller,1991
4410,Something Wild (1986),Something Wild,Comedy|Crime|Drama,1986
4412,"Thing with Two Heads, The (1972)","Thing with Two Heads, The",Comedy|Horror|Sci-Fi,1972
4419,All That Heaven Allows (1955),All That Heaven Allows,Drama|Romance,1955
4420,"Barefoot Contessa, The (1954)","Barefoot Contessa, The",Drama,1954
4422,Cries and Whispers (Viskningar och rop) (1972),Cries and Whispers (Viskningar och rop),Drama,1972
4424,"Garden of the Finzi-Continis, The (Giardino dei Finzi-Contini, Il) (1970)","Garden of the Finzi-Continis, The (Giardino dei Finzi-Contini, Il)",Drama,1970
4426,Kiss Me Deadly (1955),Kiss Me Deadly,Film-Noir,1955
4427,"Lion in Winter, The (1968)","Lion in Winter, The",Drama,1968
4428,"Misfits, The (1961)","Misfits, The",Comedy|Drama|Romance|Western,1961
4429,Moby Dick (1956),Moby Dick,Drama,1956
4432,Sweet Smell of Success (1957),Sweet Smell of Success,Drama|Film-Noir,1957
4433,Written on the Wind (1956),Written on the Wind,Drama,1956
4434,"10th Victim, The (La decima vittima) (1965)","10th Victim, The (La decima vittima)",Action|Comedy|Sci-Fi|Thriller,1965
4436,Obsession (1976),Obsession,Mystery|Thriller,1976
4437,Suspiria (1977),Suspiria,Horror,1977
4438,"Fist of Fury (Chinese Connection, The) (Jing wu men) (1972)","Fist of Fury (Chinese Connection, The) (Jing wu men)",Action|Drama|Romance|Thriller,1972
4439,Christiane F. (a.k.a. We Children from Bahnhof Zoo) (Christiane F. - Wir Kinder vom Bahnhof Zoo) (1981),Christiane F. (a.k.a. We Children from Bahnhof Zoo) (Christiane F. - Wir Kinder vom Bahnhof Zoo),Drama,1981
4440,"Big Boss, The (Fists of Fury) (Tang shan da xiong) (1971)","Big Boss, The (Fists of Fury) (Tang shan da xiong)",Action|Thriller,1971
4441,Game of Death (1978),Game of Death,Action,1978
4442,"Last Dragon, The (1985)","Last Dragon, The",Action|Comedy|Drama,1985
4443,Outland (1981),Outland,Action|Sci-Fi|Thriller,1981
4444,"Way of the Dragon, The (a.k.a. Return of the Dragon) (Meng long guo jiang) (1972)","Way of the Dragon, The (a.k.a. Return of the Dragon) (Meng long guo jiang)",Action|Crime,1972
4445,T-Rex: Back to the Cretaceous (1998),T-Rex: Back to the Cretaceous,Adventure|Documentary|IMAX,1998
4446,Final Fantasy: The Spirits Within (2001),Final Fantasy: The Spirits Within,Adventure|Animation|Fantasy|Sci-Fi,2001
4447,Legally Blonde (2001),Legally Blonde,Comedy|Romance,2001
4448,"Score, The (2001)","Score, The",Action|Drama,2001
4449,Adanggaman (2000),Adanggaman,Drama,2000
4450,Bully (2001),Bully,Crime|Drama|Thriller,2001
4451,Jump Tomorrow (2001),Jump Tomorrow,Comedy|Drama|Romance,2001
4452,Made (2001),Made,Comedy,2001
4453,Michael Jordan to the Max (2000),Michael Jordan to the Max,Documentary|IMAX,2000
4454,More (1998),More,Animation|Drama|Sci-Fi|IMAX,1998
4458,Africa: The Serengeti (1994),Africa: The Serengeti,Documentary|IMAX,1994
4459,Alaska: Spirit of the Wild (1997),Alaska: Spirit of the Wild,Documentary|IMAX,1997
4462,18 Again! (1988),18 Again!,Comedy|Fantasy,1988
4463,1969 (1988),1969,Drama|War,1988
4464,"Accidental Tourist, The (1988)","Accidental Tourist, The",Comedy|Drama|Romance,1988
4465,"Accused, The (1988)","Accused, The",Drama,1988
4466,Above the Law (1988),Above the Law,Action|Crime|Drama,1988
4467,"Adventures of Baron Munchausen, The (1988)","Adventures of Baron Munchausen, The",Adventure|Comedy|Fantasy,1988
4470,Ariel (1988),Ariel,Drama,1988
4471,Arthur 2: On the Rocks (1988),Arthur 2: On the Rocks,Comedy|Romance,1988
4473,Bat*21 (1988),Bat*21,Drama|War,1988
4474,Beaches (1988),Beaches,Comedy|Drama|Musical,1988
4475,"Beast of War, The (Beast, The) (1988)","Beast of War, The (Beast, The)",Drama|War,1988
4476,Big Business (1988),Big Business,Comedy,1988
4477,Big Top Pee-Wee (1988),Big Top Pee-Wee,Adventure|Children|Comedy,1988
4478,Biloxi Blues (1988),Biloxi Blues,Comedy|Drama,1988
4480,"Blob, The (1988)","Blob, The",Horror|Sci-Fi,1988
4482,"Bright Lights, Big City (1988)","Bright Lights, Big City",Drama,1988
4483,Caddyshack II (1988),Caddyshack II,Comedy,1988
4484,Camille Claudel (1988),Camille Claudel,Drama,1988
4487,Cocktail (1988),Cocktail,Drama|Romance,1988
4488,Colors (1988),Colors,Action|Crime|Drama,1988
4489,Coming to America (1988),Coming to America,Comedy|Romance,1988
4490,"Couch Trip, The (1988)","Couch Trip, The",Comedy,1988
4492,Critters (1986),Critters,Comedy|Sci-Fi,1986
4495,Crossing Delancey (1988),Crossing Delancey,Comedy|Romance,1988
4496,D.O.A. (1988),D.O.A.,Film-Noir|Mystery|Thriller,1988
4497,Dead Heat (1988),Dead Heat,Action|Comedy|Horror|Sci-Fi,1988
4498,"Dead Pool, The (1988)","Dead Pool, The",Action|Crime|Thriller,1988
4499,Dirty Rotten Scoundrels (1988),Dirty Rotten Scoundrels,Comedy,1988
4500,Drowning by Numbers (1988),Drowning by Numbers,Comedy|Drama,1988
4502,Ernest Saves Christmas (1988),Ernest Saves Christmas,Children|Comedy,1988
4504,Feds (1988),Feds,Comedy,1988
4505,For Keeps (1988),For Keeps,Drama|Romance,1988
4506,Frantic (1988),Frantic,Crime|Mystery|Thriller,1988
4508,Gorillas in the Mist (1988),Gorillas in the Mist,Drama,1988
4509,"Great Outdoors, The (1988)","Great Outdoors, The",Comedy,1988
4511,High Spirits (1988),High Spirits,Comedy,1988
4516,Johnny Be Good (1988),Johnny Be Good,Comedy,1988
4517,Lady in White (a.k.a. The Mystery of the Lady in White) (1988),Lady in White (a.k.a. The Mystery of the Lady in White),Horror|Mystery|Thriller,1988
4518,The Lair of the White Worm (1988),The Lair of the White Worm,Comedy|Horror,1988
4519,"Land Before Time, The (1988)","Land Before Time, The",Adventure|Animation|Children|Fantasy,1988
4520,License to Drive (1988),License to Drive,Comedy,1988
4521,Little Nikita (1988),Little Nikita,Drama,1988
4522,Masquerade (1988),Masquerade,Mystery|Romance|Thriller,1988
4523,Milagro Beanfield War (1988),Milagro Beanfield War,Comedy|Drama|Fantasy,1988
4524,Moon Over Parador (1988),Moon Over Parador,Comedy,1988
4526,My Stepmother Is an Alien (1988),My Stepmother Is an Alien,Comedy|Romance|Sci-Fi,1988
4527,"Night in the Life of Jimmy Reardon, A (1988)","Night in the Life of Jimmy Reardon, A",Comedy|Romance,1988
4529,Bagdad Cafe (Out of Rosenheim) (1987),Bagdad Cafe (Out of Rosenheim),Comedy|Drama,1987
4531,Red Heat (1988),Red Heat,Action,1988
4533,"Return of the Living Dead, The (1985)","Return of the Living Dead, The",Comedy|Horror|Sci-Fi,1985
4534,Return to Snowy River (a.k.a. The Man From Snowy River II) (1988),Return to Snowy River (a.k.a. The Man From Snowy River II),Adventure|Drama|Western,1988
4535,"Man from Snowy River, The (1982)","Man from Snowy River, The",Drama|Romance|Western,1982
4537,Running on Empty (1988),Running on Empty,Drama,1988
4541,"Serpent and the Rainbow, The (1988)","Serpent and the Rainbow, The",Horror,1988
4544,Short Circuit 2 (1988),Short Circuit 2,Comedy|Sci-Fi,1988
4545,Short Circuit (1986),Short Circuit,Comedy|Sci-Fi,1986
4546,"Vanishing, The (Spoorloos) (1988)","Vanishing, The (Spoorloos)",Drama|Thriller,1988
4552,"Tetsuo, the Ironman (Tetsuo) (1988)","Tetsuo, the Ironman (Tetsuo)",Action|Horror|Sci-Fi|Thriller,1988
4553,They Live (1988),They Live,Action|Sci-Fi|Thriller,1988
4557,Tucker: The Man and His Dream (1988),Tucker: The Man and His Dream,Drama,1988
4558,Twins (1988),Twins,Comedy,1988
4562,Without a Clue (1988),Without a Clue,Comedy|Mystery,1988
4563,Young Einstein (1988),Young Einstein,Comedy,1988
4564,Always (1989),Always,Drama|Fantasy|Romance,1989
4565,American Ninja (1985),American Ninja,Action|Adventure,1985
4568,Best of the Best (1989),Best of the Best,Action,1989
4571,Bill & Ted's Excellent Adventure (1989),Bill & Ted's Excellent Adventure,Adventure|Comedy|Sci-Fi,1989
4572,Black Rain (1989),Black Rain,Action|Crime|Drama,1989
4573,Blaze (1989),Blaze,Comedy|Drama,1989
4574,Blind Fury (1989),Blind Fury,Action|Thriller,1989
4577,Casualties of War (1989),Casualties of War,Drama|War,1989
4578,Chances Are (1989),Chances Are,Comedy|Romance,1989
4580,Cyborg (1989),Cyborg,Action|Sci-Fi,1989
4581,Dad (1989),Dad,Drama,1989
4583,Disorganized Crime (1989),Disorganized Crime,Action|Comedy,1989
4584,Dream a Little Dream (1989),Dream a Little Dream,Comedy|Drama|Romance,1989
4585,"Dream Team, The (1989)","Dream Team, The",Comedy,1989
4587,Earth Girls Are Easy (1988),Earth Girls Are Easy,Comedy|Musical|Sci-Fi,1988
4589,Eddie and the Cruisers (1983),Eddie and the Cruisers,Drama|Musical|Mystery,1983
4591,Erik the Viking (1989),Erik the Viking,Adventure|Comedy|Fantasy,1989
4593,Family Business (1989),Family Business,Comedy,1989
4594,Farewell to the King (1989),Farewell to the King,Action|War,1989
4595,Fat Man and Little Boy (1989),Fat Man and Little Boy,Drama,1989
4597,Gleaming the Cube (1989),Gleaming the Cube,Action|Drama|Mystery,1989
4599,Great Balls of Fire! (1989),Great Balls of Fire!,Drama,1989
4600,Gross Anatomy (a.k.a. A Cut Above) (1989),Gross Anatomy (a.k.a. A Cut Above),Comedy|Drama,1989
4602,Harlem Nights (1989),Harlem Nights,Comedy|Crime|Romance,1989
4603,Her Alibi (1989),Her Alibi,Comedy|Romance,1989
4605,How to Get Ahead in Advertising (1989),How to Get Ahead in Advertising,Comedy|Fantasy,1989
4608,"Innocent Man, An (1989)","Innocent Man, An",Crime|Drama,1989
4610,"January Man, The (1989)","January Man, The",Comedy|Crime|Mystery|Thriller,1989
4611,Johnny Handsome (1989),Johnny Handsome,Crime|Drama,1989
4612,Jesus of Montreal (Jésus de Montréal) (1989),Jesus of Montreal (Jésus de Montréal),Drama,1989
4613,K-9 (1989),K-9,Action|Comedy|Crime,1989
4614,Kickboxer (1989),Kickboxer,Action,1989
4615,Last Exit to Brooklyn (1989),Last Exit to Brooklyn,Drama,1989
4616,Lean on Me (1989),Lean on Me,Drama,1989
4617,Let It Ride (1989),Let It Ride,Comedy,1989
4619,Little Monsters (1989),Little Monsters,Comedy,1989
4621,Look Who's Talking (1989),Look Who's Talking,Comedy|Romance,1989
4622,Loverboy (1989),Loverboy,Comedy,1989
4623,Major League (1989),Major League,Comedy,1989
4624,Meet the Feebles (1989),Meet the Feebles,Animation|Comedy|Musical,1989
4625,Millennium (1989),Millennium,Drama|Sci-Fi|Thriller,1989
4626,Miracle Mile (1989),Miracle Mile,Drama|Romance|Sci-Fi,1989
4628,New York Stories (1989),New York Stories,Comedy|Drama,1989
4629,Next of Kin (1989),Next of Kin,Action|Crime|Thriller,1989
4630,No Holds Barred (1989),No Holds Barred,Action,1989
4632,"Package, The (1989)","Package, The",Action|Thriller,1989
4634,Penn & Teller Get Killed (1989),Penn & Teller Get Killed,Adventure|Comedy,1989
4635,Pink Cadillac (1989),Pink Cadillac,Action|Comedy|Drama,1989
4636,"Punisher, The (1989)","Punisher, The",Action,1989
4638,Jurassic Park III (2001),Jurassic Park III,Action|Adventure|Sci-Fi|Thriller,2001
4639,America's Sweethearts (2001),America's Sweethearts,Comedy|Romance,2001
4640,Brother (2000),Brother,Action|Crime|Thriller,2000
4641,Ghost World (2001),Ghost World,Comedy|Drama,2001
4642,Hedwig and the Angry Inch (2000),Hedwig and the Angry Inch,Comedy|Drama|Musical,2000
4643,Planet of the Apes (2001),Planet of the Apes,Action|Adventure|Drama|Sci-Fi,2001
4644,Bread and Tulips (Pane e tulipani) (2000),Bread and Tulips (Pane e tulipani),Comedy|Drama|Romance,2000
4645,Cure (1997),Cure,Crime|Horror|Thriller,1997
4646,Greenfingers (2000),Greenfingers,Comedy|Drama,2000
4649,Wet Hot American Summer (2001),Wet Hot American Summer,Comedy,2001
4653,"Return of the Musketeers, The (1989)","Return of the Musketeers, The",Adventure|Comedy,1989
4654,Road House (1989),Road House,Action|Drama,1989
4658,Santa Sangre (1989),Santa Sangre,Drama|Horror|Mystery|Thriller,1989
4660,Scenes from the Class Struggle in Beverly Hills (1989),Scenes from the Class Struggle in Beverly Hills,Comedy,1989
4661,Sea of Love (1989),Sea of Love,Crime|Drama|Thriller,1989
4662,"See No Evil, Hear No Evil (1989)","See No Evil, Hear No Evil",Comedy|Crime,1989
4663,She's Out of Control (1989),She's Out of Control,Comedy,1989
4666,Skin Deep (1989),Skin Deep,Comedy,1989
4670,"Stepfather, The (1987)","Stepfather, The",Horror|Thriller,1987
4671,Sweetie (1989),Sweetie,Drama,1989
4672,"Tall Guy, The (1989)","Tall Guy, The",Comedy|Romance,1989
4673,Tango & Cash (1989),Tango & Cash,Action|Comedy|Crime|Thriller,1989
4675,Three Fugitives (1989),Three Fugitives,Action|Comedy,1989
4676,Troop Beverly Hills (1989),Troop Beverly Hills,Comedy,1989
4677,Turner & Hooch (1989),Turner & Hooch,Comedy|Crime,1989
4678,UHF (1989),UHF,Comedy,1989
4679,Uncle Buck (1989),Uncle Buck,Comedy,1989
4681,"War of the Roses, The (1989)","War of the Roses, The",Comedy|Drama,1989
4683,"Wizard, The (1989)","Wizard, The",Adventure|Children|Comedy|Drama,1989
4686,Weekend at Bernie's II (1993),Weekend at Bernie's II,Adventure|Comedy,1993
4687,Billy Liar (1963),Billy Liar,Comedy,1963
4688,Black Robe (1991),Black Robe,Adventure|Drama,1991
4689,"Cat o' Nine Tails, The (Gatto a nove code, Il) (1971)","Cat o' Nine Tails, The (Gatto a nove code, Il)",Mystery|Thriller,1971
4690,"Cotton Club, The (1984)","Cotton Club, The",Crime|Musical,1984
4695,Who'll Stop the Rain (1978),Who'll Stop the Rain,Crime|Drama,1978
4697,Basket Case (1982),Basket Case,Comedy|Horror,1982
4699,Original Sin (2001),Original Sin,Drama|Romance|Thriller,2001
4700,"Princess Diaries, The (2001)","Princess Diaries, The",Children|Comedy|Romance,2001
4701,Rush Hour 2 (2001),Rush Hour 2,Action|Comedy,2001
4703,Chocolat (1988),Chocolat,Drama,1988
4704,Hatari! (1962),Hatari!,Adventure|Comedy,1962
4705,"Cage aux Folles, La (1978)","Cage aux Folles, La",Comedy,1978
4708,Marat/Sade (1966),Marat/Sade,Drama|Musical,1966
4709,Paint Your Wagon (1969),Paint Your Wagon,Comedy|Musical|Western,1969
4710,"Shootist, The (1976)","Shootist, The",Drama|Western,1976
4711,Theremin: An Electronic Odyssey (1993),Theremin: An Electronic Odyssey,Documentary,1993
4713,Altered States (1980),Altered States,Drama|Sci-Fi,1980
4714,Any Which Way You Can (1980),Any Which Way You Can,Comedy,1980
4715,"Awakening, The (1980)","Awakening, The",Horror,1980
4717,"Battle Creek Brawl (Big Brawl, The) (1980)","Battle Creek Brawl (Big Brawl, The)",Action|Comedy,1980
4718,American Pie 2 (2001),American Pie 2,Comedy,2001
4719,Osmosis Jones (2001),Osmosis Jones,Action|Animation|Comedy|Crime|Drama|Romance|Thriller,2001
4720,"Others, The (2001)","Others, The",Drama|Horror|Mystery|Thriller,2001
4721,American Outlaws (2001),American Outlaws,Action|Comedy|Western,2001
4722,All Over the Guy (2001),All Over the Guy,Comedy,2001
4723,"Deep End, The (2001)","Deep End, The",Drama,2001
4725,Session 9 (2001),Session 9,Horror|Thriller,2001
4727,Captain Corelli's Mandolin (2001),Captain Corelli's Mandolin,Drama|Romance|War,2001
4728,Rat Race (2001),Rat Race,Comedy,2001
4732,Bubble Boy (2001),Bubble Boy,Comedy,2001
4733,"Curse of the Jade Scorpion, The (2001)","Curse of the Jade Scorpion, The",Comedy,2001
4734,Jay and Silent Bob Strike Back (2001),Jay and Silent Bob Strike Back,Adventure|Comedy,2001
4735,Ghosts of Mars (2001),Ghosts of Mars,Horror|Sci-Fi|Thriller,2001
4736,Summer Catch (2001),Summer Catch,Comedy|Drama|Romance,2001
4738,Happy Accidents (2000),Happy Accidents,Romance|Sci-Fi,2000
4740,Maybe Baby (2000),Maybe Baby,Comedy|Romance,2000
4741,Together (Tillsammans) (2000),Together (Tillsammans),Comedy|Drama|Romance,2000
4743,Tortilla Soup (2001),Tortilla Soup,Comedy|Romance,2001
4744,Jeepers Creepers (2001),Jeepers Creepers,Horror,2001
4745,O (2001),O,Drama,2001
4748,3 Ninjas (1992),3 Ninjas,Action|Children|Comedy,1992
4749,3 Ninjas Kick Back (1994),3 Ninjas Kick Back,Action|Children|Comedy,1994
4750,3 Ninjas Knuckle Up (1995),3 Ninjas Knuckle Up,Action|Children,1995
4754,"Wicker Man, The (1973)","Wicker Man, The",Drama|Horror|Mystery|Thriller,1973
4756,"Musketeer, The (2001)","Musketeer, The",Action|Adventure|Drama|Romance,2001
4757,Rock Star (2001),Rock Star,Comedy|Drama|Musical,2001
4759,Two Can Play That Game (2001),Two Can Play That Game,Comedy|Drama,2001
4765,L.I.E. (2001),L.I.E.,Drama,2001
4766,"Our Lady of the Assassins (Virgen de los sicarios, La) (2000)","Our Lady of the Assassins (Virgen de los sicarios, La)",Crime|Drama|Romance,2000
4769,Into the Arms of Strangers: Stories of the Kindertransport (2000),Into the Arms of Strangers: Stories of the Kindertransport,Documentary,2000
4770,"Glass House, The (2001)","Glass House, The",Thriller,2001
4771,Hardball (2001),Hardball,Drama,2001
4772,Dinner Rush (2000),Dinner Rush,Drama,2000
4773,Haiku Tunnel (2001),Haiku Tunnel,Comedy,2001
4774,Big Trouble (2002),Big Trouble,Comedy|Crime,2002
4775,Glitter (2001),Glitter,Drama|Musical|Romance,2001
4776,Training Day (2001),Training Day,Crime|Drama|Thriller,2001
4777,"American Astronaut, The (2001)","American Astronaut, The",Comedy|Musical|Sci-Fi,2001
4780,Liam (2000),Liam,Drama,2000
4782,Sidewalks of New York (2001),Sidewalks of New York,Comedy|Romance,2001
4783,"Endurance: Shackleton's Legendary Antarctic Expedition, The (2000)","Endurance: Shackleton's Legendary Antarctic Expedition, The",Documentary,2000
4784,"French Lieutenant's Woman, The (1981)","French Lieutenant's Woman, The",Drama,1981
4785,"Great Silence, The (Grande silenzio, Il) (1969)","Great Silence, The (Grande silenzio, Il)",Drama|Western,1969
4786,"Legend of Hell House, The (1973)","Legend of Hell House, The",Horror|Thriller,1973
4787,Little Man Tate (1991),Little Man Tate,Drama,1991
4788,Moscow Does Not Believe in Tears (Moskva slezam ne verit) (1979),Moscow Does Not Believe in Tears (Moskva slezam ne verit),Drama|Romance,1979
4789,Phantom of the Paradise (1974),Phantom of the Paradise,Comedy|Fantasy|Horror|Musical|Thriller,1974
4792,13 Ghosts (1960),13 Ghosts,Horror,1960
4794,Opera (1987),Opera,Crime|Horror|Mystery,1987
4795,Father Goose (1964),Father Goose,Adventure|Comedy|Romance|War,1964
4796,"Grass Is Greener, The (1960)","Grass Is Greener, The",Comedy|Romance,1960
4798,Indiscreet (1958),Indiscreet,Comedy|Romance,1958
4799,"It's a Mad, Mad, Mad, Mad World (1963)","It's a Mad, Mad, Mad, Mad World",Action|Adventure|Comedy|Crime,1963
4800,King Solomon's Mines (1937),King Solomon's Mines,Action|Adventure|Drama|Romance|Thriller,1937
4801,"Little Foxes, The (1941)","Little Foxes, The",Drama,1941
4802,Operation Petticoat (1959),Operation Petticoat,Action|Comedy|Romance|War,1959
4803,Play Misty for Me (1971),Play Misty for Me,Drama|Thriller,1971
4804,Pocketful of Miracles (1961),Pocketful of Miracles,Comedy|Drama,1961
4808,"Vanishing, The (1993)","Vanishing, The",Mystery|Thriller,1993
4809,Silkwood (1983),Silkwood,Drama,1983
4810,I Never Promised You a Rose Garden (1977),I Never Promised You a Rose Garden,Drama,1977
4811,Quadrophenia (1979),Quadrophenia,Drama|Musical,1979
4812,SpaceCamp (1986),SpaceCamp,Adventure|Sci-Fi,1986
4813,When Worlds Collide (1951),When Worlds Collide,Sci-Fi,1951
4814,Don't Say a Word (2001),Don't Say a Word,Thriller,2001
4815,Hearts in Atlantis (2001),Hearts in Atlantis,Drama,2001
4816,Zoolander (2001),Zoolander,Comedy,2001
4818,Extreme Days (2001),Extreme Days,Action|Adventure|Comedy|Drama,2001
4821,Joy Ride (2001),Joy Ride,Adventure|Thriller,2001
4822,Max Keeble's Big Move (2001),Max Keeble's Big Move,Children|Comedy,2001
4823,Serendipity (2001),Serendipity,Comedy|Romance,2001
4825,"Swamp, The (Ciénaga, La) (2001)","Swamp, The (Ciénaga, La)",Comedy|Drama,2001
4826,"Big Red One, The (1980)","Big Red One, The",Action|Adventure|Drama|War,1980
4827,"Boogeyman, The (1980)","Boogeyman, The",Horror,1980
4828,"Party, The (Boum, La) (1980)","Party, The (Boum, La)",Comedy|Romance,1980
4830,Brubaker (1980),Brubaker,Crime|Drama,1980
4831,Can't Stop the Music (1980),Can't Stop the Music,Comedy|Musical,1980
4833,"Changeling, The (1980)","Changeling, The",Horror|Mystery|Thriller,1980
4835,Coal Miner's Daughter (1980),Coal Miner's Daughter,Drama,1980
4836,"Competition, The (1980)","Competition, The",Drama|Romance,1980
4840,"Last Metro, The (Dernier métro, Le) (1980)","Last Metro, The (Dernier métro, Le)",Drama|Romance,1980
4844,Bandits (2001),Bandits,Comedy|Crime|Romance,2001
4845,Corky Romano (2001),Corky Romano,Comedy|Crime,2001
4846,Iron Monkey (Siu nin Wong Fei-hung ji: Tit Ma Lau) (1993),Iron Monkey (Siu nin Wong Fei-hung ji: Tit Ma Lau),Action|Comedy,1993
4847,Fat Girl (À ma soeur!) (2001),Fat Girl (À ma soeur!),Drama,2001
4848,Mulholland Drive (2001),Mulholland Drive,Crime|Drama|Film-Noir|Mystery|Thriller,2001
4849,My First Mister (2001),My First Mister,Comedy|Drama,2001
4850,Spriggan (Supurigan) (1998),Spriggan (Supurigan),Action|Animation|Sci-Fi,1998
4852,Bones (2001),Bones,Horror,2001
4855,Dirty Harry (1971),Dirty Harry,Action|Crime|Thriller,1971
4857,Fiddler on the Roof (1971),Fiddler on the Roof,Drama|Musical,1971
4860,Making the Grade (1984),Making the Grade,Comedy,1984
4862,Not Without My Daughter (1991),Not Without My Daughter,Drama,1991
4863,Female Trouble (1975),Female Trouble,Comedy|Crime,1975
4864,Titanica (1992),Titanica,Documentary|IMAX,1992
4865,From Hell (2001),From Hell,Crime|Horror|Mystery|Thriller,2001
4866,"Last Castle, The (2001)","Last Castle, The",Action,2001
4867,Riding in Cars with Boys (2001),Riding in Cars with Boys,Comedy|Drama,2001
4871,Focus (2001),Focus,Drama,2001
4873,Waking Life (2001),Waking Life,Animation|Drama|Fantasy,2001
4874,K-PAX (2001),K-PAX,Drama|Fantasy|Mystery|Sci-Fi,2001
4876,Thirteen Ghosts (a.k.a. Thir13en Ghosts) (2001),Thirteen Ghosts (a.k.a. Thir13en Ghosts),Horror|Thriller,2001
4877,Better Than Sex (2000),Better Than Sex,Comedy|Romance,2000
4878,Donnie Darko (2001),Donnie Darko,Drama|Mystery|Sci-Fi|Thriller,2001
4879,High Heels and Low Lifes (2001),High Heels and Low Lifes,Action|Comedy|Crime|Drama,2001
4880,Life as a House (2001),Life as a House,Drama,2001
4881,"Man Who Wasn't There, The (2001)","Man Who Wasn't There, The",Crime|Drama,2001
4883,"Town is Quiet, The (Ville est tranquille, La) (2000)","Town is Quiet, The (Ville est tranquille, La)",Drama,2000
4885,Domestic Disturbance (2001),Domestic Disturbance,Thriller,2001
4886,"Monsters, Inc. (2001)","Monsters, Inc.",Adventure|Animation|Children|Comedy|Fantasy,2001
4887,"One, The (2001)","One, The",Action|Sci-Fi|Thriller,2001
4888,Tape (2001),Tape,Drama,2001
4889,Heist (2001),Heist,Crime|Drama,2001
4890,Shallow Hal (2001),Shallow Hal,Comedy|Fantasy|Romance,2001
4893,When a Stranger Calls (1979),When a Stranger Calls,Horror|Thriller,1979
4896,Harry Potter and the Sorcerer's Stone (a.k.a. Harry Potter and the Philosopher's Stone) (2001),Harry Potter and the Sorcerer's Stone (a.k.a. Harry Potter and the Philosopher's Stone),Adventure|Children|Fantasy,2001
4898,Novocaine (2001),Novocaine,Comedy|Crime|Mystery|Thriller,2001
4899,Black Knight (2001),Black Knight,Adventure|Comedy|Fantasy,2001
4900,Out Cold (2001),Out Cold,Comedy,2001
4901,Spy Game (2001),Spy Game,Action|Crime|Drama|Thriller,2001
4902,"Devil's Backbone, The (Espinazo del diablo, El) (2001)","Devil's Backbone, The (Espinazo del diablo, El)",Drama|Fantasy|Horror|Thriller|War,2001
4903,In the Bedroom (2001),In the Bedroom,Drama,2001
4909,"Incredible Shrinking Woman, The (1981)","Incredible Shrinking Woman, The",Comedy|Sci-Fi,1981
4911,Jabberwocky (1977),Jabberwocky,Adventure|Comedy|Fantasy,1977
4912,Funny Girl (1968),Funny Girl,Drama|Musical|Romance,1968
4914,Breathless (À bout de souffle) (1960),Breathless (À bout de souffle),Crime|Drama|Romance,1960
4915,"Beastmaster, The (1982)","Beastmaster, The",Action|Adventure|Fantasy,1982
4916,Midway (1976),Midway,Drama|War,1976
4917,MacArthur (1977),MacArthur,Drama,1977
4919,Subway (1985),Subway,Crime|Drama|Romance|Thriller,1985
4920,"Now, Voyager (1942)","Now, Voyager",Drama|Romance,1942
4921,Little Women (1933),Little Women,Drama|Romance,1933
4925,"Cheap Detective, The (1978)","Cheap Detective, The",Comedy,1978
4926,Everybody's Famous! (Iedereen beroemd!) (2000),Everybody's Famous! (Iedereen beroemd!),Comedy|Drama|Musical,2000
4927,"Last Wave, The (1977)","Last Wave, The",Fantasy|Mystery|Thriller,1977
4928,That Obscure Object of Desire (Cet obscur objet du désir) (1977),That Obscure Object of Desire (Cet obscur objet du désir),Drama,1977
4929,"Toy, The (1982)","Toy, The",Comedy,1982
4932,Dressed to Kill (1980),Dressed to Kill,Mystery|Thriller,1980
4936,Fame (1980),Fame,Drama|Musical,1980
4939,"Final Countdown, The (1980)","Final Countdown, The",Action|Sci-Fi,1980
4941,Flash Gordon (1980),Flash Gordon,Action|Adventure|Sci-Fi,1980
4942,"Angry Red Planet, The (1959)","Angry Red Planet, The",Sci-Fi,1959
4945,"Enforcer, The (1976)","Enforcer, The",Crime,1976
4946,"Eye for an Eye, An (1981)","Eye for an Eye, An",Action|Crime|Thriller,1981
4947,"Gauntlet, The (1977)","Gauntlet, The",Action,1977
4951,Lord of the Flies (1990),Lord of the Flies,Adventure|Drama|Thriller,1990
4952,Morons From Outer Space (1985),Morons From Outer Space,Comedy|Sci-Fi,1985
4953,"People That Time Forgot, The (1977)","People That Time Forgot, The",Adventure|Sci-Fi,1977
4954,Ocean's Eleven (a.k.a. Ocean's 11) (1960),Ocean's Eleven (a.k.a. Ocean's 11),Comedy|Crime,1960
4956,"Stunt Man, The (1980)","Stunt Man, The",Action|Adventure|Comedy|Drama|Romance|Thriller,1980
4957,Sudden Impact (1983),Sudden Impact,Crime|Thriller,1983
4958,Behind Enemy Lines (2001),Behind Enemy Lines,Action|Drama|War,2001
4959,"Affair of the Necklace, The (2001)","Affair of the Necklace, The",Drama,2001
4961,Pornstar: The Legend of Ron Jeremy (2001),Pornstar: The Legend of Ron Jeremy,Documentary,2001
4962,Texas Rangers (2001),Texas Rangers,Adventure|Western,2001
4963,Ocean's Eleven (2001),Ocean's Eleven,Crime|Thriller,2001
4964,Baran (2001),Baran,Adventure|Drama|Romance,2001
4965,"Business of Strangers, The (2001)","Business of Strangers, The",Action|Drama|Thriller,2001
4966,"Incredible Shrinking Man, The (1957)","Incredible Shrinking Man, The",Sci-Fi|Thriller,1957
4967,No Man's Land (2001),No Man's Land,Drama|War,2001
4969,And Then There Were None (1945),And Then There Were None,Crime|Mystery,1945
4970,"Blue Angel, The (Blaue Engel, Der) (1930)","Blue Angel, The (Blaue Engel, Der)",Drama,1930
4971,Moscow on the Hudson (1984),Moscow on the Hudson,Comedy|Drama,1984
4973,"Amelie (Fabuleux destin d'Amélie Poulain, Le) (2001)","Amelie (Fabuleux destin d'Amélie Poulain, Le)",Comedy|Romance,2001
4974,Not Another Teen Movie (2001),Not Another Teen Movie,Comedy,2001
4975,Vanilla Sky (2001),Vanilla Sky,Mystery|Romance|Sci-Fi|Thriller,2001
4976,Iris (2001),Iris,Drama,2001
4977,Kandahar (Safar e Ghandehar) (2001),Kandahar (Safar e Ghandehar),Drama,2001
4978,Lantana (2001),Lantana,Drama|Mystery|Thriller,2001
4979,"Royal Tenenbaums, The (2001)","Royal Tenenbaums, The",Comedy|Drama,2001
4980,Bill & Ted's Bogus Journey (1991),Bill & Ted's Bogus Journey,Adventure|Comedy|Fantasy|Sci-Fi,1991
4981,Clockwise (1986),Clockwise,Comedy,1986
4985,Sheena (1984),Sheena,Action|Adventure|Fantasy,1984
4987,Spacehunter: Adventures in the Forbidden Zone (1983),Spacehunter: Adventures in the Forbidden Zone,Action|Adventure|Sci-Fi,1983
4988,White Water Summer (1987),White Water Summer,Adventure,1987
4989,How High (2001),How High,Comedy,2001
4990,Jimmy Neutron: Boy Genius (2001),Jimmy Neutron: Boy Genius,Adventure|Animation|Children|Comedy,2001
4991,Joe Somebody (2001),Joe Somebody,Comedy|Drama|Romance,2001
4992,Kate & Leopold (2001),Kate & Leopold,Comedy|Romance,2001
4993,"Lord of the Rings: The Fellowship of the Ring, The (2001)","Lord of the Rings: The Fellowship of the Ring, The",Adventure|Fantasy,2001
4994,"Majestic, The (2001)","Majestic, The",Comedy|Drama|Romance,2001
4995,"Beautiful Mind, A (2001)","Beautiful Mind, A",Drama|Romance,2001
4998,"Defiant Ones, The (1958)","Defiant Ones, The",Adventure|Crime|Drama|Thriller,1958
5004,"Party, The (1968)","Party, The",Comedy,1968
5007,Topkapi (1964),Topkapi,Adventure|Comedy|Thriller,1964
5008,Witness for the Prosecution (1957),Witness for the Prosecution,Drama|Mystery|Thriller,1957
5009,Ali (2001),Ali,Drama,2001
5010,Black Hawk Down (2001),Black Hawk Down,Action|Drama|War,2001
5011,Charlotte Gray (2001),Charlotte Gray,Drama|Romance,2001
5012,Yentl (1983),Yentl,Drama|Musical|Romance,1983
5013,Gosford Park (2001),Gosford Park,Comedy|Drama|Mystery,2001
5014,I Am Sam (2001),I Am Sam,Drama,2001
5015,Monster's Ball (2001),Monster's Ball,Drama|Romance,2001
5016,"Shipping News, The (2001)","Shipping News, The",Drama,2001
5021,Murder by Death (1976),Murder by Death,Comedy|Crime|Mystery|Thriller,1976
5023,"Waterdance, The (1992)","Waterdance, The",Drama,1992
5025,Orange County (2002),Orange County,Comedy,2002
5026,"Brotherhood of the Wolf (Pacte des loups, Le) (2001)","Brotherhood of the Wolf (Pacte des loups, Le)",Action|Mystery|Thriller,2001
5027,Another 48 Hrs. (1990),Another 48 Hrs.,Action|Comedy|Crime|Drama|Thriller,1990
5028,What Time Is It There? (Ni neibian jidian) (2001),What Time Is It There? (Ni neibian jidian),Drama,2001
5033,"Russia House, The (1990)","Russia House, The",Drama|Thriller,1990
5034,"Truly, Madly, Deeply (1991)","Truly, Madly, Deeply",Drama|Romance,1991
5039,Dragonslayer (1981),Dragonslayer,Action|Adventure|Fantasy,1981
5040,Conan the Destroyer (1984),Conan the Destroyer,Action|Adventure|Fantasy,1984
5041,Fire and Ice (1983),Fire and Ice,Animation|Fantasy,1983
5046,Impostor (2002),Impostor,Action|Drama|Sci-Fi|Thriller,2002
5047,Kung Pow: Enter the Fist (2002),Kung Pow: Enter the Fist,Action|Comedy,2002
5048,Snow Dogs (2002),Snow Dogs,Adventure|Children|Comedy,2002
5049,48 Hrs. (1982),48 Hrs.,Action|Comedy|Crime|Drama,1982
5051,Italian for Beginners (Italiensk for begyndere) (2000),Italian for Beginners (Italiensk for begyndere),Comedy|Drama|Romance,2000
5053,Blankman (1994),Blankman,Comedy,1994
5054,Brainstorm (1983),Brainstorm,Sci-Fi|Thriller,1983
5055,Dragon: The Bruce Lee Story (1993),Dragon: The Bruce Lee Story,Action|Drama,1993
5059,Little Dieter Needs to Fly (1997),Little Dieter Needs to Fly,Documentary,1997
5060,M*A*S*H (a.k.a. MASH) (1970),M*A*S*H (a.k.a. MASH),Comedy|Drama|War,1970
5062,Seconds (1966),Seconds,Mystery|Sci-Fi|Thriller,1966
5063,One-Eyed Jacks (1961),One-Eyed Jacks,Western,1961
5064,The Count of Monte Cristo (2002),The Count of Monte Cristo,Action|Adventure|Drama|Thriller,2002
5065,"Mothman Prophecies, The (2002)","Mothman Prophecies, The",Drama|Fantasy|Horror|Mystery|Thriller,2002
5066,"Walk to Remember, A (2002)","Walk to Remember, A",Drama|Romance,2002
5068,Beijing Bicycle (Shiqi sui de dan che) (2001),Beijing Bicycle (Shiqi sui de dan che),Drama,2001
5069,Escaflowne: The Movie (Escaflowne) (2000),Escaflowne: The Movie (Escaflowne),Action|Adventure|Animation|Drama|Fantasy,2000
5071,Maelström (2000),Maelström,Drama|Romance,2000
5072,Metropolis (2001),Metropolis,Animation|Sci-Fi,2001
5073,"Son's Room, The (Stanza del figlio, La) (2001)","Son's Room, The (Stanza del figlio, La)",Drama,2001
5074,Storytelling (2001),Storytelling,Comedy|Drama,2001
5075,Waydowntown (2000),Waydowntown,Comedy,2000
5076,"Adventures of Huck Finn, The (1993)","Adventures of Huck Finn, The",Adventure|Children|Comedy|Drama,1993
5077,Cousins (1989),Cousins,Comedy|Romance,1989
5080,Slackers (2002),Slackers,Comedy,2002
5081,Birthday Girl (2001),Birthday Girl,Drama|Romance,2001
5083,Rare Birds (2001),Rare Birds,Comedy|Drama,2001
5088,"Going Places (Valseuses, Les) (1974)","Going Places (Valseuses, Les)",Comedy|Crime|Drama,1974
5092,Big Fat Liar (2002),Big Fat Liar,Children|Comedy,2002
5093,Collateral Damage (2002),Collateral Damage,Action|Thriller,2002
5094,Rollerball (2002),Rollerball,Action|Sci-Fi,2002
5095,"Scotland, Pa. (2001)","Scotland, Pa.",Comedy|Crime,2001
5096,Baby's Day Out (1994),Baby's Day Out,Comedy,1994
5099,Heidi (1937),Heidi,Children|Drama,1937
5102,Rookie of the Year (1993),Rookie of the Year,Comedy|Fantasy,1993
5103,"Sandlot, The (1993)","Sandlot, The",Children|Comedy|Drama,1993
5105,Don't Look Now (1973),Don't Look Now,Drama|Horror|Thriller,1973
5106,Crossroads (2002),Crossroads,Comedy|Musical|Romance,2002
5107,Hart's War (2002),Hart's War,Drama|War,2002
5108,John Q (2002),John Q,Crime|Drama|Thriller,2002
5109,Return to Never Land (2002),Return to Never Land,Adventure|Animation|Children,2002
5110,Super Troopers (2001),Super Troopers,Comedy|Crime|Mystery,2001
5111,"Good Son, The (1993)","Good Son, The",Drama|Thriller,1993
5112,Last Orders (2001),Last Orders,Drama,2001
5113,After the Fox (Caccia alla volpe) (1966),After the Fox (Caccia alla volpe),Comedy|Crime,1966
5114,"Bad and the Beautiful, The (1952)","Bad and the Beautiful, The",Drama,1952
5116,Designing Woman (1957),Designing Woman,Comedy,1957
5120,Sleuth (1972),Sleuth,Comedy|Mystery|Thriller,1972
5121,Stroszek (1977),Stroszek,Comedy|Drama,1977
5127,Dragonfly (2002),Dragonfly,Drama|Fantasy|Mystery|Romance|Thriller,2002
5128,Queen of the Damned (2002),Queen of the Damned,Fantasy|Horror,2002
5131,How to Kill Your Neighbor's Dog (2000),How to Kill Your Neighbor's Dog,Comedy|Drama,2000
5134,Mean Machine (2001),Mean Machine,Comedy|Drama,2001
5135,Monsoon Wedding (2001),Monsoon Wedding,Comedy|Romance,2001
5136,Wendigo (2001),Wendigo,Drama|Horror,2001
5137,Scratch (2001),Scratch,Documentary,2001
5139,"Bad News Bears, The (1976)","Bad News Bears, The",Comedy,1976
5146,Vampire Hunter D: Bloodlust (Banpaia hantâ D) (2000),Vampire Hunter D: Bloodlust (Banpaia hantâ D),Animation|Fantasy|Horror|Sci-Fi,2000
5147,Wild Strawberries (Smultronstället) (1957),Wild Strawberries (Smultronstället),Drama,1957
5151,40 Days and 40 Nights (2002),40 Days and 40 Nights,Comedy|Romance,2002
5152,We Were Soldiers (2002),We Were Soldiers,Action|Drama|War,2002
5155,"Big Bird Cage, The (1972)","Big Bird Cage, The",Action,1972
5156,"Big Doll House, The (1971)","Big Doll House, The",Action,1971
5159,Ferngully: The Last Rainforest (1992),Ferngully: The Last Rainforest,Animation|Children|Comedy|Musical,1992
5165,Zombie (a.k.a. Zombie 2: The Dead Are Among Us) (Zombi 2) (1979),Zombie (a.k.a. Zombie 2: The Dead Are Among Us) (Zombi 2),Horror,1979
5168,Royal Wedding (1951),Royal Wedding,Comedy|Musical|Romance,1951
5170,All About the Benjamins (2002),All About the Benjamins,Action|Comedy|Crime,2002
5171,"Time Machine, The (2002)","Time Machine, The",Action|Adventure|Sci-Fi,2002
5177,"Magnificent Ambersons, The (1942)","Magnificent Ambersons, The",Drama|Romance,1942
5178,Fun (1994),Fun,Crime|Drama,1994
5181,Hangar 18 (1980),Hangar 18,Action|Sci-Fi|Thriller,1980
5187,Hopscotch (1980),Hopscotch,Comedy,1980
5189,Humanoids from the Deep (1980),Humanoids from the Deep,Horror|Sci-Fi,1980
5197,Little Darlings (1980),Little Darlings,Drama,1980
5198,"Long Good Friday, The (1980)","Long Good Friday, The",Drama|Thriller,1980
5202,Mon oncle d'Amérique (1980),Mon oncle d'Amérique,Drama,1980
5205,Motel Hell (1980),Motel Hell,Comedy|Horror,1980
5209,Ffolkes (1979),Ffolkes,Action|Adventure|Thriller,1979
5212,"Octagon, The (1980)","Octagon, The",Action,1980
5213,"Oh, God! Book II (1980)","Oh, God! Book II",Comedy,1980
5214,"Oh, God! (1977)","Oh, God!",Comedy|Fantasy,1977
5218,Ice Age (2002),Ice Age,Adventure|Animation|Children|Comedy,2002
5219,Resident Evil (2002),Resident Evil,Action|Horror|Sci-Fi|Thriller,2002
5220,Showtime (2002),Showtime,Action|Comedy,2002
5221,Harrison's Flowers (2000),Harrison's Flowers,Drama,2000
5222,Kissing Jessica Stein (2001),Kissing Jessica Stein,Comedy|Romance,2001
5224,Promises (2001),Promises,Documentary,2001
5225,And Your Mother Too (Y tu mamá también) (2001),And Your Mother Too (Y tu mamá también),Drama|Romance,2001
5226,All the Right Moves (1983),All the Right Moves,Drama|Romance,1983
5231,Road to Morocco (1942),Road to Morocco,Comedy,1942
5237,Taps (1981),Taps,Drama,1981
5238,Return of the Secaucus 7 (1980),Return of the Secaucus 7,Drama,1980
5239,Rude Boy (1980),Rude Boy,Documentary|Drama,1980
5240,Running Scared (1980),Running Scared,Action|Drama,1980
5241,Seems Like Old Times (1980),Seems Like Old Times,Comedy|Romance,1980
5244,Shogun Assassin (1980),Shogun Assassin,Action|Adventure,1980
5246,Smokey and the Bandit II (1980),Smokey and the Bandit II,Action|Comedy,1980
5247,Smokey and the Bandit (1977),Smokey and the Bandit,Action|Comedy,1977
5248,Smokey and the Bandit III (1983),Smokey and the Bandit III,Action|Comedy,1983
5250,Stir Crazy (1980),Stir Crazy,Comedy,1980
5254,Blade II (2002),Blade II,Action|Horror|Thriller,2002
5255,Sorority Boys (2002),Sorority Boys,Comedy,2002
5256,Stolen Summer (2002),Stolen Summer,Drama,2002
5258,George Washington (2000),George Washington,Drama,2000
5264,Clockstoppers (2002),Clockstoppers,Action|Adventure|Sci-Fi|Thriller,2002
5265,Death to Smoochy (2002),Death to Smoochy,Comedy|Crime|Drama,2002
5266,Panic Room (2002),Panic Room,Thriller,2002
5267,"Rookie, The (2002)","Rookie, The",Drama,2002
5268,No Such Thing (2001),No Such Thing,Drama|Fantasy|Romance,2001
5269,"Piano Teacher, The (La pianiste) (2001)","Piano Teacher, The (La pianiste)",Drama,2001
5272,Time Out (L'emploi du temps) (2001),Time Out (L'emploi du temps),Drama,2001
5275,Boxcar Bertha (1972),Boxcar Bertha,Drama,1972
5278,Fraternity Vacation (1985),Fraternity Vacation,Comedy|Romance,1985
5279,Impromptu (1991),Impromptu,Comedy|Romance,1991
5282,High Crimes (2002),High Crimes,Thriller,2002
5283,National Lampoon's Van Wilder (2002),National Lampoon's Van Wilder,Comedy,2002
5284,Crush (2001),Crush,Comedy|Romance,2001
5285,Lucky Break (2001),Lucky Break,Comedy|Crime,2001
5288,"Atomic Cafe, The (1982)","Atomic Cafe, The",Documentary|War,1982
5291,Rashomon (Rashômon) (1950),Rashomon (Rashômon),Crime|Drama|Mystery,1950
5292,Slap Shot (1977),Slap Shot,Comedy,1977
5293,Changing Lanes (2002),Changing Lanes,Drama|Thriller,2002
5294,Frailty (2001),Frailty,Crime|Drama|Thriller,2001
5296,"Sweetest Thing, The (2002)","Sweetest Thing, The",Comedy|Romance,2002
5297,"Cat's Meow, The (2002)","Cat's Meow, The",Drama|Thriller,2002
5298,Human Nature (2001),Human Nature,Comedy|Romance,2001
5299,My Big Fat Greek Wedding (2002),My Big Fat Greek Wedding,Comedy|Romance,2002
5300,3:10 to Yuma (1957),3:10 to Yuma,Action|Adventure|Drama|Thriller|Western,1957
5303,Joe Versus the Volcano (1990),Joe Versus the Volcano,Comedy|Romance,1990
5304,"Rome, Open City (a.k.a. Open City) (Roma, città aperta) (1945)","Rome, Open City (a.k.a. Open City) (Roma, città aperta)",Drama|War,1945
5307,Taking Care of Business (1990),Taking Care of Business,Comedy,1990
5308,Three Men and a Baby (1987),Three Men and a Baby,Comedy,1987
5309,Three Men and a Little Lady (1990),Three Men and a Little Lady,Comedy|Romance,1990
5311,"Watcher in the Woods, The (1980)","Watcher in the Woods, The",Children|Horror|Mystery|Thriller,1980
5312,Murder by Numbers (2002),Murder by Numbers,Crime|Thriller,2002
5313,The Scorpion King (2002),The Scorpion King,Action|Adventure|Fantasy|Thriller,2002
5316,Enigma (2001),Enigma,Romance|Thriller,2001
5319,Nine Queens (Nueve reinas) (2000),Nine Queens (Nueve reinas),Crime|Thriller,2000
5321,"Triumph of Love, The (2001)","Triumph of Love, The",Comedy,2001
5322,World Traveler (2001),World Traveler,Drama,2001
5323,Jason X (2002),Jason X,Horror|Sci-Fi|Thriller,2002
5324,Life or Something Like It (2002),Life or Something Like It,Comedy|Romance,2002
5325,Dogtown and Z-Boyz (2001),Dogtown and Z-Boyz,Documentary,2001
5328,Rain (2001),Rain,Drama|Romance,2001
5329,"Salton Sea, The (2002)","Salton Sea, The",Crime|Drama|Thriller,2002
5333,Bob le Flambeur (1955),Bob le Flambeur,Crime|Drama,1955
5334,Cadillac Man (1990),Cadillac Man,Comedy|Crime,1990
5337,Delirious (1991),Delirious,Comedy,1991
5338,Full Moon in Blue Water (1988),Full Moon in Blue Water,Drama,1988
5339,Husbands and Wives (1992),Husbands and Wives,Comedy|Drama,1992
5341,Lenny (1974),Lenny,Drama,1974
5345,Triumph of the Spirit (1989),Triumph of the Spirit,Drama,1989
5346,Wild Orchid (1990),Wild Orchid,Drama|Romance,1990
5347,Deuces Wild (2002),Deuces Wild,Drama,2002
5348,Hollywood Ending (2002),Hollywood Ending,Comedy|Drama,2002
5349,Spider-Man (2002),Spider-Man,Action|Adventure|Sci-Fi|Thriller,2002
5353,Butterflies Are Free (1972),Butterflies Are Free,Comedy|Drama,1972
5356,"Giant Spider Invasion, The (1975)","Giant Spider Invasion, The",Horror|Sci-Fi,1975
5357,Iron Will (1994),Iron Will,Adventure,1994
5358,Mountains of the Moon (1990),Mountains of the Moon,Adventure,1990
5361,White Fang (1991),White Fang,Adventure,1991
5363,"New Guy, The (2002)","New Guy, The",Comedy,2002
5364,Unfaithful (2002),Unfaithful,Drama|Thriller,2002
5365,"Lady and the Duke, The (Anglaise et le duc, L') (2001)","Lady and the Duke, The (Anglaise et le duc, L')",Drama|Romance,2001
5372,Calamity Jane (1953),Calamity Jane,Musical|Western,1953
5373,"Cranes Are Flying, The (Letyat zhuravli) (1957)","Cranes Are Flying, The (Letyat zhuravli)",Drama|Romance|War,1957
5375,"Harvey Girls, The (1946)","Harvey Girls, The",Comedy|Musical|Western,1946
5377,About a Boy (2002),About a Boy,Comedy|Drama|Romance,2002
5378,Star Wars: Episode II - Attack of the Clones (2002),Star Wars: Episode II - Attack of the Clones,Action|Adventure|Sci-Fi|IMAX,2002
5379,"Believer, The (2001)","Believer, The",Drama,2001
5380,"Importance of Being Earnest, The (2002)","Importance of Being Earnest, The",Comedy|Drama|Romance,2002
5382,Every Which Way But Loose (1978),Every Which Way But Loose,Comedy,1978
5384,I Want to Live! (1958),I Want to Live!,Crime|Drama,1958
5385,"Last Waltz, The (1978)","Last Waltz, The",Documentary,1978
5387,Enough (2002),Enough,Drama|Thriller,2002
5388,Insomnia (2002),Insomnia,Action|Crime|Drama|Mystery|Thriller,2002
5389,Spirit: Stallion of the Cimarron (2002),Spirit: Stallion of the Cimarron,Adventure|Animation|Children|Western,2002
5390,CQ (2001),CQ,Drama,2001
5391,Thirteen Conversations About One Thing (a.k.a. 13 Conversations) (2001),Thirteen Conversations About One Thing (a.k.a. 13 Conversations),Drama,2001
5397,Monkey Business (1952),Monkey Business,Comedy|Sci-Fi,1952
5398,Requiem for a Heavyweight (1962),Requiem for a Heavyweight,Drama,1962
5400,"Sum of All Fears, The (2002)","Sum of All Fears, The",Drama|Thriller,2002
5401,Undercover Brother (2002),Undercover Brother,Comedy,2002
5404,84 Charing Cross Road (1987),84 Charing Cross Road,Drama|Romance,1987
5409,Rapid Fire (1992),Rapid Fire,Action,1992
5410,Silent Running (1972),Silent Running,Drama|Sci-Fi,1972
5414,Bad Company (2002),Bad Company,Action|Comedy|Crime,2002
5415,Divine Secrets of the Ya-Ya Sisterhood (2002),Divine Secrets of the Ya-Ya Sisterhood,Comedy|Drama,2002
5416,Cherish (2002),Cherish,Comedy|Drama|Thriller,2002
5417,"Fast Runner, The (Atanarjuat) (2001)","Fast Runner, The (Atanarjuat)",Drama|Fantasy,2001
5418,"Bourne Identity, The (2002)","Bourne Identity, The",Action|Mystery|Thriller,2002
5419,Scooby-Doo (2002),Scooby-Doo,Adventure|Children|Comedy|Fantasy|Mystery,2002
5420,Windtalkers (2002),Windtalkers,Action|Drama|War,2002
5421,"Dangerous Lives of Altar Boys, The (2002)","Dangerous Lives of Altar Boys, The",Drama,2002
5422,"Emperor's New Clothes, The (2001)","Emperor's New Clothes, The",Comedy,2001
5423,Gangster No. 1 (2000),Gangster No. 1,Action|Crime|Thriller,2000
5424,Harvard Man (2001),Harvard Man,Crime|Drama|Romance|Thriller,2001
5425,Dark Blue World (Tmavomodrý svet) (2001),Dark Blue World (Tmavomodrý svet),Drama|War,2001
5427,Caveman (1981),Caveman,Comedy,1981
5428,Cheech & Chong's The Corsican Brothers (1984),Cheech & Chong's The Corsican Brothers,Comedy,1984
5433,Silver Bullet (Stephen King's Silver Bullet) (1985),Silver Bullet (Stephen King's Silver Bullet),Adventure|Drama|Horror|Mystery|Thriller,1985
5434,"Sorry, Wrong Number (1948)","Sorry, Wrong Number",Drama|Film-Noir|Thriller,1948
5435,Hombre (1967),Hombre,Western,1967
5437,"Manhattan Project, The (1986)","Manhattan Project, The",Comedy|Sci-Fi|Thriller,1986
5438,Men at Work (1990),Men at Work,Action|Comedy,1990
5440,She Wore a Yellow Ribbon (1949),She Wore a Yellow Ribbon,Western,1949
5442,V. I. Warshawski (1991),V. I. Warshawski,Action|Comedy|Crime,1991
5443,Juwanna Mann (2002),Juwanna Mann,Comedy,2002
5444,Lilo & Stitch (2002),Lilo & Stitch,Adventure|Animation|Children|Sci-Fi,2002
5445,Minority Report (2002),Minority Report,Action|Crime|Mystery|Sci-Fi|Thriller,2002
5446,Rabbit-Proof Fence (2002),Rabbit-Proof Fence,Adventure|Drama,2002
5447,Sunshine State (2002),Sunshine State,Drama,2002
5448,Hey Arnold! The Movie (2002),Hey Arnold! The Movie,Adventure|Animation|Children|Comedy,2002
5449,Mr. Deeds (2002),Mr. Deeds,Comedy|Romance,2002
5450,Lovely & Amazing (2001),Lovely & Amazing,Comedy|Drama|Romance,2001
5451,Pumpkin (2002),Pumpkin,Comedy|Drama|Romance,2002
5452,Look Who's Talking Now (1993),Look Who's Talking Now,Children|Comedy|Romance,1993
5454,Mo' Money (1992),Mo' Money,Comedy|Romance,1992
5455,"Object of Beauty, The (1991)","Object of Beauty, The",Comedy|Drama,1991
5456,Wagons East (1994),Wagons East,Comedy|Western,1994
5458,Like Mike (2002),Like Mike,Children|Comedy|Fantasy,2002
5459,Men in Black II (a.k.a. MIIB) (a.k.a. MIB 2) (2002),Men in Black II (a.k.a. MIIB) (a.k.a. MIB 2),Action|Comedy|Sci-Fi,2002
5460,"Powerpuff Girls, The (2002)","Powerpuff Girls, The",Action|Animation|Children|Comedy,2002
5461,Me Without You (2001),Me Without You,Comedy|Drama,2001
5462,"Crocodile Hunter: Collision Course, The (2002)","Crocodile Hunter: Collision Course, The",Adventure|Comedy,2002
5463,Reign of Fire (2002),Reign of Fire,Action|Adventure|Fantasy,2002
5464,Road to Perdition (2002),Road to Perdition,Crime|Drama,2002
5465,All About Lily Chou-Chou (Riri Shushu no subete) (2001),All About Lily Chou-Chou (Riri Shushu no subete),Crime|Drama|Thriller,2001
5466,My Wife is an Actress (Ma Femme est une Actrice) (2001),My Wife is an Actress (Ma Femme est une Actrice),Comedy|Drama|Romance,2001
5468,20 Million Miles to Earth (1957),20 Million Miles to Earth,Sci-Fi,1957
5470,The Importance of Being Earnest (1952),The Importance of Being Earnest,Comedy|Romance,1952
5471,Perfect (1985),Perfect,Drama|Romance,1985
5472,1776 (1972),1776,Children|Drama|Musical,1972
5475,Z (1969),Z,Drama|Mystery|Thriller,1969
5476,Halloween: Resurrection (Halloween 8) (2002),Halloween: Resurrection (Halloween 8),Horror|Thriller,2002
5477,Sex and Lucia (Lucía y el sexo) (2001),Sex and Lucia (Lucía y el sexo),Drama|Romance,2001
5478,Eight Legged Freaks (2002),Eight Legged Freaks,Action|Comedy|Horror|Sci-Fi,2002
5479,K-19: The Widowmaker (2002),K-19: The Widowmaker,Action|Adventure|Drama|Thriller,2002
5480,Stuart Little 2 (2002),Stuart Little 2,Children|Comedy,2002
5481,Austin Powers in Goldmember (2002),Austin Powers in Goldmember,Comedy,2002
5483,"Kid Stays in the Picture, The (2002)","Kid Stays in the Picture, The",Documentary,2002
5485,Tadpole (2002),Tadpole,Comedy|Drama|Romance,2002
5486,Who Is Cletis Tout? (2001),Who Is Cletis Tout?,Comedy,2001
5489,Nosferatu the Vampyre (Nosferatu: Phantom der Nacht) (1979),Nosferatu the Vampyre (Nosferatu: Phantom der Nacht),Horror,1979
5490,The Big Bus (1976),The Big Bus,Action|Comedy,1976
5493,In Like Flint (1967),In Like Flint,Action|Adventure|Comedy,1967
5497,Our Man Flint (1965),Our Man Flint,Adventure|Comedy|Sci-Fi,1965
5498,Red Beard (Akahige) (1965),Red Beard (Akahige),Drama,1965
5499,Robin and Marian (1976),Robin and Marian,Adventure|Drama|Romance,1976
5500,Top Secret! (1984),Top Secret!,Comedy,1984
5501,"Master of Disguise, The (2002)","Master of Disguise, The",Comedy|Mystery,2002
5502,Signs (2002),Signs,Horror|Sci-Fi|Thriller,2002
5503,"Last Kiss, The (Ultimo bacio, L') (2001)","Last Kiss, The (Ultimo bacio, L')",Comedy|Drama|Romance,2001
5504,Spy Kids 2: The Island of Lost Dreams (2002),Spy Kids 2: The Island of Lost Dreams,Adventure|Children,2002
5505,"Good Girl, The (2002)","Good Girl, The",Comedy|Drama,2002
5506,Blood Work (2002),Blood Work,Crime|Drama|Mystery|Thriller,2002
5507,xXx (2002),xXx,Action|Crime|Thriller,2002
5508,24 Hour Party People (2002),24 Hour Party People,Comedy|Drama|Musical,2002
5512,Secret Ballot (Raye makhfi) (2001),Secret Ballot (Raye makhfi),Comedy,2001
5513,Martin Lawrence Live: Runteldat (2002),Martin Lawrence Live: Runteldat,Comedy|Documentary,2002
5515,Songs From the Second Floor (Sånger från andra våningen) (2000),Songs From the Second Floor (Sånger från andra våningen),Drama,2000
5521,"Principal, The (1987)","Principal, The",Action|Crime|Drama,1987
5522,Rollerball (1975),Rollerball,Action|Drama|Sci-Fi,1975
5523,"Adventures of Pluto Nash, The (2002)","Adventures of Pluto Nash, The",Action|Adventure|Comedy|Sci-Fi,2002
5524,Blue Crush (2002),Blue Crush,Adventure|Drama|Romance,2002
5525,Mostly Martha (Bella Martha) (2001),Mostly Martha (Bella Martha),Comedy|Drama|Romance,2001
5527,Possession (2002),Possession,Drama|Romance,2002
5528,One Hour Photo (2002),One Hour Photo,Drama|Thriller,2002
5529,Serving Sara (2002),Serving Sara,Comedy|Romance,2002
5530,Simone (S1m0ne) (2002),Simone (S1m0ne),Comedy|Drama|Fantasy|Sci-Fi,2002
5531,Undisputed (2002),Undisputed,Drama,2002
5532,Amy's O (a.k.a. Amy's Orgasm) (2001),Amy's O (a.k.a. Amy's Orgasm),Comedy|Romance,2001
5537,Satin Rouge (2002),Satin Rouge,Drama|Musical,2002
5538,"Care Bears Movie, The (1985)","Care Bears Movie, The",Animation|Children|Fantasy,1985
5539,Care Bears Movie II: A New Generation (1986),Care Bears Movie II: A New Generation,Animation|Children,1986
5540,Clash of the Titans (1981),Clash of the Titans,Action|Adventure|Fantasy|Romance,1981
5541,Hot Shots! (1991),Hot Shots!,Action|Comedy|Romance|War,1991
5543,"Swarm, The (1978)","Swarm, The",Action|Horror|Sci-Fi,1978
5544,Time After Time (1979),Time After Time,Sci-Fi|Thriller,1979
5548,Down and Out in Beverly Hills (1986),Down and Out in Beverly Hills,Comedy,1986
5550,Love Me Tender (1956),Love Me Tender,Musical|Western,1956
5553,Stakeout (1987),Stakeout,Comedy|Crime|Romance|Thriller,1987
5556,FearDotCom (a.k.a. Fear.com) (a.k.a. Fear Dot Com) (2002),FearDotCom (a.k.a. Fear.com) (a.k.a. Fear Dot Com),Crime|Horror|Thriller,2002
5560,À nous la liberté (Freedom for Us) (1931),À nous la liberté (Freedom for Us),Comedy|Musical,1931
5562,Snipes (2001),Snipes,Drama|Thriller,2001
5563,City by the Sea (2002),City by the Sea,Crime|Drama,2002
5564,Swimfan (2002),Swimfan,Thriller,2002
5568,Johnny Dangerously (1984),Johnny Dangerously,Comedy,1984
5569,"Last House on the Left, The (1972)","Last House on the Left, The",Crime|Horror|Thriller,1972
5570,Thesis (Tesis) (1996),Thesis (Tesis),Drama|Horror|Thriller,1996
5572,Barbershop (2002),Barbershop,Comedy,2002
5573,Stealing Harvard (2002),Stealing Harvard,Comedy|Crime,2002
5574,"Transporter, The (2002)","Transporter, The",Action|Crime,2002
5575,Alias Betty (Betty Fisher et autres histoires) (2001),Alias Betty (Betty Fisher et autres histoires),Crime|Drama,2001
5577,Igby Goes Down (2002),Igby Goes Down,Comedy|Drama,2002
5580,Aspen Extreme (1993),Aspen Extreme,Action,1993
5581,Betsy's Wedding (1990),Betsy's Wedding,Comedy,1990
5582,Captain Ron (1992),Captain Ron,Adventure|Comedy,1992
5584,Ernest Goes to Jail (1990),Ernest Goes to Jail,Comedy,1990
5585,Ernest Scared Stupid (1991),Ernest Scared Stupid,Comedy,1991
5588,"Hills Have Eyes, The (1977)","Hills Have Eyes, The",Horror,1977
5589,Indian Summer (1993),Indian Summer,Comedy|Drama,1993
5590,"Mack, The (1973)","Mack, The",Crime,1973
5591,Monkey Trouble (1994),Monkey Trouble,Children|Comedy,1994
5596,Spaced Invaders (1990),Spaced Invaders,Adventure|Comedy|Sci-Fi,1990
5597,Suburban Commando (1991),Suburban Commando,Comedy|Sci-Fi,1991
5601,"Yearling, The (1946)","Yearling, The",Children|Drama,1946
5602,"Ladykillers, The (1955)","Ladykillers, The",Comedy|Crime,1955
5603,"Lavender Hill Mob, The (1951)","Lavender Hill Mob, The",Comedy|Crime,1951
5604,"Man in the White Suit, The (1951)","Man in the White Suit, The",Comedy|Sci-Fi,1951
5607,"Son of the Bride (Hijo de la novia, El) (2001)","Son of the Bride (Hijo de la novia, El)",Comedy|Drama,2001
5608,"Das Experiment (Experiment, The) (2001)","Das Experiment (Experiment, The)",Drama|Thriller,2001
5609,Ballistic: Ecks vs. Sever (2002),Ballistic: Ecks vs. Sever,Action|Thriller,2002
5610,"Banger Sisters, The (2002)","Banger Sisters, The",Comedy|Drama,2002
5611,"Four Feathers, The (2002)","Four Feathers, The",Adventure|War,2002
5612,Trapped (2002),Trapped,Action|Thriller,2002
5613,8 Women (2002),8 Women,Comedy|Crime|Musical|Mystery,2002
5614,"His Secret Life (a.k.a. Ignorant Fairies, The) (Fate ignoranti, Le) (2001)","His Secret Life (a.k.a. Ignorant Fairies, The) (Fate ignoranti, Le)",Drama|Romance,2001
5615,Invincible (2001),Invincible,Drama,2001
5617,Secretary (2002),Secretary,Comedy|Drama|Romance,2002
5618,Spirited Away (Sen to Chihiro no kamikakushi) (2001),Spirited Away (Sen to Chihiro no kamikakushi),Adventure|Animation|Fantasy,2001
5619,"Trials of Henry Kissinger, The (2002)","Trials of Henry Kissinger, The",Documentary,2002
5620,Sweet Home Alabama (2002),Sweet Home Alabama,Comedy|Romance,2002
5621,"Tuxedo, The (2002)","Tuxedo, The",Action|Comedy,2002
5625,Moonlight Mile (2002),Moonlight Mile,Drama|Romance,2002
5628,Wasabi (2001),Wasabi,Action|Comedy|Crime|Drama|Thriller,2001
5629,Jonah: A VeggieTales Movie (2002),Jonah: A VeggieTales Movie,Animation|Children|Musical,2002
5630,Red Dragon (2002),Red Dragon,Crime|Mystery|Thriller,2002
5632,Bloody Sunday (2002),Bloody Sunday,Drama,2002
5633,Heaven (2002),Heaven,Drama,2002
5635,"Man from Elysian Fields, The (2001)","Man from Elysian Fields, The",Drama,2001
5636,Welcome to Collinwood (2002),Welcome to Collinwood,Comedy|Crime,2002
5637,Flirting (1991),Flirting,Drama,1991
5638,Godzilla vs. Mothra (Mosura tai Gojira) (1964),Godzilla vs. Mothra (Mosura tai Gojira),Action|Adventure|Fantasy|Sci-Fi,1964
5640,"Godzilla, King of the Monsters! (Kaijû-ô Gojira) (1956)","Godzilla, King of the Monsters! (Kaijû-ô Gojira)",Horror|Sci-Fi,1956
5643,Powaqqatsi (1988),Powaqqatsi,Documentary,1988
5644,"Pride of the Yankees, The (1942)","Pride of the Yankees, The",Drama,1942
5646,Valmont (1989),Valmont,Drama|Romance,1989
5649,Horror of Dracula (Dracula) (1958),Horror of Dracula (Dracula),Horror,1958
5650,Strange Brew (1983),Strange Brew,Comedy,1983
5651,"Incredible Mr. Limpet, The (1964)","Incredible Mr. Limpet, The",Animation|Comedy|War,1964
5657,Flashback (1990),Flashback,Action|Adventure|Comedy|Crime|Drama,1990
5663,Below (2002),Below,Horror,2002
5664,Brown Sugar (2002),Brown Sugar,Romance,2002
5665,Knockaround Guys (2002),Knockaround Guys,Action|Comedy|Crime,2002
5666,"Rules of Attraction, The (2002)","Rules of Attraction, The",Comedy|Drama|Romance|Thriller,2002
5667,Tuck Everlasting (2002),Tuck Everlasting,Drama|Fantasy,2002
5668,White Oleander (2002),White Oleander,Drama,2002
5669,Bowling for Columbine (2002),Bowling for Columbine,Documentary,2002
5670,Comedian (2002),Comedian,Comedy|Documentary,2002
5672,Pokemon 4 Ever (a.k.a. Pokémon 4: The Movie) (2002),Pokemon 4 Ever (a.k.a. Pokémon 4: The Movie),Adventure|Animation|Children|Fantasy,2002
5673,Punch-Drunk Love (2002),Punch-Drunk Love,Comedy|Drama|Romance,2002
5675,Swept Away (2002),Swept Away,Comedy|Romance,2002
5678,Formula 51 (2001),Formula 51,Action|Comedy|Crime|Thriller,2001
5679,"Ring, The (2002)","Ring, The",Horror|Mystery|Thriller,2002
5680,Auto Focus (2002),Auto Focus,Crime|Drama,2002
5682,"Grey Zone, The (2001)","Grey Zone, The",Drama,2001
5684,Naqoyqatsi (2002),Naqoyqatsi,Documentary,2002
5685,Real Women Have Curves (2002),Real Women Have Curves,Comedy|Drama,2002
5688,Tully (2000),Tully,Drama,2000
5689,Billy Bathgate (1991),Billy Bathgate,Crime|Drama,1991
5690,Grave of the Fireflies (Hotaru no haka) (1988),Grave of the Fireflies (Hotaru no haka),Animation|Drama|War,1988
5693,Saturday Night Fever (1977),Saturday Night Fever,Comedy|Drama|Romance,1977
5694,Staying Alive (1983),Staying Alive,Comedy|Drama|Musical,1983
5696,Urban Cowboy (1980),Urban Cowboy,Drama,1980
5699,Tom Horn (1980),Tom Horn,Western,1980
5700,The Pumaman (1980),The Pumaman,Action|Adventure|Fantasy|Sci-Fi,1980
5704,Without Warning (a.k.a. Alien Warning) (a.k.a. It Came Without Warning) (1980),Without Warning (a.k.a. Alien Warning) (a.k.a. It Came Without Warning),Horror|Sci-Fi,1980
5706,...All the Marbles (1981),...All the Marbles,Comedy|Drama,1981
5707,Absence of Malice (1981),Absence of Malice,Drama|Romance,1981
5710,Banana Joe (1981),Banana Joe,Comedy,1981
5712,Blow Out (1981),Blow Out,Mystery|Thriller,1981
5720,"Friend Is a Treasure, A (Chi Trova Un Amico, Trova un Tesoro) (Who Finds a Friend Finds a Treasure) (1981)","Friend Is a Treasure, A (Chi Trova Un Amico, Trova un Tesoro) (Who Finds a Friend Finds a Treasure)",Action|Adventure|Comedy,1981
5721,"Chosen, The (1981)","Chosen, The",Drama,1981
5723,Continental Divide (1981),Continental Divide,Comedy|Romance,1981
5733,"Eyewitness (Janitor, The) (1981)","Eyewitness (Janitor, The)",Thriller,1981
5735,Faces of Death (1978),Faces of Death,Documentary|Horror,1978
5736,Faces of Death 3 (1985),Faces of Death 3,Documentary|Horror,1985
5741,"Woman Next Door, The (Femme d'à côté, La) (1981)","Woman Next Door, The (Femme d'à côté, La)",Drama|Romance,1981
5742,First Monday in October (1981),First Monday in October,Comedy|Drama,1981
5745,"Four Seasons, The (1981)","Four Seasons, The",Comedy|Drama,1981
5746,Galaxy of Terror (Quest) (1981),Galaxy of Terror (Quest),Action|Horror|Mystery|Sci-Fi,1981
5747,Gallipoli (1981),Gallipoli,Drama|War,1981
5749,Ghost Story (1981),Ghost Story,Drama|Horror,1981
5752,Gregory's Girl (1981),Gregory's Girl,Comedy|Romance,1981
5755,Happy Birthday to Me (1981),Happy Birthday to Me,Horror|Mystery,1981
5764,Looker (1981),Looker,Drama|Horror|Sci-Fi|Thriller,1981
5767,Teddy Bear (Mis) (1981),Teddy Bear (Mis),Comedy|Crime,1981
5768,Modern Problems (1981),Modern Problems,Comedy|Fantasy,1981
5771,My Bloody Valentine (1981),My Bloody Valentine,Drama|Horror|Thriller,1981
5772,My Dinner with André (1981),My Dinner with André,Drama,1981
5773,Neighbors (1981),Neighbors,Comedy,1981
5779,Piranha II: The Spawning (1981),Piranha II: The Spawning,Horror|Sci-Fi,1981
5780,Polyester (1981),Polyester,Comedy,1981
5782,"Professional, The (Le professionnel) (1981)","Professional, The (Le professionnel)",Action|Drama|Thriller,1981
5784,Ghost Ship (2002),Ghost Ship,Horror,2002
5785,Jackass: The Movie (2002),Jackass: The Movie,Action|Comedy|Documentary,2002
5786,Paid in Full (2002),Paid in Full,Action|Drama,2002
5787,"Truth About Charlie, The (2002)","Truth About Charlie, The",Mystery|Thriller,2002
5788,All or Nothing (2002),All or Nothing,Drama,2002
5791,Frida (2002),Frida,Drama|Romance,2002
5792,Roger Dodger (2002),Roger Dodger,Comedy|Drama,2002
5796,Casino Royale (1967),Casino Royale,Action|Adventure|Comedy,1967
5797,"Company of Wolves, The (1984)","Company of Wolves, The",Fantasy|Horror,1984
5799,Exodus (1960),Exodus,Drama|Romance|War,1960
5801,"Russians Are Coming, the Russians Are Coming, The (1966)","Russians Are Coming, the Russians Are Coming, The",Comedy|War,1966
5802,"World of Henry Orient, The (1964)","World of Henry Orient, The",Comedy,1964
5803,I Spy (2002),I Spy,Action|Adventure|Comedy|Crime,2002
5804,"Santa Clause 2, The (2002)","Santa Clause 2, The",Children|Comedy|Fantasy|Romance,2002
5809,Femme Fatale (2002),Femme Fatale,Crime|Thriller,2002
5810,8 Mile (2002),8 Mile,Drama,2002
5812,Far from Heaven (2002),Far from Heaven,Drama|Romance,2002
5816,Harry Potter and the Chamber of Secrets (2002),Harry Potter and the Chamber of Secrets,Adventure|Fantasy,2002
5817,Ararat (2002),Ararat,Drama|War,2002
5818,"Crime of Father Amaro, The (Crimen del padre Amaro, El) (2002)","Crime of Father Amaro, The (Crimen del padre Amaro, El)",Drama|Romance,2002
5820,Standing in the Shadows of Motown (2002),Standing in the Shadows of Motown,Documentary|Musical,2002
5826,Rio Grande (1950),Rio Grande,Romance|Western,1950
5828,Blackrock (1997),Blackrock,Drama|Thriller,1997
5829,Men with Brooms (2002),Men with Brooms,Comedy|Drama|Romance,2002
5833,Dog Soldiers (2002),Dog Soldiers,Action|Horror,2002
5836,Houseboat (1958),Houseboat,Comedy|Romance,1958
5838,Madame Bovary (1991),Madame Bovary,Drama,1991
5839,My Father's Glory (La gloire de mon père) (1990),My Father's Glory (La gloire de mon père),Adventure|Drama,1990
5840,"My Mother's Castle (Château de ma mère, Le) (1990)","My Mother's Castle (Château de ma mère, Le)",Comedy|Drama,1990
5841,Return to the Blue Lagoon (1991),Return to the Blue Lagoon,Adventure|Romance,1991
5843,Toy Soldiers (1991),Toy Soldiers,Action|Drama,1991
5847,Ragtime (1981),Ragtime,Drama,1981
5849,I'm Starting From Three (Ricomincio da Tre) (1981),I'm Starting From Three (Ricomincio da Tre),Comedy,1981
5853,Scanners (1981),Scanners,Horror|Sci-Fi|Thriller,1981
5856,"Do You Remember Dolly Bell? (Sjecas li se, Dolly Bell) (1981)","Do You Remember Dolly Bell? (Sjecas li se, Dolly Bell)",Comedy|Drama|Romance,1981
5863,Take This Job and Shove It (1981),Take This Job and Shove It,Comedy,1981
5867,Thief (1981),Thief,Crime|Drama|Thriller,1981
5872,Die Another Day (2002),Die Another Day,Action|Adventure|Thriller,2002
5873,The Emperor's Club (2002),The Emperor's Club,Drama,2002
5874,Friday After Next (2002),Friday After Next,Comedy,2002
5875,Personal Velocity (2002),Personal Velocity,Drama,2002
5876,"Quiet American, The (2002)","Quiet American, The",Drama|Thriller|War,2002
5878,Talk to Her (Hable con Ella) (2002),Talk to Her (Hable con Ella),Drama|Romance,2002
5879,Eight Crazy Nights (Adam Sandler's Eight Crazy Nights) (2002),Eight Crazy Nights (Adam Sandler's Eight Crazy Nights),Animation|Comedy|Musical,2002
5880,Extreme Ops (2002),Extreme Ops,Action|Adventure|Crime|Thriller,2002
5881,Solaris (2002),Solaris,Drama|Romance|Sci-Fi,2002
5882,Treasure Planet (2002),Treasure Planet,Adventure|Animation|Children|Sci-Fi|IMAX,2002
5883,They (2002),They,Horror|Thriller,2002
5884,Chopper Chicks in Zombietown (1989),Chopper Chicks in Zombietown,Comedy|Horror,1989
5888,Brother (Brat) (1997),Brother (Brat),Crime|Drama,1997
5889,"Cruel Romance, A (Zhestokij Romans) (1984)","Cruel Romance, A (Zhestokij Romans)",Drama|Romance,1984
5890,Elling (2001),Elling,Comedy|Drama,2001
5891,I Spit on Your Grave (Day of the Woman) (1978),I Spit on Your Grave (Day of the Woman),Horror|Thriller,1978
5893,"Last Seduction, The (1994)","Last Seduction, The",Crime|Drama|Thriller,1994
5896,New Waterford Girl (1999),New Waterford Girl,Comedy,1999
5899,Zulu (1964),Zulu,Action|Drama|War,1964
5900,Analyze That (2002),Analyze That,Comedy|Crime,2002
5901,Empire (2002),Empire,Crime|Drama,2002
5902,Adaptation (2002),Adaptation,Comedy|Drama|Romance,2002
5903,Equilibrium (2002),Equilibrium,Action|Sci-Fi|Thriller,2002
5909,Visitor Q (Bizita Q) (2001),Visitor Q (Bizita Q),Comedy|Drama|Horror,2001
5912,Hit the Bank (Vabank) (1981),Hit the Bank (Vabank),Comedy|Crime,1981
5915,Victory (a.k.a. Escape to Victory) (1981),Victory (a.k.a. Escape to Victory),Action|Drama|War,1981
5919,Android (1982),Android,Sci-Fi,1982
5922,Attila (Attila Flagello di Dio) (1982),Attila (Attila Flagello di Dio),Action,1982
5925,"Beast Within, The (1982)","Beast Within, The",Horror,1982
5927,"Best Little Whorehouse in Texas, The (1982)","Best Little Whorehouse in Texas, The",Comedy|Drama|Musical|Romance,1982
5929,"Party 2, The (Boum 2, La) (1982)","Party 2, The (Boum 2, La)",Comedy|Romance,1982
5932,Burden of Dreams (1982),Burden of Dreams,Documentary,1982
5938,Deathtrap (1982),Deathtrap,Comedy|Crime|Mystery|Thriller,1982
5941,Drumline (2002),Drumline,Comedy|Drama|Musical|Romance,2002
5942,"Hot Chick, The (2002)","Hot Chick, The",Comedy,2002
5943,Maid in Manhattan (2002),Maid in Manhattan,Comedy|Romance,2002
5944,Star Trek: Nemesis (2002),Star Trek: Nemesis,Action|Drama|Sci-Fi|Thriller,2002
5945,About Schmidt (2002),About Schmidt,Comedy|Drama,2002
5947,Evelyn (2002),Evelyn,Drama,2002
5949,Intact (Intacto) (2001),Intact (Intacto),Thriller,2001
5951,Morvern Callar (2002),Morvern Callar,Drama,2002
5952,"Lord of the Rings: The Two Towers, The (2002)","Lord of the Rings: The Two Towers, The",Adventure|Fantasy,2002
5953,Devils on the Doorstep (Guizi lai le) (2000),Devils on the Doorstep (Guizi lai le),Drama|War,2000
5954,25th Hour (2002),25th Hour,Crime|Drama,2002
5955,Antwone Fisher (2002),Antwone Fisher,Drama,2002
5956,Gangs of New York (2002),Gangs of New York,Crime|Drama,2002
5957,Two Weeks Notice (2002),Two Weeks Notice,Comedy|Romance,2002
5959,Narc (2002),Narc,Crime|Drama|Thriller,2002
5961,Blue Steel (1990),Blue Steel,Action|Thriller,1990
5962,Body of Evidence (1993),Body of Evidence,Drama|Thriller,1993
5963,"Children's Hour, The (1961)","Children's Hour, The",Drama,1961
5965,"Duellists, The (1977)","Duellists, The",Action|War,1977
5968,Miami Blues (1990),Miami Blues,Comedy|Crime|Drama,1990
5969,My Girl 2 (1994),My Girl 2,Comedy|Drama|Romance,1994
5970,My Girl (1991),My Girl,Comedy|Drama|Romance,1991
5971,My Neighbor Totoro (Tonari no Totoro) (1988),My Neighbor Totoro (Tonari no Totoro),Animation|Children|Drama|Fantasy,1988
5974,"Thief of Bagdad, The (1940)","Thief of Bagdad, The",Adventure|Fantasy,1940
5975,War and Peace (1956),War and Peace,Drama|Romance|War,1956
5979,Attack of the Crab Monsters (1957),Attack of the Crab Monsters,Horror|Sci-Fi,1957
5980,Black Christmas (1974),Black Christmas,Horror|Mystery|Thriller,1974
5984,"Story of O, The (Histoire d'O) (1975)","Story of O, The (Histoire d'O)",Drama|Romance,1975
5986,Fat City (1972),Fat City,Drama,1972
5988,Quicksilver (1986),Quicksilver,Drama,1986
5989,Catch Me If You Can (2002),Catch Me If You Can,Crime|Drama,2002
5990,Pinocchio (2002),Pinocchio,Children|Comedy|Fantasy,2002
5991,Chicago (2002),Chicago,Comedy|Crime|Drama|Musical,2002
5992,"Hours, The (2002)","Hours, The",Drama|Romance,2002
5993,Max (2002),Max,Drama,2002
5994,Nicholas Nickleby (2002),Nicholas Nickleby,Drama|Romance,2002
5995,"Pianist, The (2002)","Pianist, The",Drama|War,2002
5999,Heavy Metal 2000 (2000),Heavy Metal 2000,Action|Adventure|Animation|Fantasy|Sci-Fi,2000
6001,"King of Comedy, The (1983)","King of Comedy, The",Comedy|Drama,1983
6002,Love Liza (2002),Love Liza,Drama,2002
6003,Confessions of a Dangerous Mind (2002),Confessions of a Dangerous Mind,Comedy|Crime|Drama|Thriller,2002
6005,Blue Collar Comedy Tour: The Movie (2003),Blue Collar Comedy Tour: The Movie,Comedy|Documentary,2003
6006,Just Married (2003),Just Married,Comedy|Romance,2003
6009,"City of Lost Souls, The (Hyôryuu-gai) (2000)","City of Lost Souls, The (Hyôryuu-gai)",Crime|Drama|Thriller,2000
6012,"Guy Thing, A (2003)","Guy Thing, A",Comedy|Romance,2003
6013,Kangaroo Jack (2003),Kangaroo Jack,Action|Comedy,2003
6014,National Security (2003),National Security,Action|Comedy,2003
6016,City of God (Cidade de Deus) (2002),City of God (Cidade de Deus),Action|Adventure|Crime|Drama|Thriller,2002
6020,Alice Adams (1935),Alice Adams,Comedy|Drama,1935
6021,"American Friend, The (Amerikanische Freund, Der) (1977)","American Friend, The (Amerikanische Freund, Der)",Crime|Drama|Mystery|Thriller,1977
6022,American Me (1992),American Me,Drama,1992
6023,Band of Outsiders (Bande à part) (1964),Band of Outsiders (Bande à part),Comedy|Crime|Drama|Romance,1964
6025,CB4 - The Movie (1993),CB4 - The Movie,Comedy,1993
6027,Dogfight (1991),Dogfight,Drama|Romance,1991
6030,Girls! Girls! Girls! (1962),Girls! Girls! Girls!,Comedy|Musical,1962
6031,Imitation of Life (1959),Imitation of Life,Drama|Romance,1959
6033,Mystery Date (1991),Mystery Date,Comedy,1991
6035,Pépé le Moko (1937),Pépé le Moko,Crime|Drama|Romance,1937
6036,Secret Admirer (1985),Secret Admirer,Comedy|Romance,1985
6039,"Woman in Red, The (1984)","Woman in Red, The",Comedy|Romance,1984
6040,Darkness Falls (2003),Darkness Falls,Horror|Thriller,2003
6041,Amen. (2002),Amen.,Drama,2002
6042,Blind Spot: Hitler's Secretary (Im toten Winkel - Hitlers Sekretärin) (2002),Blind Spot: Hitler's Secretary (Im toten Winkel - Hitlers Sekretärin),Documentary,2002
6044,Blind Date (1984),Blind Date,Horror|Thriller,1984
6049,Ethan Frome (1993),Ethan Frome,Drama,1993
6051,"Harder They Come, The (1973)","Harder They Come, The",Action|Crime|Drama,1973
6055,Sugar Hill (1994),Sugar Hill,Drama,1994
6057,Biker Boyz (2003),Biker Boyz,Action|Crime|Drama,2003
6058,Final Destination 2 (2003),Final Destination 2,Horror|Thriller,2003
6059,"Recruit, The (2003)","Recruit, The",Action|Thriller,2003
6060,"Guru, The (2002)","Guru, The",Comedy|Romance,2002
6062,Lost in La Mancha (2002),Lost in La Mancha,Documentary,2002
6063,May (2002),May,Drama|Horror,2002
6064,"Harder They Fall, The (1956)","Harder They Fall, The",Drama|Film-Noir,1956
6067,Ordinary Decent Criminal (2000),Ordinary Decent Criminal,Comedy|Crime,2000
6070,Tokyo Decadence (Topâzu) (1992),Tokyo Decadence (Topâzu),Drama,1992
6078,Firefox (1982),Firefox,Action|Sci-Fi|Thriller,1982
6086,"I, the Jury (1982)","I, the Jury",Crime|Drama|Thriller,1982
6090,Kiss Me Goodbye (1982),Kiss Me Goodbye,Comedy,1982
6093,"Last Unicorn, The (1982)","Last Unicorn, The",Animation|Children|Fantasy,1982
6095,Dragon Lord (a.k.a. Dragon Strike) (Long Xiao Ye) (1982),Dragon Lord (a.k.a. Dragon Strike) (Long Xiao Ye),Action,1982
6100,"Midsummer Night's Sex Comedy, A (1982)","Midsummer Night's Sex Comedy, A",Comedy|Romance,1982
6101,Missing (1982),Missing,Drama|Mystery|Thriller,1982
6104,Monty Python Live at the Hollywood Bowl (1982),Monty Python Live at the Hollywood Bowl,Comedy,1982
6107,"Night of the Shooting Stars (Notte di San Lorenzo, La) (1982)","Night of the Shooting Stars (Notte di San Lorenzo, La)",Drama|War,1982
6111,Paradise (1982),Paradise,Adventure|Romance,1982
6116,"Pirate Movie, The (1982)","Pirate Movie, The",Adventure|Comedy|Musical,1982
6119,Santa Claus Is a Stinker (Le Père Noël est une ordure) (1982),Santa Claus Is a Stinker (Le Père Noël est une ordure),Comedy,1982
6122,Richard Pryor Live on the Sunset Strip (1982),Richard Pryor Live on the Sunset Strip,Comedy|Documentary,1982
6123,Sunless (Sans Soleil) (1983),Sunless (Sans Soleil),Documentary,1983
6124,Savannah Smiles (1982),Savannah Smiles,Comedy,1982
6125,"Secret Policeman's Other Ball, The (1982)","Secret Policeman's Other Ball, The",Comedy|Documentary|Musical,1982
6140,Tenebre (1982),Tenebre,Horror|Mystery|Thriller,1982
6141,They Call Me Bruce? (a.k.a. A Fistful of Chopsticks) (1982),They Call Me Bruce? (a.k.a. A Fistful of Chopsticks),Comedy,1982
6143,Trail of the Pink Panther (1982),Trail of the Pink Panther,Comedy|Crime,1982
6145,Venom (1982),Venom,Horror|Thriller,1982
6148,White Dog (1982),White Dog,Drama|Horror|Thriller,1982
6153,Zapped! (1982),Zapped!,Comedy|Sci-Fi,1982
6155,How to Lose a Guy in 10 Days (2003),How to Lose a Guy in 10 Days,Comedy|Romance,2003
6156,Shanghai Knights (2003),Shanghai Knights,Action|Adventure|Comedy,2003
6157,Daredevil (2003),Daredevil,Action|Crime,2003
6158,"Jungle Book 2, The (2003)","Jungle Book 2, The",Animation|Children,2003
6159,All the Real Girls (2003),All the Real Girls,Drama|Romance,2003
6162,Gerry (2002),Gerry,Adventure|Drama,2002
6163,He Loves Me... He Loves Me Not (À la folie... pas du tout) (2002),He Loves Me... He Loves Me Not (À la folie... pas du tout),Romance|Thriller,2002
6166,Dennis the Menace (1993),Dennis the Menace,Comedy,1993
6169,"Black Stallion Returns, The (1983)","Black Stallion Returns, The",Adventure|Children,1983
6170,"Black Stallion, The (1979)","Black Stallion, The",Adventure|Children|Drama,1979
6178,"Patch of Blue, A (1965)","Patch of Blue, A",Drama|Romance,1965
6181,"Red Badge of Courage, The (1951)","Red Badge of Courage, The",Drama|War,1951
6182,"Thrill of It All, The (1963)","Thrill of It All, The",Comedy,1963
6183,Pillow Talk (1959),Pillow Talk,Comedy|Musical|Romance,1959
6184,"Man Who Fell to Earth, The (1976)","Man Who Fell to Earth, The",Drama|Sci-Fi,1976
6185,Dark Blue (2003),Dark Blue,Action|Crime|Drama|Thriller,2003
6186,Gods and Generals (2003),Gods and Generals,Action|Drama|War,2003
6187,"Life of David Gale, The (2003)","Life of David Gale, The",Crime|Drama|Thriller,2003
6188,Old School (2003),Old School,Comedy,2003
6192,Open Hearts (Elsker dig for evigt) (2002),Open Hearts (Elsker dig for evigt),Romance,2002
6193,Poolhall Junkies (2002),Poolhall Junkies,Comedy|Drama|Thriller,2002
6195,Stone Reader (2002),Stone Reader,Documentary,2002
6196,Cradle 2 the Grave (2003),Cradle 2 the Grave,Action|Crime|Drama|Thriller,2003
6197,Spider (2002),Spider,Drama|Mystery,2002
6201,Lady Jane (1986),Lady Jane,Drama|Romance,1986
6202,Late Marriage (Hatuna Meuheret) (2001),Late Marriage (Hatuna Meuheret),Comedy|Drama|Romance,2001
6203,Life Stinks (1991),Life Stinks,Comedy,1991
6204,"Meteor Man, The (1993)","Meteor Man, The",Comedy,1993
6210,Volcano High (Whasango) (2001),Volcano High (Whasango),Action|Comedy,2001
6212,Bringing Down the House (2003),Bringing Down the House,Comedy,2003
6213,Tears of the Sun (2003),Tears of the Sun,Action|Drama|Thriller,2003
6214,Irreversible (Irréversible) (2002),Irreversible (Irréversible),Crime|Drama|Mystery|Thriller,2002
6215,Laurel Canyon (2002),Laurel Canyon,Drama,2002
6216,Nowhere in Africa (Nirgendwo in Afrika) (2001),Nowhere in Africa (Nirgendwo in Afrika),Drama,2001
6217,"Safety of Objects, The (2001)","Safety of Objects, The",Drama,2001
6218,Bend It Like Beckham (2002),Bend It Like Beckham,Comedy|Drama|Romance,2002
6219,"Hunted, The (2003)","Hunted, The",Action|Drama|Thriller,2003
6220,Willard (2003),Willard,Drama|Horror|Thriller,2003
6222,Prozac Nation (2001),Prozac Nation,Drama,2001
6223,Spun (2001),Spun,Comedy|Crime|Drama,2001
6225,King of Kings (1961),King of Kings,Drama,1961
6228,"Talk of the Town, The (1942)","Talk of the Town, The",Comedy|Romance|Thriller,1942
6232,Born Free (1966),Born Free,Adventure|Children|Drama,1966
6234,Equus (1977),Equus,Drama|Mystery,1977
6235,Europa Europa (Hitlerjunge Salomon) (1990),Europa Europa (Hitlerjunge Salomon),Drama|War,1990
6237,"Glenn Miller Story, The (1953)","Glenn Miller Story, The",Drama,1953
6238,Green Card (1990),Green Card,Comedy|Drama|Romance,1990
6239,Journey to the Center of the Earth (1959),Journey to the Center of the Earth,Adventure|Children|Sci-Fi,1959
6241,Pauline at the Beach (Pauline à la Plage) (1983),Pauline at the Beach (Pauline à la Plage),Comedy|Drama|Romance,1983
6242,Ringu (Ring) (1998),Ringu (Ring),Horror|Mystery|Thriller,1998
6244,Salaam Bombay! (1988),Salaam Bombay!,Drama,1988
6245,Sweet Charity (1969),Sweet Charity,Comedy|Drama|Musical|Romance,1969
6246,Talent for the Game (1991),Talent for the Game,Drama,1991
6249,Boat Trip (2003),Boat Trip,Comedy,2003
6250,Dreamcatcher (2003),Dreamcatcher,Drama|Horror|Sci-Fi|Thriller,2003
6251,Piglet's Big Movie (2003),Piglet's Big Movie,Animation|Children,2003
6252,View from the Top (2003),View from the Top,Comedy|Romance,2003
6254,"Awful Truth, The (1937)","Awful Truth, The",Comedy|Romance,1937
6263,Basic (2003),Basic,Drama|Thriller|War,2003
6264,"Core, The (2003)","Core, The",Action|Drama|Sci-Fi|Thriller,2003
6265,Head of State (2003),Head of State,Comedy,2003
6266,What a Girl Wants (2003),What a Girl Wants,Comedy|Drama|Romance,2003
6267,Assassination Tango (2002),Assassination Tango,Drama|Thriller,2002
6268,Raising Victor Vargas (2002),Raising Victor Vargas,Comedy|Drama|Romance,2002
6269,Stevie (2002),Stevie,Documentary,2002
6270,Akira Kurosawa's Dreams (Dreams) (1990),Akira Kurosawa's Dreams (Dreams),Drama|Fantasy,1990
6271,Day for Night (La Nuit Américaine) (1973),Day for Night (La Nuit Américaine),Comedy|Drama|Romance,1973
6273,In a Lonely Place (1950),In a Lonely Place,Drama|Film-Noir|Mystery|Romance,1950
6279,"Good Thief, The (2002)","Good Thief, The",Crime|Drama,2002
6280,"Man Apart, A (2003)","Man Apart, A",Action|Crime|Drama|Thriller,2003
6281,Phone Booth (2002),Phone Booth,Drama|Thriller,2002
6283,Cowboy Bebop: The Movie (Cowboy Bebop: Tengoku no Tobira) (2001),Cowboy Bebop: The Movie (Cowboy Bebop: Tengoku no Tobira),Action|Animation|Sci-Fi|Thriller,2001
6285,Levity (2003),Levity,Drama,2003
6286,"Man Without a Past, The (Mies vailla menneisyyttä) (2002)","Man Without a Past, The (Mies vailla menneisyyttä)",Comedy|Crime|Drama,2002
6287,Anger Management (2003),Anger Management,Comedy,2003
6288,Better Luck Tomorrow (2002),Better Luck Tomorrow,Crime|Drama,2002
6289,Ghosts of the Abyss (2003),Ghosts of the Abyss,Documentary|IMAX,2003
6290,House of 1000 Corpses (2003),House of 1000 Corpses,Horror,2003
6291,Lilya 4-Ever (Lilja 4-ever) (2002),Lilya 4-Ever (Lilja 4-ever),Crime|Drama,2002
6294,Bulletproof Monk (2003),Bulletproof Monk,Action|Adventure|Sci-Fi,2003
6295,Chasing Papi (a.k.a. Papi Chulo) (2003),Chasing Papi (a.k.a. Papi Chulo),Comedy,2003
6296,"Mighty Wind, A (2003)","Mighty Wind, A",Comedy|Musical,2003
6297,Holes (2003),Holes,Adventure|Children|Comedy|Mystery,2003
6298,Malibu's Most Wanted (2003),Malibu's Most Wanted,Comedy|Crime,2003
6299,"Winged Migration (Peuple migrateur, Le) (2001)","Winged Migration (Peuple migrateur, Le)",Documentary,2001
6300,Flickering Lights (Blinkende lygter) (2000),Flickering Lights (Blinkende lygter),Action|Comedy|Crime,2000
6301,Straw Dogs (1971),Straw Dogs,Drama|Thriller,1971
6302,Beginning of the End (1957),Beginning of the End,Sci-Fi,1957
6303,"Andromeda Strain, The (1971)","Andromeda Strain, The",Mystery|Sci-Fi,1971
6305,Fahrenheit 451 (1966),Fahrenheit 451,Drama|Sci-Fi,1966
6306,I Am Trying to Break Your Heart (2002),I Am Trying to Break Your Heart,Documentary,2002
6308,Legal Eagles (1986),Legal Eagles,Comedy|Crime|Romance,1986
6310,Memories of Me (1988),Memories of Me,Comedy|Drama,1988
6313,Sibling Rivalry (1990),Sibling Rivalry,Comedy,1990
6314,Undercover Blues (1993),Undercover Blues,Comedy|Crime,1993
6315,Wildcats (1986),Wildcats,Comedy,1986
6316,"Wiz, The (1978)","Wiz, The",Adventure|Children|Comedy|Fantasy|Musical,1978
6319,"My Father the Hero (Mon père, ce héros.) (1991)","My Father the Hero (Mon père, ce héros.)",Comedy|Drama,1991
6320,Scenes from a Mall (1991),Scenes from a Mall,Comedy,1991
6322,Confidence (2003),Confidence,Crime|Thriller,2003
6323,Identity (2003),Identity,Crime|Horror|Mystery|Thriller,2003
6324,It Runs in the Family (2003),It Runs in the Family,Comedy|Drama,2003
6327,"Decade Under the Influence, A (2003)","Decade Under the Influence, A",Documentary,2003
6329,Manic (2001),Manic,Drama,2001
6330,People I Know (2002),People I Know,Crime|Drama,2002
6331,Spellbound (2002),Spellbound,Documentary,2002
6332,"Lizzie McGuire Movie, The (2003)","Lizzie McGuire Movie, The",Children|Comedy|Romance,2003
6333,X2: X-Men United (2003),X2: X-Men United,Action|Adventure|Sci-Fi|Thriller,2003
6334,Blue Car (2002),Blue Car,Drama,2002
6335,"Dancer Upstairs, The (2002)","Dancer Upstairs, The",Crime|Drama|Thriller,2002
6336,Marooned in Iraq (Gomgashtei dar Aragh) (2002),Marooned in Iraq (Gomgashtei dar Aragh),Drama,2002
6337,Owning Mahowny (2003),Owning Mahowny,Crime|Drama|Thriller,2003
6338,Daddy Day Care (2003),Daddy Day Care,Children|Comedy,2003
6339,"Man on the Train (Homme du train, L') (2002)","Man on the Train (Homme du train, L')",Comedy|Drama,2002
6341,"Shape of Things, The (2003)","Shape of Things, The",Drama,2003
6342,"Trip, The (2002)","Trip, The",Comedy|Drama|Romance,2002
6344,101 Reykjavik (101 Reykjavík) (2000),101 Reykjavik (101 Reykjavík),Comedy|Drama|Romance,2000
6345,"Chorus Line, A (1985)","Chorus Line, A",Comedy|Drama|Musical,1985
6347,Beat Street (1984),Beat Street,Drama|Musical,1984
6348,Breakin' 2: Electric Boogaloo (1984),Breakin' 2: Electric Boogaloo,Musical,1984
6349,Breakin' (1984),Breakin',Drama|Musical,1984
6350,Laputa: Castle in the Sky (Tenkû no shiro Rapyuta) (1986),Laputa: Castle in the Sky (Tenkû no shiro Rapyuta),Action|Adventure|Animation|Children|Fantasy|Sci-Fi,1986
6357,High Society (1956),High Society,Comedy|Musical|Romance,1956
6358,Kiss Me Kate (1953),Kiss Me Kate,Comedy|Musical|Romance,1953
6365,"Matrix Reloaded, The (2003)","Matrix Reloaded, The",Action|Adventure|Sci-Fi|Thriller|IMAX,2003
6367,Down with Love (2003),Down with Love,Comedy|Romance,2003
6368,Cinemania (2002),Cinemania,Documentary,2002
6370,"Spanish Apartment, The (L'auberge espagnole) (2002)","Spanish Apartment, The (L'auberge espagnole)",Comedy|Drama|Romance,2002
6371,Pokémon Heroes (2003),Pokémon Heroes,Animation|Children,2003
6373,Bruce Almighty (2003),Bruce Almighty,Comedy|Drama|Fantasy|Romance,2003
6374,"In-Laws, The (2003)","In-Laws, The",Comedy,2003
6375,Gigantic (A Tale of Two Johns) (2002),Gigantic (A Tale of Two Johns),Documentary,2002
6376,Respiro (2002),Respiro,Comedy|Drama,2002
6377,Finding Nemo (2003),Finding Nemo,Adventure|Animation|Children|Comedy,2003
6378,"Italian Job, The (2003)","Italian Job, The",Action|Crime,2003
6379,Wrong Turn (2003),Wrong Turn,Horror|Thriller,2003
6380,Capturing the Friedmans (2003),Capturing the Friedmans,Documentary,2003
6382,Together (Han ni Zai Yiki) (2002),Together (Han ni Zai Yiki),Drama,2002
6383,"2 Fast 2 Furious (Fast and the Furious 2, The) (2003)","2 Fast 2 Furious (Fast and the Furious 2, The)",Action|Crime|Thriller,2003
6385,Whale Rider (2002),Whale Rider,Drama,2002
6386,Nevada Smith (1966),Nevada Smith,Western,1966
6387,Once a Thief (Zong heng si hai) (1991),Once a Thief (Zong heng si hai),Action|Comedy|Crime|Thriller,1991
6390,Silk Stockings (1957),Silk Stockings,Musical,1957
6395,"Crazies, The (a.k.a. Code Name: Trixie) (1973)","Crazies, The (a.k.a. Code Name: Trixie)",Action|Drama|Horror|Sci-Fi|Thriller,1973
6400,Murder on a Sunday Morning (Un coupable idéal) (2001),Murder on a Sunday Morning (Un coupable idéal),Documentary,2001
6402,Siam Sunset (1999),Siam Sunset,Comedy,1999
6405,Treasure Island (1950),Treasure Island,Adventure|Children,1950
6407,"Walk, Don't Run (1966)","Walk, Don't Run",Comedy|Romance,1966
6408,Animals are Beautiful People (1974),Animals are Beautiful People,Comedy|Documentary,1974
6410,Car Wash (1976),Car Wash,Comedy,1976
6412,Destry Rides Again (1939),Destry Rides Again,Comedy|Western,1939
6415,Intervista (1987),Intervista,Comedy|Drama,1987
6417,Live Wire (1992),Live Wire,Action,1992
6422,Shenandoah (1965),Shenandoah,Drama|War|Western,1965
6424,Oscar (1991),Oscar,Comedy|Crime|Mystery|Romance,1991
6425,"6th Man, The (Sixth Man, The) (1997)","6th Man, The (Sixth Man, The)",Comedy,1997
6427,"Railway Children, The (1970)","Railway Children, The",Children|Drama,1970
6428,Two Mules for Sister Sara (1970),Two Mules for Sister Sara,Comedy|War|Western,1970
6429,Winchester '73 (1950),Winchester '73,Western,1950
6433,"Man with the Movie Camera, The (Chelovek s kino-apparatom) (1929)","Man with the Movie Camera, The (Chelovek s kino-apparatom)",Documentary,1929
6434,"Objective, Burma! (1945)","Objective, Burma!",War,1945
6436,This Boy's Life (1993),This Boy's Life,Drama,1993
6440,Barton Fink (1991),Barton Fink,Drama|Thriller,1991
6442,Belle époque (1992),Belle époque,Comedy|Romance,1992
6448,"Flight of the Phoenix, The (1965)","Flight of the Phoenix, The",Action|Adventure|Drama,1965
6449,From the Terrace (1960),From the Terrace,Drama,1960
6452,"Long, Hot Summer, The (1958)","Long, Hot Summer, The",Drama,1958
6453,Man of Aran (1934),Man of Aran,Documentary,1934
6454,Music Box (1989),Music Box,Drama,1989
6460,"Trial, The (Procès, Le) (1962)","Trial, The (Procès, Le)",Drama,1962
6461,"Unforgiven, The (1960)","Unforgiven, The",Drama|Western,1960
6464,Good Burger (1997),Good Burger,Children|Comedy,1997
6465,Jubilee (1977),Jubilee,Drama,1977
6466,Mississippi Masala (1991),Mississippi Masala,Drama|Romance,1991
6476,Shattered (1991),Shattered,Mystery|Thriller,1991
6477,"Song of Bernadette, The (1943)","Song of Bernadette, The",Drama,1943
6480,Thoroughly Modern Millie (1967),Thoroughly Modern Millie,Comedy|Musical,1967
6482,Dumb and Dumberer: When Harry Met Lloyd (2003),Dumb and Dumberer: When Harry Met Lloyd,Comedy,2003
6483,From Justin to Kelly (2003),From Justin to Kelly,Musical|Romance,2003
6484,Hollywood Homicide (2003),Hollywood Homicide,Action|Crime|Drama,2003
6493,Alex and Emma (2003),Alex and Emma,Comedy|Drama|Romance,2003
6502,28 Days Later (2002),28 Days Later,Action|Horror|Sci-Fi,2002
6503,Charlie's Angels: Full Throttle (2003),Charlie's Angels: Full Throttle,Action|Adventure|Comedy|Crime|Thriller,2003
6506,Fulltime Killer (Chuen jik sat sau) (2001),Fulltime Killer (Chuen jik sat sau),Action|Thriller,2001
6509,Ali: Fear Eats the Soul (Angst essen Seele auf) (1974),Ali: Fear Eats the Soul (Angst essen Seele auf),Drama|Romance,1974
6510,"Bodies, Rest & Motion (1993)","Bodies, Rest & Motion",Drama|Romance,1993
6514,Ring of Terror (1962),Ring of Terror,Horror,1962
6515,You Only Live Once (1937),You Only Live Once,Crime|Film-Noir,1937
6516,Anastasia (1956),Anastasia,Drama,1956
6517,"Babe, The (1992)","Babe, The",Drama,1992
6523,Mr. Baseball (1992),Mr. Baseball,Comedy|Romance,1992
6527,Scaramouche (1952),Scaramouche,Adventure|Romance,1952
6528,Start the Revolution Without Me (1970),Start the Revolution Without Me,Comedy,1970
6530,"Tenant, The (Locataire, Le) (1976)","Tenant, The (Locataire, Le)",Drama|Horror|Mystery|Thriller,1976
6533,"What's Up, Doc? (1972)","What's Up, Doc?",Comedy,1972
6534,Hulk (2003),Hulk,Action|Adventure|Sci-Fi,2003
6535,"Legally Blonde 2: Red, White & Blonde (2003)","Legally Blonde 2: Red, White & Blonde",Comedy,2003
6536,Sinbad: Legend of the Seven Seas (2003),Sinbad: Legend of the Seven Seas,Adventure|Animation|Children|Fantasy,2003
6537,Terminator 3: Rise of the Machines (2003),Terminator 3: Rise of the Machines,Action|Adventure|Sci-Fi,2003
6538,Swimming Pool (2003),Swimming Pool,Drama|Mystery|Thriller,2003
6539,Pirates of the Caribbean: The Curse of the Black Pearl (2003),Pirates of the Caribbean: The Curse of the Black Pearl,Action|Adventure|Comedy|Fantasy,2003
6541,"League of Extraordinary Gentlemen, The (a.k.a. LXG) (2003)","League of Extraordinary Gentlemen, The (a.k.a. LXG)",Action|Fantasy|Sci-Fi,2003
6542,"Cuckoo, The (Kukushka) (2002)","Cuckoo, The (Kukushka)",Comedy|Drama|War,2002
6545,I Capture the Castle (2003),I Capture the Castle,Drama|Romance,2003
6547,Northfork (2003),Northfork,Drama|Fantasy,2003
6548,Bad Boys II (2003),Bad Boys II,Action|Comedy|Crime|Thriller,2003
6549,How to Deal (2003),How to Deal,Comedy|Drama|Romance,2003
6550,Johnny English (2003),Johnny English,Action|Comedy|Thriller,2003
6551,"Anarchist Cookbook, The (2002)","Anarchist Cookbook, The",Comedy|Romance,2002
6552,Dirty Pretty Things (2002),Dirty Pretty Things,Crime|Drama|Thriller,2002
6553,"Embalmer, The (Imbalsamatore, L') (2002)","Embalmer, The (Imbalsamatore, L')",Drama,2002
6554,Garage Days (2002),Garage Days,Comedy|Musical,2002
6557,Born to Be Wild (1995),Born to Be Wild,Adventure|Children|Comedy|Drama,1995
6558,Curly Sue (1991),Curly Sue,Comedy|Drama,1991
6559,Little Giants (1994),Little Giants,Children|Comedy,1994
6560,Loose Cannons (1990),Loose Cannons,Action|Comedy,1990
6561,"Mouse That Roared, The (1959)","Mouse That Roared, The",Comedy|War,1959
6563,Masked & Anonymous (2003),Masked & Anonymous,Comedy|Drama,2003
6564,Lara Croft Tomb Raider: The Cradle of Life (2003),Lara Croft Tomb Raider: The Cradle of Life,Action|Adventure|Comedy|Romance|Thriller,2003
6565,Seabiscuit (2003),Seabiscuit,Drama,2003
6566,Spy Kids 3-D: Game Over (2003),Spy Kids 3-D: Game Over,Action|Adventure|Children,2003
6567,Buffalo Soldiers (2001),Buffalo Soldiers,Comedy|Crime|Drama|War,2001
6568,Camp (2003),Camp,Comedy|Musical,2003
6571,"Mondays in the Sun (Lunes al sol, Los) (2002)","Mondays in the Sun (Lunes al sol, Los)",Drama,2002
6572,Scorched (2003),Scorched,Comedy|Crime,2003
6573,Avanti! (1972),Avanti!,Comedy|Drama,1972
6574,Eve of Destruction (1991),Eve of Destruction,Action|Sci-Fi|Thriller,1991
6577,Kickboxer 2: The Road Back (1991),Kickboxer 2: The Road Back,Action|Drama,1991
6578,"Kiss Me, Stupid (1964)","Kiss Me, Stupid",Comedy,1964
6579,"One, Two, Three (1961)","One, Two, Three",Comedy,1961
6581,"Private Life of Sherlock Holmes, The (1970)","Private Life of Sherlock Holmes, The",Comedy|Drama|Mystery,1970
6582,Remo Williams: The Adventure Begins (1985),Remo Williams: The Adventure Begins,Action|Comedy|Crime|Thriller,1985
6583,"Blood of Heroes, The (Salute of the Jugger, The) (1989)","Blood of Heroes, The (Salute of the Jugger, The)",Action|Sci-Fi,1989
6584,"What's Up, Tiger Lily? (1966)","What's Up, Tiger Lily?",Adventure|Comedy|Crime|Thriller,1966
6586,American Wedding (American Pie 3) (2003),American Wedding (American Pie 3),Comedy,2003
6587,Gigli (2003),Gigli,Comedy|Crime|Romance,2003
6588,And Now... Ladies and Gentlemen... (2002),And Now... Ladies and Gentlemen...,Romance|Thriller,2002
6591,"Magdalene Sisters, The (2002)","Magdalene Sisters, The",Drama,2002
6592,"Secret Lives of Dentists, The (2002)","Secret Lives of Dentists, The",Drama,2002
6593,Freaky Friday (2003),Freaky Friday,Children|Comedy|Fantasy,2003
6595,S.W.A.T. (2003),S.W.A.T.,Action|Thriller,2003
6596,"Divorce, Le (2003)","Divorce, Le",Comedy|Drama|Romance,2003
6597,"Princess Blade, The (Shura Yukihime) (2001)","Princess Blade, The (Shura Yukihime)",Action|Sci-Fi,2001
6598,Step Into Liquid (2002),Step Into Liquid,Documentary,2002
6603,"Double Life, A (1947)","Double Life, A",Crime|Drama|Film-Noir,1947
6604,Hawks and Sparrows (Uccellacci e Uccellini) (1966),Hawks and Sparrows (Uccellacci e Uccellini),Comedy,1966
6609,"Gospel According to St. Matthew, The (Vangelo secondo Matteo, Il) (1964)","Gospel According to St. Matthew, The (Vangelo secondo Matteo, Il)",Drama,1964
6611,Umberto D. (1952),Umberto D.,Drama,1952
6612,Brother's Keeper (1992),Brother's Keeper,Documentary,1992
6614,I Love You to Death (1990),I Love You to Death,Comedy|Crime,1990
6615,Freddy vs. Jason (2003),Freddy vs. Jason,Action|Horror|Thriller,2003
6616,Grind (2003),Grind,Action|Comedy,2003
6617,Open Range (2003),Open Range,Western,2003
6618,Shaolin Soccer (Siu lam juk kau) (2001),Shaolin Soccer (Siu lam juk kau),Action|Comedy,2001
6619,Uptown Girls (2003),Uptown Girls,Comedy,2003
6620,American Splendor (2003),American Splendor,Comedy|Drama,2003
6624,Agent Cody Banks (2003),Agent Cody Banks,Action|Adventure|Children|Fantasy,2003
6625,Camp Nowhere (1994),Camp Nowhere,Adventure|Children|Comedy,1994
6628,Hot Dog... The Movie (1984),Hot Dog... The Movie,Comedy,1984
6629,House of Wax (1953),House of Wax,Crime|Horror|Mystery|Thriller,1953
6631,Man's Best Friend (1993),Man's Best Friend,Horror|Sci-Fi|Thriller,1993
6636,"Sure Thing, The (1985)","Sure Thing, The",Comedy|Romance,1985
6638,Valley Girl (1983),Valley Girl,Comedy|Romance,1983
6639,Wait Until Dark (1967),Wait Until Dark,Drama|Thriller,1967
6643,Tokyo Story (Tôkyô monogatari) (1953),Tokyo Story (Tôkyô monogatari),Drama,1953
6644,"Green Ray, The (Rayon vert, Le) (1986)","Green Ray, The (Rayon vert, Le)",Drama|Romance,1986
6645,THX 1138 (1971),THX 1138,Action|Adventure|Drama|Sci-Fi,1971
6650,Kind Hearts and Coronets (1949),Kind Hearts and Coronets,Comedy|Drama,1949
6654,Atragon (Kaitei Gunkan) (1963),Atragon (Kaitei Gunkan),Adventure|Sci-Fi,1963
6656,Attack of the Puppet People (1958),Attack of the Puppet People,Horror|Sci-Fi,1958
6658,10 (1979),10,Comedy|Romance,1979
6659,Tremors (1990),Tremors,Comedy|Horror|Sci-Fi,1990
6660,"Red Shoes, The (1948)","Red Shoes, The",Drama|Fantasy|Musical|Romance,1948
6662,"Pink Panther, The (1963)","Pink Panther, The",Comedy|Crime,1963
6663,"Pink Panther Strikes Again, The (1976)","Pink Panther Strikes Again, The",Comedy|Crime,1976
6664,Commando (1985),Commando,Action|Adventure,1985
6665,Dracula (1979),Dracula,Horror|Romance,1979
6666,"Discreet Charm of the Bourgeoisie, The (Charme discret de la bourgeoisie, Le) (1972)","Discreet Charm of the Bourgeoisie, The (Charme discret de la bourgeoisie, Le)",Comedy|Drama|Fantasy,1972
6667,Waco: The Rules of Engagement (1997),Waco: The Rules of Engagement,Documentary,1997
6668,"Road Home, The (Wo de fu qin mu qin) (1999)","Road Home, The (Wo de fu qin mu qin)",Drama|Romance,1999
6669,Ikiru (1952),Ikiru,Drama,1952
6670,Comic Book Villains (2002),Comic Book Villains,Comedy,2002
6671,"Angel at My Table, An (1990)","Angel at My Table, An",Drama,1990
6678,"Handmaid's Tale, The (1990)","Handmaid's Tale, The",Drama|Sci-Fi,1990
6679,Revolution OS (2001),Revolution OS,Documentary,2001
6684,Death in Venice (Morte a Venezia) (1971),Death in Venice (Morte a Venezia),Drama|Romance,1971
6686,"Medallion, The (2003)","Medallion, The",Action|Comedy|Crime|Fantasy,2003
6687,My Boss's Daughter (2003),My Boss's Daughter,Comedy|Romance,2003
6688,Autumn Spring (Babí léto) (2001),Autumn Spring (Babí léto),Comedy|Drama,2001
6689,"Battle of Shaker Heights, The (2003)","Battle of Shaker Heights, The",Comedy|Drama|Romance,2003
6691,Dust (2001),Dust,Drama|Western,2001
6692,Stoked: The Rise and Fall of Gator (2002),Stoked: The Rise and Fall of Gator,Documentary,2002
6695,Jeepers Creepers 2 (2003),Jeepers Creepers 2,Horror|Thriller,2003
6696,Bollywood/Hollywood (2002),Bollywood/Hollywood,Comedy|Drama|Musical|Romance,2002
6699,Once Upon a Time in the Midlands (2002),Once Upon a Time in the Midlands,Drama,2002
6702,Dickie Roberts: Former Child Star (2003),Dickie Roberts: Former Child Star,Comedy,2003
6705,Party Monster (2003),Party Monster,Comedy|Crime|Drama|Thriller,2003
6706,Taking Sides (2001),Taking Sides,Drama,2001
6707,Cabin Fever (2002),Cabin Fever,Horror|Thriller,2002
6708,Matchstick Men (2003),Matchstick Men,Comedy|Crime|Drama,2003
6709,Once Upon a Time in Mexico (2003),Once Upon a Time in Mexico,Action|Adventure|Crime|Thriller,2003
6710,Dummy (2002),Dummy,Comedy|Drama|Romance,2002
6711,Lost in Translation (2003),Lost in Translation,Comedy|Drama|Romance,2003
6713,Millennium Actress (Sennen joyû) (2001),Millennium Actress (Sennen joyû),Animation|Drama|Romance,2001
6715,Children of the Night (1991),Children of the Night,Horror,1991
6718,Gotcha! (1985),Gotcha!,Comedy,1985
6720,Kuffs (1992),Kuffs,Action|Comedy|Crime,1992
6721,Once Upon a Time in China (Wong Fei Hung) (1991),Once Upon a Time in China (Wong Fei Hung),Action|Adventure|Drama,1991
6722,Once Upon a Time in China II (Wong Fei-hung Ji Yi: Naam yi dong ji keung) (1992),Once Upon a Time in China II (Wong Fei-hung Ji Yi: Naam yi dong ji keung),Action|Romance,1992
6723,Once Upon a Time in China III (Wong Fei-hung tsi sam: Siwong tsangba) (1993),Once Upon a Time in China III (Wong Fei-hung tsi sam: Siwong tsangba),Action,1993
6724,Paper Moon (1973),Paper Moon,Comedy|Crime|Drama,1973
6731,Day of the Dead (1985),Day of the Dead,Horror|Sci-Fi|Thriller,1985
6732,"Hello, Dolly! (1969)","Hello, Dolly!",Comedy|Musical|Romance,1969
6734,Memoirs of an Invisible Man (1992),Memoirs of an Invisible Man,Comedy|Romance|Sci-Fi|Thriller,1992
6744,Once Bitten (1985),Once Bitten,Comedy|Horror,1985
6746,Squirm (1976),Squirm,Horror|Romance,1976
6748,"Brood, The (1979)","Brood, The",Horror,1979
6750,Anything Else (2003),Anything Else,Comedy|Drama|Romance,2003
6751,Cold Creek Manor (2003),Cold Creek Manor,Drama|Thriller,2003
6752,"Fighting Temptations, The (2003)","Fighting Temptations, The",Drama,2003
6753,Secondhand Lions (2003),Secondhand Lions,Children|Comedy|Drama,2003
6754,Underworld (2003),Underworld,Action|Fantasy|Horror,2003
6755,Bubba Ho-tep (2002),Bubba Ho-tep,Comedy|Horror,2002
6760,In This World (2002),In This World,Adventure|Drama,2002
6763,Duplex (2003),Duplex,Comedy|Crime,2003
6764,"Rundown, The (2003)","Rundown, The",Action|Adventure|Comedy,2003
6765,Under the Tuscan Sun (2003),Under the Tuscan Sun,Comedy|Drama|Romance,2003
6768,Luther (2003),Luther,Drama,2003
6769,Mambo Italiano (2003),Mambo Italiano,Comedy,2003
6770,My Life Without Me (2003),My Life Without Me,Drama|Romance,2003
6772,To Be and to Have (Être et avoir) (2002),To Be and to Have (Être et avoir),Documentary,2002
6773,"Triplets of Belleville, The (Les triplettes de Belleville) (2003)","Triplets of Belleville, The (Les triplettes de Belleville)",Animation|Comedy|Fantasy,2003
6774,Videodrome (1983),Videodrome,Fantasy|Horror|Sci-Fi|Thriller,1983
6775,Life and Debt (2001),Life and Debt,Documentary,2001
6776,Lagaan: Once Upon a Time in India (2001),Lagaan: Once Upon a Time in India,Comedy|Drama|Musical|Romance,2001
6777,Judgment at Nuremberg (1961),Judgment at Nuremberg,Drama,1961
6780,"Brief History of Time, A (1991)","Brief History of Time, A",Documentary,1991
6782,Leningrad Cowboys Go America (1989),Leningrad Cowboys Go America,Comedy|Musical,1989
6783,"Rules of the Game, The (La règle du jeu) (1939)","Rules of the Game, The (La règle du jeu)",Comedy|Drama,1939
6785,Seven Brides for Seven Brothers (1954),Seven Brides for Seven Brothers,Comedy|Musical|Romance|Western,1954
6786,Kiss of the Spider Woman (1985),Kiss of the Spider Woman,Drama,1985
6787,All the President's Men (1976),All the President's Men,Drama|Thriller,1976
6788,Angie (1994),Angie,Comedy|Drama|Romance,1994
6789,"Apartment, The (Appartement, L') (1996)","Apartment, The (Appartement, L')",Drama|Mystery|Romance,1996
6790,Avalon (2001),Avalon,Drama|Fantasy|Sci-Fi,2001
6791,Babette's Feast (Babettes gæstebud) (1987),Babette's Feast (Babettes gæstebud),Drama,1987
6793,Beethoven (1992),Beethoven,Children|Comedy|Drama,1992
6794,Beethoven's 2nd (1993),Beethoven's 2nd,Children|Comedy,1993
6796,Boyz N the Hood (1991),Boyz N the Hood,Crime|Drama,1991
6797,Bugsy (1991),Bugsy,Crime|Drama,1991
6798,Bugsy Malone (1976),Bugsy Malone,Children|Comedy|Crime|Musical,1976
6800,Cobra (1986),Cobra,Action|Crime,1986
6803,Phenomena (a.k.a. Creepers) (1985),Phenomena (a.k.a. Creepers),Horror|Mystery|Thriller,1985
6804,Crimewave (1985),Crimewave,Comedy|Crime,1985
6807,Monty Python's The Meaning of Life (1983),Monty Python's The Meaning of Life,Comedy,1983
6808,Where Eagles Dare (1968),Where Eagles Dare,Action|Adventure|War,1968
6809,Tightrope (1984),Tightrope,Thriller,1984
6810,Sleeping with the Enemy (1991),Sleeping with the Enemy,Drama|Thriller,1991
6811,PCU (1994),PCU,Comedy,1994
6812,"Rookie, The (1990)","Rookie, The",Action|Comedy|Thriller,1990
6814,City Heat (1984),City Heat,Action|Comedy,1984
6816,Three O'Clock High (1987),Three O'Clock High,Comedy,1987
6817,"White Hunter, Black Heart (1990)","White Hunter, Black Heart",Adventure|Drama,1990
6818,Come and See (Idi i smotri) (1985),Come and See (Idi i smotri),Drama|War,1985
6820,Ginger Snaps (2000),Ginger Snaps,Drama|Horror|Thriller,2000
6821,More American Graffiti (1979),More American Graffiti,Comedy,1979
6827,It's Pat (1994),It's Pat,Comedy,1994
6832,Regarding Henry (1991),Regarding Henry,Drama,1991
6835,Alien Contamination (1980),Alien Contamination,Action|Horror|Sci-Fi,1980
6836,"Amazing Transparent Man, The (1960)","Amazing Transparent Man, The",Sci-Fi,1960
6837,Love Affair (1939),Love Affair,Comedy|Drama|Romance,1939
6849,Scrooge (1970),Scrooge,Drama|Fantasy|Musical,1970
6850,Leap of Faith (1992),Leap of Faith,Comedy|Drama,1992
6851,"Gas, Food, Lodging (1992)","Gas, Food, Lodging",Drama|Romance,1992
6852,In Cold Blood (1967),In Cold Blood,Crime|Drama,1967
6853,Campus Man (1987),Campus Man,Comedy,1987
6856,Yankee Doodle Dandy (1942),Yankee Doodle Dandy,Drama|Musical,1942
6857,Ninja Scroll (Jûbei ninpûchô) (1995),Ninja Scroll (Jûbei ninpûchô),Action|Adventure|Animation|Fantasy,1995
6858,Knife in the Water (Nóz w wodzie) (1962),Knife in the Water (Nóz w wodzie),Drama,1962
6860,Mobsters (1991),Mobsters,Crime|Drama,1991
6862,Out of Time (2003),Out of Time,Crime|Drama|Thriller,2003
6863,School of Rock (2003),School of Rock,Comedy|Musical,2003
6867,"Station Agent, The (2003)","Station Agent, The",Comedy|Drama,2003
6868,Wonderland (2003),Wonderland,Crime|Drama|Mystery|Thriller,2003
6869,Bus 174 (Ônibus 174) (2002),Bus 174 (Ônibus 174),Crime|Documentary,2002
6870,Mystic River (2003),Mystic River,Crime|Drama|Mystery,2003
6872,"House of the Dead, The (2003)","House of the Dead, The",Action|Horror,2003
6873,Intolerable Cruelty (2003),Intolerable Cruelty,Comedy|Romance,2003
6874,Kill Bill: Vol. 1 (2003),Kill Bill: Vol. 1,Action|Crime|Thriller,2003
6879,Runaway Jury (2003),Runaway Jury,Drama|Thriller,2003
6880,"Texas Chainsaw Massacre, The (2003)","Texas Chainsaw Massacre, The",Horror,2003
6881,Pieces of April (2003),Pieces of April,Comedy|Drama,2003
6882,Returner (Ritaanaa) (2002),Returner (Ritaanaa),Action|Adventure|Sci-Fi,2002
6883,Sylvia (2003),Sylvia,Drama|Romance,2003
6884,Veronica Guerin (2003),Veronica Guerin,Crime|Drama|Thriller,2003
6885,In the Cut (2003),In the Cut,Crime|Drama|Mystery|Romance|Thriller,2003
6886,Beyond Borders (2003),Beyond Borders,Drama|Romance|War,2003
6887,Radio (2003),Radio,Drama,2003
6888,Scary Movie 3 (2003),Scary Movie 3,Comedy|Horror,2003
6889,Brother Bear (2003),Brother Bear,Adventure|Animation|Children,2003
6890,Elephant (2003),Elephant,Drama,2003
6893,"Italian Job, The (1969)","Italian Job, The",Action|Comedy|Crime,1969
6898,Sweet Sixteen (2002),Sweet Sixteen,Drama,2002
6899,Alien from L.A. (1988),Alien from L.A.,Sci-Fi,1988
6902,Interstate 60 (2002),Interstate 60,Adventure|Comedy|Drama|Fantasy|Mystery|Sci-Fi|Thriller,2002
6909,"Eye, The (Gin gwai) (Jian gui) (2002)","Eye, The (Gin gwai) (Jian gui)",Thriller,2002
6911,"Jolson Story, The (1946)","Jolson Story, The",Musical,1946
6912,You'll Never Get Rich (1941),You'll Never Get Rich,Comedy|Musical|Romance,1941
6918,"Unvanquished, The (Aparajito) (1957)","Unvanquished, The (Aparajito)",Drama,1957
6920,"Cercle Rouge, Le (Red Circle, The) (1970)","Cercle Rouge, Le (Red Circle, The)",Crime|Thriller,1970
6927,"Human Stain, The (2003)","Human Stain, The",Drama|Romance|Thriller,2003
6932,Shattered Glass (2003),Shattered Glass,Crime|Drama,2003
6934,"Matrix Revolutions, The (2003)","Matrix Revolutions, The",Action|Adventure|Sci-Fi|Thriller|IMAX,2003
6935,"Revolution Will Not Be Televised, The (a.k.a. Chavez: Inside the Coup) (2003)","Revolution Will Not Be Televised, The (a.k.a. Chavez: Inside the Coup)",Documentary,2003
6936,Elf (2003),Elf,Children|Comedy|Fantasy,2003
6938,Billabong Odyssey (2003),Billabong Odyssey,Documentary,2003
6939,Gloomy Sunday (Ein Lied von Liebe und Tod) (1999),Gloomy Sunday (Ein Lied von Liebe und Tod),Drama|Romance,1999
6942,Love Actually (2003),Love Actually,Comedy|Drama|Romance,2003
6944,Father of the Bride (1991),Father of the Bride,Comedy,1991
6945,My Architect: A Son's Journey (2003),My Architect: A Son's Journey,Documentary,2003
6946,Looney Tunes: Back in Action (2003),Looney Tunes: Back in Action,Action|Animation|Children|Fantasy,2003
6947,Master and Commander: The Far Side of the World (2003),Master and Commander: The Far Side of the World,Adventure|Drama|War,2003
6948,Tupac: Resurrection (2003),Tupac: Resurrection,Documentary,2003
6949,"Big Empty, The (2003)","Big Empty, The",Comedy|Mystery|Sci-Fi,2003
6950,"Missing, The (2003)","Missing, The",Adventure|Thriller|Western,2003
6951,"Cat in the Hat, The (2003)","Cat in the Hat, The",Children|Comedy,2003
6952,Gothika (2003),Gothika,Horror|Thriller,2003
6953,21 Grams (2003),21 Grams,Crime|Drama|Mystery|Romance|Thriller,2003
6954,"Barbarian Invasions, The (Les invasions barbares) (2003)","Barbarian Invasions, The (Les invasions barbares)",Comedy|Crime|Drama|Mystery|Romance,2003
6957,Bad Santa (2003),Bad Santa,Comedy|Crime,2003
6958,"Haunted Mansion, The (2003)","Haunted Mansion, The",Children|Comedy|Fantasy|Horror,2003
6959,Timeline (2003),Timeline,Action|Adventure|Sci-Fi,2003
6961,Damage (Fatale) (1992),Damage (Fatale),Drama,1992
6962,OT: Our Town (2002),OT: Our Town,Documentary,2002
6963,Devil's Playground (2002),Devil's Playground,Documentary,2002
6965,Journeys with George (2002),Journeys with George,Documentary,2002
6966,Darkman (1990),Darkman,Action|Crime|Fantasy|Sci-Fi|Thriller,1990
6967,Dead of Night (1945),Dead of Night,Horror|Mystery,1945
6969,"Dernier Combat, Le (Last Battle, The) (1983)","Dernier Combat, Le (Last Battle, The)",Drama|Sci-Fi,1983
6970,Desk Set (1957),Desk Set,Comedy|Romance,1957
6971,Europa (Zentropa) (1991),Europa (Zentropa),Drama|Thriller,1991
6973,Final Analysis (1992),Final Analysis,Drama|Romance|Thriller,1992
6974,"Freshman, The (1990)","Freshman, The",Comedy|Crime,1990
6975,Funny Games (1997),Funny Games,Drama|Horror|Thriller,1997
6978,Slacker (1991),Slacker,Comedy|Drama,1991
6979,WarGames (1983),WarGames,Drama|Sci-Fi|Thriller,1983
6981,"Ordet (Word, The) (1955)","Ordet (Word, The)",Drama,1955
6982,Forbidden Games (Jeux interdits) (1952),Forbidden Games (Jeux interdits),Drama|War,1952
6983,Jane Eyre (1944),Jane Eyre,Drama|Romance,1944
6984,"Tale of Two Cities, A (1935)","Tale of Two Cities, A",Drama,1935
6985,"Passion of Joan of Arc, The (Passion de Jeanne d'Arc, La) (1928)","Passion of Joan of Arc, The (Passion de Jeanne d'Arc, La)",Drama,1928
6986,Ben-Hur: A Tale of the Christ (1925),Ben-Hur: A Tale of the Christ,Adventure|Drama|Romance,1925
6987,"Cabinet of Dr. Caligari, The (Cabinet des Dr. Caligari., Das) (1920)","Cabinet of Dr. Caligari, The (Cabinet des Dr. Caligari., Das)",Crime|Fantasy|Horror,1920
6989,Gorky Park (1983),Gorky Park,Crime|Drama|Thriller,1983
6990,The Great Train Robbery (1978),The Great Train Robbery,Action|Adventure|Comedy|Crime|Drama,1978
6992,Guarding Tess (1994),Guarding Tess,Comedy|Drama,1994
6993,Hannah and Her Sisters (1986),Hannah and Her Sisters,Comedy|Drama|Romance,1986
6994,"Hard Way, The (1991)","Hard Way, The",Action|Comedy,1991
6996,Highlander II: The Quickening (1991),Highlander II: The Quickening,Action|Sci-Fi,1991
6997,Hoffa (1992),Hoffa,Crime|Drama,1992
6998,House of Cards (1993),House of Cards,Drama,1993
6999,Housesitter (1992),Housesitter,Comedy|Romance,1992
7000,Hudson Hawk (1991),Hudson Hawk,Action|Adventure|Comedy,1991
7001,Invasion of the Body Snatchers (1978),Invasion of the Body Snatchers,Horror|Mystery|Sci-Fi|Thriller,1978
7004,Kindergarten Cop (1990),Kindergarten Cop,Action|Comedy|Crime|Thriller,1990
7005,King Ralph (1991),King Ralph,Comedy,1991
7007,"Last Boy Scout, The (1991)","Last Boy Scout, The",Action|Comedy|Crime|Drama|Thriller,1991
7008,Last Tango in Paris (Ultimo tango a Parigi) (1972),Last Tango in Paris (Ultimo tango a Parigi),Drama|Romance,1972
7009,Lorenzo's Oil (1992),Lorenzo's Oil,Drama,1992
7010,"Lover, The (Amant, L') (1992)","Lover, The (Amant, L')",Drama|Romance,1992
7012,Mr. Destiny (1990),Mr. Destiny,Comedy|Fantasy,1990
7013,"Night of the Hunter, The (1955)","Night of the Hunter, The",Drama|Film-Noir|Thriller,1955
7015,Only the Lonely (1991),Only the Lonely,Comedy|Romance,1991
7016,Over the Top (1987),Over the Top,Action|Drama,1987
7017,Passenger 57 (1992),Passenger 57,Action|Thriller,1992
7018,Presumed Innocent (1990),Presumed Innocent,Crime|Drama|Thriller,1990
7019,Project X (1987),Project X,Comedy|Drama,1987
7020,Proof (1991),Proof,Comedy|Drama|Romance,1991
7022,Battle Royale (Batoru rowaiaru) (2000),Battle Royale (Batoru rowaiaru),Action|Drama|Horror|Thriller,2000
7023,"Wedding Banquet, The (Xi yan) (1993)","Wedding Banquet, The (Xi yan)",Comedy|Drama|Romance,1993
7024,"Salo, or The 120 Days of Sodom (Salò o le 120 giornate di Sodoma) (1976)","Salo, or The 120 Days of Sodom (Salò o le 120 giornate di Sodoma)",Drama,1976
7025,"Midnight Clear, A (1992)","Midnight Clear, A",Drama|War,1992
7026,Summer School (1987),Summer School,Comedy,1987
7027,Silverado (1985),Silverado,Action|Western,1985
7028,Quick Change (1990),Quick Change,Comedy|Crime,1990
7030,Radio Flyer (1992),Radio Flyer,Drama,1992
7031,"Real McCoy, The (1993)","Real McCoy, The",Action|Crime|Drama|Thriller,1993
7032,Revenge (1990),Revenge,Drama|Romance|Thriller,1990
7033,"Secret of My Succe$s, The (a.k.a. The Secret of My Success) (1987)","Secret of My Succe$s, The (a.k.a. The Secret of My Success)",Comedy|Romance,1987
7034,Show Me Love (Fucking Åmål) (1998),Show Me Love (Fucking Åmål),Drama|Romance,1998
7036,Teen Wolf (1985),Teen Wolf,Comedy|Fantasy,1985
7037,High Heels (Tacones lejanos) (1991),High Heels (Tacones lejanos),Comedy|Drama,1991
7038,Things You Can Tell Just by Looking at Her (2000),Things You Can Tell Just by Looking at Her,Drama|Romance,2000
7040,To Live and Die in L.A. (1985),To Live and Die in L.A.,Action|Crime|Drama|Thriller,1985
7041,Trapped in Paradise (1994),Trapped in Paradise,Comedy|Crime,1994
7044,Wild at Heart (1990),Wild at Heart,Crime|Drama|Mystery|Romance|Thriller,1990
7045,"Witches, The (1990)","Witches, The",Children|Fantasy,1990
7046,"Witches of Eastwick, The (1987)","Witches of Eastwick, The",Comedy|Fantasy|Horror|Thriller,1987
7047,Year of the Dragon (1985),Year of the Dragon,Action|Crime|Drama,1985
7048,Nothing to Lose (1997),Nothing to Lose,Action|Adventure|Comedy|Crime,1997
7049,Flying Down to Rio (1933),Flying Down to Rio,Comedy|Musical|Romance,1933
7050,Follow the Fleet (1936),Follow the Fleet,Comedy|Musical|Romance,1936
7051,"What's New, Pussycat (1965)","What's New, Pussycat",Comedy,1965
7052,Mary of Scotland (1936),Mary of Scotland,Drama,1936
7053,Roberta (1935),Roberta,Comedy|Musical|Romance,1935
7054,Little Women (1949),Little Women,Drama,1949
7055,Swing Time (1936),Swing Time,Comedy|Musical|Romance,1936
7056,"Public Enemy, The (1931)","Public Enemy, The",Action|Crime|Drama,1931
7057,"Midsummer Night's Dream, A (1935)","Midsummer Night's Dream, A",Comedy|Fantasy|Romance,1935
7058,Life with Father (1947),Life with Father,Comedy,1947
7059,National Velvet (1944),National Velvet,Children|Drama,1944
7060,Jesus Christ Superstar (1973),Jesus Christ Superstar,Drama|Musical,1973
7061,Dark Victory (1939),Dark Victory,Drama|Romance,1939
7062,Birdman of Alcatraz (1962),Birdman of Alcatraz,Drama,1962
7063,"Aguirre: The Wrath of God (Aguirre, der Zorn Gottes) (1972)","Aguirre: The Wrath of God (Aguirre, der Zorn Gottes)",Adventure|Drama,1972
7064,Beauty and the Beast (La belle et la bête) (1946),Beauty and the Beast (La belle et la bête),Drama|Fantasy,1946
7065,"Birth of a Nation, The (1915)","Birth of a Nation, The",Drama|War,1915
7067,Juliet of the Spirits (Giulietta degli spiriti) (1965),Juliet of the Spirits (Giulietta degli spiriti),Comedy|Drama|Fantasy|Romance,1965
7069,"Macbeth (a.k.a. Tragedy of Macbeth, The) (1971)","Macbeth (a.k.a. Tragedy of Macbeth, The)",Drama,1971
7070,Red River (1948),Red River,Action|Adventure|Western,1948
7071,"Woman Under the Influence, A (1974)","Woman Under the Influence, A",Drama,1974
7072,Stagecoach (1939),Stagecoach,Action|Drama|Romance|Western,1939
7073,"Shot in the Dark, A (1964)","Shot in the Dark, A",Comedy|Crime|Mystery,1964
7074,"Navigator, The (1924)","Navigator, The",Comedy,1924
7075,"Court Jester, The (1956)","Court Jester, The",Adventure|Comedy|Musical,1956
7076,Bullitt (1968),Bullitt,Action|Crime|Drama|Thriller,1968
7078,Jezebel (1938),Jezebel,Drama,1938
7079,"Hunchback of Notre Dame, The (1939)","Hunchback of Notre Dame, The",Drama,1939
7080,42nd Street (1933),42nd Street,Drama|Musical|Romance,1933
7082,That Touch of Mink (1962),That Touch of Mink,Comedy|Romance,1962
7083,Sweet Dreams (1985),Sweet Dreams,Drama,1985
7084,"Play It Again, Sam (1972)","Play It Again, Sam",Comedy|Romance,1972
7085,Send Me No Flowers (1964),Send Me No Flowers,Comedy|Romance,1964
7086,Pygmalion (1938),Pygmalion,Comedy|Drama,1938
7087,"Passage to India, A (1984)","Passage to India, A",Adventure|Drama,1984
7088,Black Orpheus (Orfeu Negro) (1959),Black Orpheus (Orfeu Negro),Drama|Romance,1959
7089,Amarcord (1973),Amarcord,Comedy|Drama,1973
7090,Hero (Ying xiong) (2002),Hero (Ying xiong),Action|Adventure|Drama,2002
7091,Horse Feathers (1932),Horse Feathers,Comedy,1932
7092,Anna Karenina (1935),Anna Karenina,Drama|Romance,1935
7093,"Front Page, The (1974)","Front Page, The",Comedy,1974
7096,Rivers and Tides (2001),Rivers and Tides,Documentary,2001
7099,Nausicaä of the Valley of the Wind (Kaze no tani no Naushika) (1984),Nausicaä of the Valley of the Wind (Kaze no tani no Naushika),Adventure|Animation|Drama|Fantasy|Sci-Fi,1984
7101,Doc Hollywood (1991),Doc Hollywood,Comedy|Romance,1991
7102,Dragnet (1987),Dragnet,Comedy|Crime|Drama,1987
7103,Madhouse (1990),Madhouse,Comedy,1990
7104,1941 (1979),1941,Comedy|War,1979
7107,Foul Play (1978),Foul Play,Comedy|Thriller,1978
7108,Crime Story (Zhong an zu) (1993),Crime Story (Zhong an zu),Action|Crime|Drama,1993
7109,Beyond the Clouds (Al di là delle nuvole) (1996),Beyond the Clouds (Al di là delle nuvole),Drama|Romance,1996
7114,"Collector, The (1965)","Collector, The",Drama|Horror|Thriller,1965
7115,Deep Red (Profondo rosso) (1975),Deep Red (Profondo rosso),Horror|Mystery|Thriller,1975
7116,Diabolique (Les diaboliques) (1955),Diabolique (Les diaboliques),Horror|Mystery|Thriller,1955
7117,Leprechaun (1993),Leprechaun,Comedy|Horror,1993
7118,Wings of Honneamise (Ôritsu uchûgun Oneamisu no tsubasa) (1987),Wings of Honneamise (Ôritsu uchûgun Oneamisu no tsubasa),Animation|Drama|Sci-Fi|War,1987
7121,Adam's Rib (1949),Adam's Rib,Comedy|Romance,1949
7122,King of Hearts (1966),King of Hearts,Comedy|Drama|War,1966
7123,Naked Lunch (1991),Naked Lunch,Drama|Fantasy|Mystery|Sci-Fi,1991
7124,Grass (1999),Grass,Documentary,1999
7125,Spring Forward (1999),Spring Forward,Drama,1999
7127,Run (1991),Run,Action|Drama|Thriller,1991
7131,"Summer Place, A (1959)","Summer Place, A",Drama,1959
7132,"Night at the Opera, A (1935)","Night at the Opera, A",Comedy|Musical|Romance,1935
7134,"Element of Crime, The (Forbrydelsens Element) (1984)","Element of Crime, The (Forbrydelsens Element)",Drama|Thriller,1984
7137,"Cooler, The (2003)","Cooler, The",Comedy|Drama|Romance,2003
7139,In America (2002),In America,Drama|Romance,2002
7141,My Flesh and Blood (2003),My Flesh and Blood,Documentary,2003
7142,Honey (2003),Honey,Drama|Romance,2003
7143,"Last Samurai, The (2003)","Last Samurai, The",Action|Adventure|Drama|War,2003
7147,Big Fish (2003),Big Fish,Drama|Fantasy|Romance,2003
7149,Something's Gotta Give (2003),Something's Gotta Give,Comedy|Drama|Romance,2003
7150,Stuck on You (2003),Stuck on You,Comedy,2003
7151,Girl with a Pearl Earring (2003),Girl with a Pearl Earring,Drama|Romance,2003
7153,"Lord of the Rings: The Return of the King, The (2003)","Lord of the Rings: The Return of the King, The",Action|Adventure|Drama|Fantasy,2003
7154,Mona Lisa Smile (2003),Mona Lisa Smile,Drama|Romance,2003
7155,Calendar Girls (2003),Calendar Girls,Comedy,2003
7156,"Fog of War: Eleven Lessons from the Life of Robert S. McNamara, The (2003)","Fog of War: Eleven Lessons from the Life of Robert S. McNamara, The",Documentary|War,2003
7158,House of Sand and Fog (2003),House of Sand and Fog,Drama,2003
7160,Monster (2003),Monster,Crime|Drama,2003
7161,Cheaper by the Dozen (2003),Cheaper by the Dozen,Children|Comedy,2003
7162,Cold Mountain (2003),Cold Mountain,Drama|Romance|War,2003
7163,Paycheck (2003),Paycheck,Action|Sci-Fi|Thriller,2003
7164,Peter Pan (2003),Peter Pan,Action|Adventure|Children|Fantasy,2003
7165,"Company, The (2003)","Company, The",Drama|Musical,2003
7167,Japanese Story (2003),Japanese Story,Drama,2003
7169,Chasing Liberty (2004),Chasing Liberty,Comedy|Romance,2004
7171,Aileen: Life and Death of a Serial Killer (2003),Aileen: Life and Death of a Serial Killer,Documentary,2003
7173,Along Came Polly (2004),Along Came Polly,Comedy|Romance,2004
7175,Torque (2004),Torque,Action|Crime,2004
7176,Crimson Gold (Talaye sorgh) (2003),Crimson Gold (Talaye sorgh),Drama,2003
7177,Osama (2003),Osama,Drama,2003
7178,"Great Gatsby, The (1974)","Great Gatsby, The",Drama,1974
7179,Wuthering Heights (1992),Wuthering Heights,Drama|Romance,1992
7181,Ship of Fools (1965),Ship of Fools,Drama,1965
7184,This Property is Condemned (1966),This Property is Condemned,Drama|Romance,1966
7190,Jane Eyre (1970),Jane Eyre,Drama,1970
7191,Blame It on the Bellboy (1992),Blame It on the Bellboy,Comedy,1992
7192,Only the Strong (1993),Only the Strong,Action,1993
7193,"Adventures of Ford Fairlane, The (1990)","Adventures of Ford Fairlane, The",Action|Comedy,1990
7202,Beyond Re-Animator (2003),Beyond Re-Animator,Horror,2003
7205,"Wind and the Lion, The (1975)","Wind and the Lion, The",Adventure,1975
7206,Mon Oncle (My Uncle) (1958),Mon Oncle (My Uncle),Comedy,1958
7208,Dr. Jekyll and Mr. Hyde (1941),Dr. Jekyll and Mr. Hyde,Drama|Horror,1941
7209,"M. Hulot’s Holiday (Mr. Hulot's Holiday) (Vacances de Monsieur Hulot, Les) (1953)","M. Hulot’s Holiday (Mr. Hulot's Holiday) (Vacances de Monsieur Hulot, Les)",Comedy,1953
7211,People Will Talk (1951),People Will Talk,Comedy|Romance,1951
7212,I Was a Male War Bride (1949),I Was a Male War Bride,Comedy|Romance,1949
7215,To Have and Have Not (1944),To Have and Have Not,Adventure|Drama|Romance|Thriller|War,1944
7216,High Sierra (1941),High Sierra,Crime|Drama|Film-Noir|Thriller,1941
7217,Dark Passage (1947),Dark Passage,Crime|Drama|Film-Noir|Romance|Thriller,1947
7218,"Ox-Bow Incident, The (1943)","Ox-Bow Incident, The",Drama|Western,1943
7219,They Drive by Night (1940),They Drive by Night,Drama,1940
7222,Reefer Madness (a.k.a. Tell Your Children) (1938),Reefer Madness (a.k.a. Tell Your Children),Comedy|Drama,1938
7223,D.O.A. (1950),D.O.A.,Drama|Film-Noir|Mystery,1950
7225,Pumping Iron (1977),Pumping Iron,Documentary,1977
7228,Cool World (1992),Cool World,Animation|Comedy|Fantasy,1992
7234,"Strada, La (1954)","Strada, La",Drama,1954
7235,Ichi the Killer (Koroshiya 1) (2001),Ichi the Killer (Koroshiya 1),Action|Comedy|Crime|Drama|Horror|Thriller,2001
7236,"Boy and His Dog, A (1975)","Boy and His Dog, A",Sci-Fi,1975
7238,Ashes and Diamonds (Popiól i diament) (1958),Ashes and Diamonds (Popiól i diament),Drama|War,1958
7243,Intolerance: Love's Struggle Throughout the Ages (1916),Intolerance: Love's Struggle Throughout the Ages,Drama,1916
7245,Tormented (1960),Tormented,Horror|Thriller,1960
7247,Chitty Chitty Bang Bang (1968),Chitty Chitty Bang Bang,Adventure|Children|Comedy|Fantasy|Musical,1968
7248,"Suriyothai (a.k.a. Legend of Suriyothai, The) (2001)","Suriyothai (a.k.a. Legend of Suriyothai, The)",Action|Adventure|Drama|War,2001
7251,Where the Day Takes You (1992),Where the Day Takes You,Drama,1992
7254,The Butterfly Effect (2004),The Butterfly Effect,Drama|Sci-Fi|Thriller,2004
7255,Win a Date with Tad Hamilton! (2004),Win a Date with Tad Hamilton!,Comedy|Romance,2004
7256,Touching the Void (2003),Touching the Void,Adventure|Documentary,2003
7257,"Big Bounce, The (2004)","Big Bounce, The",Comedy|Crime|Thriller,2004
7258,"Perfect Score, The (2004)","Perfect Score, The",Comedy|Crime,2004
7259,You Got Served (2004),You Got Served,Drama|Musical,2004
7260,Latter Days (2003),Latter Days,Comedy|Drama|Romance,2003
7261,Barbershop 2: Back in Business (2004),Barbershop 2: Back in Business,Comedy,2004
7262,Catch That Kid (2004),Catch That Kid,Action|Adventure|Children|Comedy|Crime,2004
7263,Miracle (2004),Miracle,Drama,2004
7264,An Amazing Couple (2002),An Amazing Couple,Comedy|Romance,2002
7265,"Dreamers, The (2003)","Dreamers, The",Drama,2003
7266,"Lost Skeleton of Cadavra, The (2002)","Lost Skeleton of Cadavra, The",Comedy|Horror|Sci-Fi,2002
7282,"Hip Hop Witch, Da (2000)","Hip Hop Witch, Da",Comedy|Horror|Thriller,2000
7285,Thirteen (2003),Thirteen,Drama,2003
7292,Best Defense (1984),Best Defense,Comedy|War,1984
7293,50 First Dates (2004),50 First Dates,Comedy|Romance,2004
7294,Welcome to Mooseport (2004),Welcome to Mooseport,Comedy,2004
7297,Kitchen Stories (Salmer fra kjøkkenet) (2003),Kitchen Stories (Salmer fra kjøkkenet),Comedy|Drama,2003
7299,Monsieur Ibrahim (Monsieur Ibrahim et les fleurs du Coran) (2003),Monsieur Ibrahim (Monsieur Ibrahim et les fleurs du Coran),Drama,2003
7301,Diary of a Country Priest (Journal d'un curé de campagne) (1951),Diary of a Country Priest (Journal d'un curé de campagne),Drama,1951
7302,"Thief of Bagdad, The (1924)","Thief of Bagdad, The",Action|Adventure|Fantasy,1924
7303,The Diary of Anne Frank (1959),The Diary of Anne Frank,Drama|War,1959
7304,Allegro non troppo (1977),Allegro non troppo,Animation|Comedy|Fantasy|Musical,1977
7305,Black Widow (1987),Black Widow,Crime|Drama|Mystery|Thriller,1987
7306,"Herod's Law (Ley de Herodes, La) (2000)","Herod's Law (Ley de Herodes, La)",Comedy|Crime|Mystery,2000
7307,Flesh & Blood (1985),Flesh & Blood,Action|Adventure|Drama|War,1985
7308,King Solomon's Mines (1985),King Solomon's Mines,Adventure|Comedy,1985
7310,Raw Deal (1986),Raw Deal,Action,1986
7311,"Goodbye, Mr. Chips (1939)","Goodbye, Mr. Chips",Drama|Romance,1939
7312,"Follow Me, Boys! (1966)","Follow Me, Boys!",Comedy|Drama,1966
7315,Against the Ropes (2004),Against the Ropes,Comedy|Drama,2004
7316,Confessions of a Teenage Drama Queen (2004),Confessions of a Teenage Drama Queen,Comedy,2004
7317,EuroTrip (2004),EuroTrip,Adventure|Comedy,2004
7318,"Passion of the Christ, The (2004)","Passion of the Christ, The",Drama,2004
7319,Club Dread (2004),Club Dread,Comedy|Horror,2004
7320,Dirty Dancing: Havana Nights (2004),Dirty Dancing: Havana Nights,Romance,2004
7321,Twisted (2004),Twisted,Thriller,2004
7323,"Good bye, Lenin! (2003)","Good bye, Lenin!",Comedy|Drama,2003
7324,Hidalgo (2004),Hidalgo,Adventure|Drama,2004
7325,Starsky & Hutch (2004),Starsky & Hutch,Action|Comedy|Crime|Thriller,2004
7326,"Reckoning, The (2004)","Reckoning, The",Crime|Drama,2004
7327,Persona (1966),Persona,Drama,1966
7328,"Passion of Anna, The (Passion, En) (1969)","Passion of Anna, The (Passion, En)",Drama,1969
7333,"Corbeau, Le (Raven, The) (1943)","Corbeau, Le (Raven, The)",Crime|Drama|Thriller,1943
7335,Pickup on South Street (1953),Pickup on South Street,Film-Noir,1953
7336,"Damned, The (La Caduta degli dei) (1969)","Damned, The (La Caduta degli dei)",Drama|War,1969
7340,Just One of the Guys (1985),Just One of the Guys,Comedy,1985
7344,"Wrong Arm of the Law, The (1963)","Wrong Arm of the Law, The",Comedy|Crime,1963
7345,Agent Cody Banks 2: Destination London (2004),Agent Cody Banks 2: Destination London,Action|Adventure|Children|Comedy,2004
7346,"Girl Next Door, The (2004)","Girl Next Door, The",Comedy|Romance,2004
7347,Secret Window (2004),Secret Window,Mystery|Thriller,2004
7348,Spartan (2004),Spartan,Thriller,2004
7349,Broken Wings (Knafayim Shvurot) (2002),Broken Wings (Knafayim Shvurot),Drama,2002
7352,Wilbur Wants to Kill Himself (2002),Wilbur Wants to Kill Himself,Comedy|Drama|Romance,2002
7354,Mad Dog and Glory (1993),Mad Dog and Glory,Comedy|Drama|Romance,1993
7357,Peyton Place (1957),Peyton Place,Drama|Romance,1957
7360,Dawn of the Dead (2004),Dawn of the Dead,Action|Drama|Horror|Thriller,2004
7361,Eternal Sunshine of the Spotless Mind (2004),Eternal Sunshine of the Spotless Mind,Drama|Romance|Sci-Fi,2004
7362,Taking Lives (2004),Taking Lives,Crime|Drama|Thriller,2004
7364,Intermission (2003),Intermission,Comedy|Crime|Drama,2003
7366,Jersey Girl (2004),Jersey Girl,Comedy|Drama|Romance,2004
7367,"Ladykillers, The (2004)","Ladykillers, The",Comedy|Crime,2004
7368,Never Die Alone (2004),Never Die Alone,Crime|Drama|Thriller,2004
7369,Scooby-Doo 2: Monsters Unleashed (2004),Scooby-Doo 2: Monsters Unleashed,Action|Adventure|Children|Comedy|Mystery,2004
7371,Dogville (2003),Dogville,Drama|Mystery|Thriller,2003
7372,Ned Kelly (2003),Ned Kelly,Drama,2003
7373,Hellboy (2004),Hellboy,Action|Adventure|Fantasy|Horror,2004
7375,"Prince & Me, The (2004)","Prince & Me, The",Comedy|Romance,2004
7376,Walking Tall (2004),Walking Tall,Action,2004
7377,"United States of Leland, The (2003)","United States of Leland, The",Crime|Drama,2003
7379,The Alamo (2004),The Alamo,Drama|War|Western,2004
7380,Ella Enchanted (2004),Ella Enchanted,Comedy|Fantasy|Romance,2004
7381,"Whole Ten Yards, The (2004)","Whole Ten Yards, The",Action|Comedy|Crime,2004
7382,I'm Not Scared (Io non ho paura) (2003),I'm Not Scared (Io non ho paura),Drama|Mystery|Thriller,2003
7386,"Ten Commandments, The (1956)","Ten Commandments, The",Adventure|Drama,1956
7387,Dawn of the Dead (1978),Dawn of the Dead,Action|Drama|Horror,1978
7390,Prey for Rock & Roll (2003),Prey for Rock & Roll,Drama|Musical,2003
7394,Those Magnificent Men in Their Flying Machines (1965),Those Magnificent Men in Their Flying Machines,Action|Adventure|Comedy,1965
7395,Cheaper by the Dozen (1950),Cheaper by the Dozen,Comedy|Drama,1950
7396,Scenes From a Marriage (Scener ur ett äktenskap) (1973),Scenes From a Marriage (Scener ur ett äktenskap),Drama,1973
7411,Munchies (1987),Munchies,Comedy|Horror,1987
7414,Going in Style (1979),Going in Style,Comedy|Drama,1979
7419,After Hours (1985),After Hours,Comedy|Thriller,1985
7438,Kill Bill: Vol. 2 (2004),Kill Bill: Vol. 2,Action|Drama|Thriller,2004
7439,"Punisher, The (2004)","Punisher, The",Action|Crime|Thriller,2004
7440,Paper Clips (2004),Paper Clips,Documentary,2004
7443,This So-Called Disaster (2003),This So-Called Disaster,Documentary,2003
7444,13 Going on 30 (2004),13 Going on 30,Comedy|Fantasy|Romance,2004
7445,Man on Fire (2004),Man on Fire,Action|Crime|Drama|Mystery|Thriller,2004
7448,Envy (2004),Envy,Comedy,2004
7449,Godsend (2004),Godsend,Drama|Horror|Thriller,2004
7450,Laws of Attraction (2004),Laws of Attraction,Comedy|Romance,2004
7451,Mean Girls (2004),Mean Girls,Comedy,2004
7454,Van Helsing (2004),Van Helsing,Action|Adventure|Fantasy|Horror,2004
7455,"Mudge Boy, The (2003)","Mudge Boy, The",Drama,2003
7457,Breakin' All the Rules (2004),Breakin' All the Rules,Comedy|Romance,2004
7458,Troy (2004),Troy,Action|Adventure|Drama|War,2004
7459,Carandiru (2003),Carandiru,Crime|Drama,2003
7460,Coffee and Cigarettes (2003),Coffee and Cigarettes,Comedy|Drama,2003
7477,Eye See You (D-Tox) (2002),Eye See You (D-Tox),Horror|Thriller,2002
7479,Watch on the Rhine (1943),Watch on the Rhine,Drama,1943
7481,Enemy Mine (1985),Enemy Mine,Adventure|Drama|Sci-Fi,1985
7482,Enter the Dragon (1973),Enter the Dragon,Action|Crime,1973
7486,Happy Together (a.k.a. Buenos Aires Affair) (Chun gwong cha sit) (1997),Happy Together (a.k.a. Buenos Aires Affair) (Chun gwong cha sit),Drama|Romance,1997
7487,Henry & June (1990),Henry & June,Drama,1990
7492,Martin (1977),Martin,Drama|Horror,1977
7493,"Three Faces of Eve, The (1957)","Three Faces of Eve, The",Drama,1957
7541,100 Girls (2000),100 Girls,Comedy|Romance,2000
7560,Fail-Safe (1964),Fail-Safe,Drama|Thriller|War,1964
7561,Paperhouse (1988),Paperhouse,Fantasy|Horror|Thriller,1988
7562,Dobermann (1997),Dobermann,Action|Crime,1997
7564,Kwaidan (Kaidan) (1964),Kwaidan (Kaidan),Horror,1964
7566,28 Up (1985),28 Up,Documentary,1985
7569,You Only Live Twice (1967),You Only Live Twice,Action|Adventure|Sci-Fi|Thriller,1967
7570,Octopussy (1983),Octopussy,Action|Adventure|Thriller,1983
7572,Wit (2001),Wit,Drama,2001
7573,Never Say Never Again (1983),Never Say Never Again,Action|Adventure|Thriller,1983
7579,Pride and Prejudice (1940),Pride and Prejudice,Comedy|Drama|Romance,1940
7581,"Fountainhead, The (1949)","Fountainhead, The",Drama,1949
7584,Woman of the Year (1942),Woman of the Year,Comedy|Romance,1942
7587,"Samouraï, Le (Godson, The) (1967)","Samouraï, Le (Godson, The)",Crime|Drama|Thriller,1967
7614,Oklahoma! (1955),Oklahoma!,Musical|Romance|Western,1955
7615,Desert Hearts (1985),Desert Hearts,Drama,1985
7616,Body Double (1984),Body Double,Mystery|Thriller,1984
7618,Chaplin (1992),Chaplin,Drama,1992
7619,"Miracle Worker, The (1962)","Miracle Worker, The",Drama,1962
7620,Monster in a Box (1992),Monster in a Box,Comedy|Drama,1992
7624,School Ties (1992),School Ties,Drama,1992
7636,Raising Cain (1992),Raising Cain,Horror|Thriller,1992
7646,Rose Red (2002),Rose Red,Horror|Mystery|Thriller,2002
7647,Noises Off... (1992),Noises Off...,Comedy,1992
7649,Babylon 5: In the Beginning (1998),Babylon 5: In the Beginning,Adventure|Sci-Fi,1998
7650,"Witchfinder General (Conquerer Worm, The) (1968)","Witchfinder General (Conquerer Worm, The)",Horror,1968
7657,Versus (2000),Versus,Action|Comedy|Fantasy|Horror,2000
7669,Pride and Prejudice (1995),Pride and Prejudice,Drama|Romance,1995
7698,"China Syndrome, The (1979)","China Syndrome, The",Drama|Thriller,1979
7700,"Wages of Fear, The (Salaire de la peur, Le) (1953)","Wages of Fear, The (Salaire de la peur, Le)",Action|Adventure|Drama|Thriller,1953
7701,Look Who's Talking Too (1990),Look Who's Talking Too,Comedy|Romance,1990
7702,"Bells of St. Mary's, The (1945)","Bells of St. Mary's, The",Drama,1945
7704,"Delta Force, The (1986)","Delta Force, The",Action,1986
7705,Pat and Mike (1952),Pat and Mike,Comedy|Romance,1952
7706,Animal Crackers (1930),Animal Crackers,Comedy|Musical,1930
7707,"He Said, She Said (1991)","He Said, She Said",Comedy|Drama|Romance,1991
7708,Bedazzled (1967),Bedazzled,Comedy|Fantasy,1967
7713,Cat People (1942),Cat People,Drama|Horror|Romance|Thriller,1942
7714,Camelot (1967),Camelot,Drama|Musical|Romance,1967
7716,"Lonely Guy, The (1984)","Lonely Guy, The",Comedy,1984
7720,"Four Musketeers, The (1974)","Four Musketeers, The",Action|Adventure|Comedy|Romance,1974
7727,Protocol (1984),Protocol,Comedy,1984
7728,"Postman Always Rings Twice, The (1946)","Postman Always Rings Twice, The",Crime|Drama|Film-Noir|Thriller,1946
7730,Matinee (1993),Matinee,Comedy|Drama,1993
7742,Baxter (1989),Baxter,Drama|Horror,1989
7743,Explorers (1985),Explorers,Adventure|Children|Sci-Fi,1985
7745,"Scent of Green Papaya, The (Mùi du du xhan - L'odeur de la papaye verte) (1993)","Scent of Green Papaya, The (Mùi du du xhan - L'odeur de la papaye verte)",Drama,1993
7748,Pierrot le fou (1965),Pierrot le fou,Crime|Drama,1965
7749,Weekend (a.k.a. Le Week-end) (Week End) (1967),Weekend (a.k.a. Le Week-end) (Week End),Drama,1967
7753,Tuesdays with Morrie (1999),Tuesdays with Morrie,Drama,1999
7756,Alexander Nevsky (Aleksandr Nevskiy) (1938),Alexander Nevsky (Aleksandr Nevskiy),Action|Drama|War,1938
7757,Jason and the Argonauts (1963),Jason and the Argonauts,Action|Adventure|Fantasy,1963
7762,"Tinker, Tailor, Soldier, Spy (1979)","Tinker, Tailor, Soldier, Spy",Drama|Thriller,1979
7766,Throne of Blood (Kumonosu jô) (1957),Throne of Blood (Kumonosu jô),Action|Drama|Thriller|War,1957
7767,"Best of Youth, The (La meglio gioventù) (2003)","Best of Youth, The (La meglio gioventù)",Drama,2003
7772,Undercurrent (1946),Undercurrent,Film-Noir|Thriller,1946
7773,"Bang, Bang, You're Dead (2002)","Bang, Bang, You're Dead",Drama,2002
7781,Twister (1990),Twister,Comedy,1990
7782,Sniper (1993),Sniper,Action|Drama,1993
7786,Genghis Blues (1999),Genghis Blues,Documentary,1999
7789,"11'09""01 - September 11 (2002)","11'09""01 - September 11",Drama,2002
7792,"Parallax View, The (1974)","Parallax View, The",Thriller,1974
7802,"Warriors, The (1979)","Warriors, The",Action|Adventure|Crime|Thriller,1979
7810,Babylon 5: A Call to Arms (1999),Babylon 5: A Call to Arms,Adventure|Sci-Fi,1999
7811,Babylon 5: The River of Souls (1998),Babylon 5: The River of Souls,Drama|Sci-Fi,1998
7812,Babylon 5: Thirdspace (1998),Babylon 5: Thirdspace,Drama|Sci-Fi,1998
7815,True Stories (1986),True Stories,Comedy|Musical,1986
7820,"Virgin Spring, The (Jungfrukällan) (1960)","Virgin Spring, The (Jungfrukällan)",Crime|Drama,1960
7822,Mogambo (1953),Mogambo,Adventure|Drama|Romance,1953
7826,"Secret Life of Walter Mitty, The (1947)","Secret Life of Walter Mitty, The",Comedy|Romance|Thriller,1947
7831,Another Thin Man (1939),Another Thin Man,Comedy|Crime|Drama|Mystery|Romance,1939
7832,"Thin Man Goes Home, The (1945)","Thin Man Goes Home, The",Comedy|Crime|Mystery,1945
7833,Shadow of the Thin Man (1941),Shadow of the Thin Man,Comedy|Crime|Mystery,1941
7834,After the Thin Man (1936),After the Thin Man,Comedy|Crime|Mystery|Romance,1936
7835,Song of the Thin Man (1947),Song of the Thin Man,Comedy|Crime|Drama|Musical|Mystery|Romance,1947
7839,Love Crazy (1941),Love Crazy,Comedy,1941
7840,Gunga Din (1939),Gunga Din,Adventure|Comedy|War,1939
7841,Children of Dune (2003),Children of Dune,Fantasy|Sci-Fi,2003
7842,Dune (2000),Dune,Drama|Fantasy|Sci-Fi,2000
7843,Lammbock (2001),Lammbock,Comedy,2001
7844,"Legend, The (Legend of Fong Sai-Yuk, The) (Fong Sai Yuk) (1993)","Legend, The (Legend of Fong Sai-Yuk, The) (Fong Sai Yuk)",Action|Comedy,1993
7845,Tremors II: Aftershocks (1996),Tremors II: Aftershocks,Comedy|Horror|Sci-Fi,1996
7846,Tremors 3: Back to Perfection (2001),Tremors 3: Back to Perfection,Comedy|Horror|Sci-Fi,2001
7879,Notorious C.H.O. (2002),Notorious C.H.O.,Comedy,2002
7882,The Plague of the Zombies (1966),The Plague of the Zombies,Horror,1966
7883,I Walked with a Zombie (1943),I Walked with a Zombie,Drama|Horror,1943
7884,Highway 61 (1991),Highway 61,Comedy,1991
7888,How to Succeed in Business Without Really Trying (1967),How to Succeed in Business Without Really Trying,Comedy|Musical,1967
7889,Pat Garrett and Billy the Kid (1973),Pat Garrett and Billy the Kid,Western,1973
7891,"Last Man on Earth, The (Ultimo uomo della Terra, L') (1964)","Last Man on Earth, The (Ultimo uomo della Terra, L')",Drama|Horror|Sci-Fi,1964
7894,"Duck, You Sucker (1971)","Duck, You Sucker",Action|Western,1971
7895,Bring Me the Head of Alfredo Garcia (1974),Bring Me the Head of Alfredo Garcia,Crime|Drama|Thriller,1974
7896,Ride the High Country (1962),Ride the High Country,Adventure|Drama|Western,1962
7899,Master of the Flying Guillotine (Du bi quan wang da po xue di zi) (1975),Master of the Flying Guillotine (Du bi quan wang da po xue di zi),Action,1975
7900,Frankenstein Must Be Destroyed (1969),Frankenstein Must Be Destroyed,Drama|Horror|Sci-Fi,1969
7916,Gidget (1959),Gidget,Comedy,1959
7920,Desperate Living (1977),Desperate Living,Comedy|Crime,1977
7924,Stray Dog (Nora inu) (1949),Stray Dog (Nora inu),Drama|Film-Noir|Thriller,1949
7925,"Hidden Fortress, The (Kakushi-toride no san-akunin) (1958)","Hidden Fortress, The (Kakushi-toride no san-akunin)",Action|Adventure,1958
7926,High and Low (Tengoku to jigoku) (1963),High and Low (Tengoku to jigoku),Crime|Drama|Film-Noir|Thriller,1963
7930,"People Under the Stairs, The (1991)","People Under the Stairs, The",Horror|Mystery|Thriller,1991
7932,Dark Days (2000),Dark Days,Documentary,2000
7934,Zelig (1983),Zelig,Comedy,1983
7936,Shame (Skammen) (1968),Shame (Skammen),Drama|War,1968
7937,"Silence, The (Tystnaden) (1963)","Silence, The (Tystnaden)",Drama,1963
7938,Winter Light (Nattvardsgästerna) (1963),Winter Light (Nattvardsgästerna),Drama,1963
7939,Through a Glass Darkly (Såsom i en spegel) (1961),Through a Glass Darkly (Såsom i en spegel),Drama,1961
7940,The Magician (1958),The Magician,Drama,1958
7943,"Killers, The (1946)","Killers, The",Crime|Film-Noir,1946
7944,"Night of the Iguana, The (1964)","Night of the Iguana, The",Drama|Thriller,1964
7951,Nightbreed (1990),Nightbreed,Fantasy|Horror,1990
7976,Ken Park (2002),Ken Park,Drama,2002
7979,Monterey Pop (1968),Monterey Pop,Documentary|Musical,1968
7980,"Bridge Too Far, A (1977)","Bridge Too Far, A",Action|Drama|War,1977
7981,Infernal Affairs (Mou gaan dou) (2002),Infernal Affairs (Mou gaan dou),Crime|Drama|Thriller,2002
7982,"Tale of Two Sisters, A (Janghwa, Hongryeon) (2003)","Tale of Two Sisters, A (Janghwa, Hongryeon)",Drama|Horror|Mystery|Thriller,2003
7983,Broadway Danny Rose (1984),Broadway Danny Rose,Comedy,1984
7984,From Beyond (1986),From Beyond,Horror|Sci-Fi,1986
7986,Robot Jox (1990),Robot Jox,Sci-Fi,1990
7987,Dolls (1987),Dolls,Horror,1987
7988,Space Truckers (1996),Space Truckers,Comedy|Sci-Fi,1996
7991,Death Race 2000 (1975),Death Race 2000,Action|Sci-Fi,1975
7993,"Bucket Of Blood, A (1959)","Bucket Of Blood, A",Comedy|Horror,1959
8008,Brigadoon (1954),Brigadoon,Fantasy|Musical|Romance,1954
8010,"Power of One, The (1992)","Power of One, The",Drama,1992
8011,"Weather Underground, The (2002)","Weather Underground, The",Documentary,2002
8012,Kikujiro (Kikujirô no natsu) (1999),Kikujiro (Kikujirô no natsu),Comedy|Drama,1999
8014,"Spring, Summer, Fall, Winter... and Spring (Bom yeoreum gaeul gyeoul geurigo bom) (2003)","Spring, Summer, Fall, Winter... and Spring (Bom yeoreum gaeul gyeoul geurigo bom)",Drama,2003
8015,"Phantom Tollbooth, The (1970)","Phantom Tollbooth, The",Adventure|Animation|Children|Fantasy,1970
8016,"Getaway, The (1972)","Getaway, The",Action|Crime|Drama|Thriller,1972
8019,Dark Water (Honogurai mizu no soko kara) (2002),Dark Water (Honogurai mizu no soko kara),Drama|Horror|Mystery|Thriller,2002
8024,"Thing Called Love, The (1993)","Thing Called Love, The",Comedy|Drama|Romance,1993
8025,The Thief (1997),The Thief,Drama,1997
8033,How to Steal a Million (1966),How to Steal a Million,Comedy|Crime|Romance,1966
8035,"Stendhal Syndrome, The (Sindrome di Stendhal, La) (1996)","Stendhal Syndrome, The (Sindrome di Stendhal, La)",Crime|Horror|Thriller,1996
8042,Mean Streets (1973),Mean Streets,Crime|Drama,1973
8043,Jack the Bear (1993),Jack the Bear,Comedy|Drama,1993
8044,I Am a Fugitive from a Chain Gang (1932),I Am a Fugitive from a Chain Gang,Crime|Drama|Film-Noir,1932
8045,Hamburger Hill (1987),Hamburger Hill,Action|Drama|War,1987
8057,Sweet Bird of Youth (1962),Sweet Bird of Youth,Drama,1962
8092,Frankenstein Unbound (1990),Frankenstein Unbound,Drama|Horror|Sci-Fi,1990
8093,Shiri (Swiri) (1999),Shiri (Swiri),Action|Drama|Romance|Thriller,1999
8094,Bad Day at Black Rock (1955),Bad Day at Black Rock,Drama|Thriller|Western,1955
8117,In China They Eat Dogs (I Kina spiser de hunde) (1999),In China They Eat Dogs (I Kina spiser de hunde),Action|Comedy,1999
8118,Delta Force 2 (Delta Force 2: The Colombian Connection) (1990),Delta Force 2 (Delta Force 2: The Colombian Connection),Action|Adventure|Thriller|War,1990
8119,Crossroads (1986),Crossroads,Drama,1986
8121,"Seducing Doctor Lewis (Grande séduction, La) (2003)","Seducing Doctor Lewis (Grande séduction, La)",Comedy,2003
8125,Sunrise: A Song of Two Humans (1927),Sunrise: A Song of Two Humans,Drama|Romance,1927
8126,Shock Corridor (1963),Shock Corridor,Drama,1963
8128,Au revoir les enfants (1987),Au revoir les enfants,Drama,1987
8131,Pursuit of Happiness (2001),Pursuit of Happiness,Comedy|Romance,2001
8132,Gladiator (1992),Gladiator,Action|Drama,1992
8136,Indestructible Man (1956),Indestructible Man,Crime|Horror|Sci-Fi,1956
8137,"Wasp Woman, The (1959)","Wasp Woman, The",Horror|Sci-Fi,1959
8138,Attack of the Giant Leeches (1959),Attack of the Giant Leeches,Horror|Sci-Fi,1959
8142,Dead or Alive: Hanzaisha (1999),Dead or Alive: Hanzaisha,Action|Crime,1999
8143,Lola Montès (1955),Lola Montès,Drama,1955
8147,Charly (1968),Charly,Drama|Sci-Fi,1968
8153,Lust for Life (1956),Lust for Life,Drama,1956
8154,"Dolce Vita, La (1960)","Dolce Vita, La",Drama,1960
8157,Jin Roh: The Wolf Brigade (Jin-Rô) (1998),Jin Roh: The Wolf Brigade (Jin-Rô),Animation|Fantasy|Thriller,1998
8158,Rush (1991),Rush,Crime|Drama,1991
8167,Captain Blood (1935),Captain Blood,Action|Adventure|Romance,1935
8169,*batteries not included (1987),*batteries not included,Children|Comedy|Fantasy|Sci-Fi,1987
8183,Educating Rita (1983),Educating Rita,Comedy|Drama,1983
8188,Sansho the Bailiff (Sanshô dayû) (1954),Sansho the Bailiff (Sanshô dayû),Drama,1954
8189,Zazie dans le métro (1960),Zazie dans le métro,Comedy,1960
8190,"Americanization of Emily, The (1964)","Americanization of Emily, The",Comedy|Drama|War,1964
8191,Anne of the Thousand Days (1969),Anne of the Thousand Days,Drama,1969
8195,"Avventura, L' (Adventure, The) (1960)","Avventura, L' (Adventure, The)",Drama|Mystery|Romance,1960
8196,Beyond the Valley of the Dolls (1970),Beyond the Valley of the Dolls,Comedy|Horror,1970
8197,Hiroshima Mon Amour (1959),Hiroshima Mon Amour,Drama|Romance|War,1959
8199,Ugetsu (Ugetsu monogatari) (1953),Ugetsu (Ugetsu monogatari),Drama|Thriller,1953
8207,"Day of the Jackal, The (1973)","Day of the Jackal, The",Crime|Thriller,1973
8225,Night of the Living Dead (1990),Night of the Living Dead,Horror,1990
8228,"Maltese Falcon, The (a.k.a. Dangerous Female) (1931)","Maltese Falcon, The (a.k.a. Dangerous Female)",Mystery,1931
8232,I Love You Again (1940),I Love You Again,Comedy|Drama,1940
8235,Safety Last! (1923),Safety Last!,Action|Comedy|Romance,1923
8236,While the City Sleeps (1956),While the City Sleeps,Drama|Film-Noir,1956
8238,Little Murders (1971),Little Murders,Comedy|Crime,1971
8239,Viridiana (1961),Viridiana,Comedy|Drama,1961
8241,Masterminds (1997),Masterminds,Action|Comedy|Thriller,1997
8253,Lupin III: The Castle Of Cagliostro (Rupan sansei: Kariosutoro no shiro) (1979),Lupin III: The Castle Of Cagliostro (Rupan sansei: Kariosutoro no shiro),Action|Adventure|Animation|Comedy|Crime|Mystery,1979
8254,Arizona Dream (1993),Arizona Dream,Comedy|Drama|Fantasy|Romance,1993
8261,3 Women (Three Women) (1977),3 Women (Three Women),Drama,1977
8264,Grey Gardens (1975),Grey Gardens,Documentary,1975
8266,Purple Rain (1984),Purple Rain,Drama|Musical,1984
8268,Point of No Return (1993),Point of No Return,Action|Thriller,1993
8270,"Hairdresser's Husband, The (Le mari de la coiffeuse) (1990)","Hairdresser's Husband, The (Le mari de la coiffeuse)",Comedy|Drama|Romance,1990
8275,College (1927),College,Comedy,1927
8290,Mitchell (1975),Mitchell,Action|Crime,1975
8293,Used People (1992),Used People,Comedy|Drama,1992
8302,"Front Page, The (1931)","Front Page, The",Comedy|Drama|Romance,1931
8327,Dolls (2002),Dolls,Drama|Romance,2002
8331,"Man Who Came to Dinner, The (1942)","Man Who Came to Dinner, The",Comedy,1942
8335,Make Way for Tomorrow (1937),Make Way for Tomorrow,Drama,1937
8336,"Major and the Minor, The (1942)","Major and the Minor, The",Comedy|Romance,1942
8337,"Caine Mutiny, The (1954)","Caine Mutiny, The",Drama|War,1954
8338,Black Narcissus (1947),Black Narcissus,Drama,1947
8340,Escape from Alcatraz (1979),Escape from Alcatraz,Drama|Thriller,1979
8341,Oliver Twist (1948),Oliver Twist,Adventure|Crime|Drama,1948
8360,Shrek 2 (2004),Shrek 2,Adventure|Animation|Children|Comedy|Musical|Romance,2004
8361,"Day After Tomorrow, The (2004)","Day After Tomorrow, The",Action|Adventure|Drama|Sci-Fi|Thriller,2004
8362,Raising Helen (2004),Raising Helen,Comedy|Drama|Romance,2004
8363,Soul Plane (2004),Soul Plane,Comedy,2004
8364,Baadasssss! (How to Get the Man's Foot Outta Your Ass) (2003),Baadasssss! (How to Get the Man's Foot Outta Your Ass),Drama,2003
8366,Saved! (2004),Saved!,Comedy|Drama,2004
8368,Harry Potter and the Prisoner of Azkaban (2004),Harry Potter and the Prisoner of Azkaban,Adventure|Fantasy|IMAX,2004
8369,Mindhunters (2004),Mindhunters,Action|Crime|Horror|Mystery|Thriller,2004
8370,"Blind Swordsman: Zatoichi, The (Zatôichi) (2003)","Blind Swordsman: Zatoichi, The (Zatôichi)",Action|Comedy|Crime|Drama,2003
8371,"Chronicles of Riddick, The (2004)","Chronicles of Riddick, The",Action|Sci-Fi|Thriller,2004
8372,Garfield: The Movie (2004),Garfield: The Movie,Animation|Children|Comedy,2004
8373,"Stepford Wives, The (2004)","Stepford Wives, The",Comedy|Fantasy|Thriller,2004
8375,"Hunting of the President, The (2004)","Hunting of the President, The",Documentary,2004
8376,Napoleon Dynamite (2004),Napoleon Dynamite,Comedy,2004
8378,"Doctor, The (1991)","Doctor, The",Drama,1991
8379,"Dresser, The (1983)","Dresser, The",Drama,1983
8380,Father Hood (1993),Father Hood,Comedy,1993
8382,Hello Again (1987),Hello Again,Comedy,1987
8383,Hope Springs (2003),Hope Springs,Comedy|Romance,2003
8385,Lover Come Back (1961),Lover Come Back,Comedy|Romance,1961
8387,Police Academy: Mission to Moscow (1994),Police Academy: Mission to Moscow,Comedy|Crime,1994
8391,Big Wednesday (1978),Big Wednesday,Comedy|Drama,1978
8402,Book of Love (1990),Book of Love,Comedy|Romance,1990
8405,Hour of the Wolf (Vargtimmen) (1968),Hour of the Wolf (Vargtimmen),Drama|Horror,1968
8410,Suddenly (1954),Suddenly,Crime|Drama|Film-Noir,1954
8424,"Divorcee, The (1930)","Divorcee, The",Drama|Romance,1930
8425,Meet the Applegates (1991),Meet the Applegates,Comedy,1991
8426,Robot Carnival (Roboto kânibauru) (1987),Robot Carnival (Roboto kânibauru),Animation|Comedy|Drama|Fantasy|Sci-Fi,1987
8427,Americathon (1979),Americathon,Comedy|Sci-Fi,1979
8446,Sands of Iwo Jima (1949),Sands of Iwo Jima,Action|Drama|Romance|War,1949
8447,This Island Earth (1955),This Island Earth,Sci-Fi,1955
8450,Anthony Adverse (1936),Anthony Adverse,Adventure|Romance,1936
8451,Blackboard Jungle (1955),Blackboard Jungle,Drama,1955
8454,Luna Papa (1999),Luna Papa,Comedy|Drama|Fantasy,1999
8456,Investigation of a Citizen Above Suspicion (Indagine su un cittadino al di sopra di ogni sospetto) (1970),Investigation of a Citizen Above Suspicion (Indagine su un cittadino al di sopra di ogni sospetto),Crime|Drama|Thriller,1970
8458,To Each His Own (1946),To Each His Own,Drama,1946
8459,"Heiress, The (1949)","Heiress, The",Drama|Romance,1949
8461,Dragon Seed (1944),Dragon Seed,Drama|War,1944
8462,Executive Suite (1954),Executive Suite,Drama,1954
8463,Johnny Belinda (1948),Johnny Belinda,Drama,1948
8464,Super Size Me (2004),Super Size Me,Comedy|Documentary|Drama,2004
8465,Johnny Eager (1942),Johnny Eager,Crime|Drama|Film-Noir|Romance,1942
8477,"Jetée, La (1962)","Jetée, La",Romance|Sci-Fi,1962
8481,Northwest Passage (1940),Northwest Passage,Action|Adventure|Drama|Romance|Thriller|Western,1940
8482,"Picture of Dorian Gray, The (1945)","Picture of Dorian Gray, The",Drama|Fantasy|Horror,1945
8484,"Human Condition I, The (Ningen no joken I) (1959)","Human Condition I, The (Ningen no joken I)",Drama|War,1959
8487,Please Don't Eat the Daisies (1960),Please Don't Eat the Daisies,Children|Comedy|Musical,1960
8491,White Heat (1949),White Heat,Crime|Drama|Film-Noir,1949
8492,"Christmas Carol, A (Scrooge) (1951)","Christmas Carol, A (Scrooge)",Drama|Fantasy,1951
8493,Memphis Belle (1990),Memphis Belle,Action|Drama|War,1990
8494,"Cincinnati Kid, The (1965)","Cincinnati Kid, The",Drama,1965
8495,Animal Factory (2000),Animal Factory,Crime|Drama,2000
8500,Godzilla vs. Mechagodzilla (Gojira tai Mekagojira) (1974),Godzilla vs. Mechagodzilla (Gojira tai Mekagojira),Action|Horror|Sci-Fi,1974
8501,"Hitcher, The (1986)","Hitcher, The",Action|Thriller,1986
8502,Show Boat (1951),Show Boat,Drama|Musical|Romance,1951
8506,Fear X (2003),Fear X,Mystery|Thriller,2003
8507,Freaks (1932),Freaks,Crime|Drama|Horror,1932
8511,"Immigrant, The (1917)","Immigrant, The",Comedy,1917
8512,Silent Movie (1976),Silent Movie,Comedy,1976
8518,Anna Christie (1930),Anna Christie,Drama,1930
8521,Dr. Jekyll and Mr. Hyde (1931),Dr. Jekyll and Mr. Hyde,Drama|Horror,1931
8526,Around the World in 80 Days (2004),Around the World in 80 Days,Adventure|Children|Comedy,2004
8528,Dodgeball: A True Underdog Story (2004),Dodgeball: A True Underdog Story,Comedy,2004
8529,"Terminal, The (2004)","Terminal, The",Comedy|Drama|Romance,2004
8530,Dear Frankie (2004),Dear Frankie,Drama|Romance,2004
8531,White Chicks (2004),White Chicks,Action|Comedy|Crime,2004
8532,"Door in the Floor, The (2004)","Door in the Floor, The",Drama,2004
8533,"Notebook, The (2004)","Notebook, The",Drama|Romance,2004
8534,Two Brothers (Deux frères) (2004),Two Brothers (Deux frères),Adventure|Children|Drama,2004
8535,De-Lovely (2004),De-Lovely,Drama|Musical,2004
8542,"Day at the Races, A (1937)","Day at the Races, A",Comedy|Musical,1937
8571,Bob & Carol & Ted & Alice (1969),Bob & Carol & Ted & Alice,Comedy|Drama,1969
8574,"Claymation Christmas Celebration, A (1987)","Claymation Christmas Celebration, A",Animation|Children|Comedy|Musical,1987
8575,"Happenstance (Battement d'ailes du papillon, Le) (2001)","Happenstance (Battement d'ailes du papillon, Le)",Comedy|Drama,2001
8577,Comandante (2003),Comandante,Documentary,2003
8578,Undead (2003),Undead,Action|Comedy|Horror|Sci-Fi,2003
8580,Into the Woods (1991),Into the Woods,Adventure|Comedy|Fantasy|Musical,1991
8581,Pirates of Silicon Valley (1999),Pirates of Silicon Valley,Documentary|Drama,1999
8582,Manufacturing Consent: Noam Chomsky and the Media (1992),Manufacturing Consent: Noam Chomsky and the Media,Documentary|War,1992
8587,Mayor of the Sunset Strip (2003),Mayor of the Sunset Strip,Documentary,2003
8588,Killing Me Softly (2002),Killing Me Softly,Drama|Mystery|Romance|Thriller,2002
8591,"Philadelphia Experiment, The (1984)","Philadelphia Experiment, The",Adventure|Drama|Sci-Fi,1984
8593,Juice (1992),Juice,Action|Crime|Drama|Thriller,1992
8596,Revenge of the Pink Panther (1978),Revenge of the Pink Panther,Comedy|Crime,1978
8600,Angels with Dirty Faces (1938),Angels with Dirty Faces,Crime|Drama|Film-Noir|Thriller,1938
8601,Zero de conduite (Zero for Conduct) (Zéro de conduite: Jeunes diables au collège) (1933),Zero de conduite (Zero for Conduct) (Zéro de conduite: Jeunes diables au collège),Comedy|Drama,1933
8604,Taxi (1998),Taxi,Action|Comedy,1998
8605,Taxi 3 (2003),Taxi 3,Action|Comedy,2003
8607,Tokyo Godfathers (2003),Tokyo Godfathers,Adventure|Animation|Drama,2003
8609,Our Hospitality (1923),Our Hospitality,Comedy,1923
8610,All of Me (1984),All of Me,Comedy|Fantasy,1984
8611,"Farmer's Daughter, The (1947)","Farmer's Daughter, The",Comedy,1947
8614,Overboard (1987),Overboard,Comedy|Romance,1987
8617,Butterfield 8 (1960),Butterfield 8,Drama,1960
8620,"Exterminating Angel, The (Ángel exterminador, El) (1962)","Exterminating Angel, The (Ángel exterminador, El)",Comedy|Drama|Fantasy|Mystery,1962
8622,Fahrenheit 9/11 (2004),Fahrenheit 9/11,Documentary,2004
8623,Roxanne (1987),Roxanne,Comedy|Romance,1987
8626,Dr. Terror's House of Horrors (1965),Dr. Terror's House of Horrors,Horror|Sci-Fi,1965
8632,Secret Society (2002),Secret Society,Comedy,2002
8633,"Last Starfighter, The (1984)","Last Starfighter, The",Action|Adventure|Comedy|Sci-Fi,1984
8636,Spider-Man 2 (2004),Spider-Man 2,Action|Adventure|Sci-Fi|IMAX,2004
8638,Before Sunset (2004),Before Sunset,Drama|Romance,2004
8640,King Arthur (2004),King Arthur,Action|Adventure|Drama|War,2004
8641,Anchorman: The Legend of Ron Burgundy (2004),Anchorman: The Legend of Ron Burgundy,Comedy,2004
8643,"Cinderella Story, A (2004)","Cinderella Story, A",Comedy|Romance,2004
8644,"I, Robot (2004)","I, Robot",Action|Adventure|Sci-Fi|Thriller,2004
8645,"Maria Full of Grace (Maria, Llena eres de gracia) (2004)","Maria Full of Grace (Maria, Llena eres de gracia)",Crime|Drama,2004
8650,Long Day's Journey Into Night (1962),Long Day's Journey Into Night,Drama,1962
8656,"Short Film About Killing, A (Krótki film o zabijaniu) (1988)","Short Film About Killing, A (Krótki film o zabijaniu)",Crime|Drama,1988
8665,"Bourne Supremacy, The (2004)","Bourne Supremacy, The",Action|Crime|Thriller,2004
8666,Catwoman (2004),Catwoman,Action|Crime|Fantasy,2004
8667,A Home at the End of the World (2004),A Home at the End of the World,Drama|Romance,2004
8670,"Testament of Dr. Mabuse, The (Das Testament des Dr. Mabuse) (1933)","Testament of Dr. Mabuse, The (Das Testament des Dr. Mabuse)",Crime|Horror|Mystery|Thriller,1933
8677,Flash Gordon Conquers the Universe (1940),Flash Gordon Conquers the Universe,Action|Sci-Fi,1940
8684,"Man Escaped, A (Un  condamné à mort s'est échappé ou Le vent souffle où il veut) (1956)","Man Escaped, A (Un  condamné à mort s'est échappé ou Le vent souffle où il veut)",Adventure|Drama,1956
8685,"Miracle of Marcelino, The (Marcelino pan y vino) (1955)","Miracle of Marcelino, The (Marcelino pan y vino)",Comedy|Drama,1955
8690,Slaughterhouse-Five (1972),Slaughterhouse-Five,Comedy|Drama|Sci-Fi|War,1972
8695,"Bachelor and the Bobby-Soxer, The (1947)","Bachelor and the Bobby-Soxer, The",Comedy,1947
8711,Mr. Blandings Builds His Dream House (1948),Mr. Blandings Builds His Dream House,Comedy,1948
8712,My Favorite Wife (1940),My Favorite Wife,Comedy|Romance,1940
8713,"New Adventures of Pippi Longstocking, The (1988)","New Adventures of Pippi Longstocking, The",Adventure|Children|Fantasy|Musical,1988
8714,Night and Day (1946),Night and Day,Drama|Musical,1946
8718,"Snake Pit, The (1948)","Snake Pit, The",Drama,1948
8720,"Super, The (1991)","Super, The",Comedy,1991
8724,"Leopard, The (Gattopardo, Il) (1963)","Leopard, The (Gattopardo, Il)",Drama|War,1963
8727,"Day of the Locust, The (1975)","Day of the Locust, The",Drama,1975
8730,To End All Wars (2001),To End All Wars,Action|Drama|War,2001
8738,"Woman Is a Woman, A (femme est une femme, Une) (1961)","Woman Is a Woman, A (femme est une femme, Une)",Comedy|Drama|Musical|Romance,1961
8743,Biggles (1986),Biggles,Adventure|Fantasy|Sci-Fi,1986
8748,"Yesterday, Today and Tomorrow (Ieri, oggi, domani) (1963)","Yesterday, Today and Tomorrow (Ieri, oggi, domani)",Comedy,1963
8753,Unprecedented: The 2000 Presidential Election (2002),Unprecedented: The 2000 Presidential Election,Documentary,2002
8754,"Prime of Miss Jean Brodie, The (1969)","Prime of Miss Jean Brodie, The",Drama,1969
8755,My Voyage to Italy (Il mio viaggio in Italia) (1999),My Voyage to Italy (Il mio viaggio in Italia),Documentary,1999
8765,This Gun for Hire (1942),This Gun for Hire,Crime|Film-Noir|Thriller,1942
8771,Sherlock Holmes: Terror by Night (1946),Sherlock Holmes: Terror by Night,Crime|Mystery|Thriller,1946
8772,"Spy Who Came in from the Cold, The (1965)","Spy Who Came in from the Cold, The",Drama|Thriller,1965
8773,Sherlock Holmes and the Secret Weapon (1942),Sherlock Holmes and the Secret Weapon,Crime|Mystery|Thriller,1942
8774,Sherlock Holmes: The Woman in Green (1945),Sherlock Holmes: The Woman in Green,Mystery,1945
8778,Sherlock Holmes: Dressed to Kill (1946),Sherlock Holmes: Dressed to Kill,Crime|Mystery,1946
8781,"Manchurian Candidate, The (2004)","Manchurian Candidate, The",Thriller,2004
8782,Thunderbirds (2004),Thunderbirds,Action|Adventure|Fantasy|Sci-Fi,2004
8783,"Village, The (2004)","Village, The",Drama|Mystery|Thriller,2004
8784,Garden State (2004),Garden State,Comedy|Drama|Romance,2004
8795,Musa the Warrior (Musa) (2001),Musa the Warrior (Musa),Action|Adventure|Drama|War,2001
8796,"Funny Thing Happened on the Way to the Forum, A (1966)","Funny Thing Happened on the Way to the Forum, A",Comedy|Musical,1966
8798,Collateral (2004),Collateral,Action|Crime|Drama|Thriller,2004
8799,Little Black Book (2004),Little Black Book,Comedy|Romance,2004
8800,Code 46 (2003),Code 46,Romance|Sci-Fi,2003
8804,"Story of Women (Affaire de femmes, Une) (1988)","Story of Women (Affaire de femmes, Une)",Drama,1988
8807,Harold and Kumar Go to White Castle (2004),Harold and Kumar Go to White Castle,Adventure|Comedy,2004
8808,"Princess Diaries 2: Royal Engagement, The (2004)","Princess Diaries 2: Royal Engagement, The",Comedy|Romance,2004
8809,Danny Deckchair (2003),Danny Deckchair,Comedy|Romance,2003
8810,AVP: Alien vs. Predator (2004),AVP: Alien vs. Predator,Action|Horror|Sci-Fi|Thriller,2004
8813,We Don't Live Here Anymore (2004),We Don't Live Here Anymore,Drama,2004
8814,Without a Paddle (2004),Without a Paddle,Comedy,2004
8815,Exorcist: The Beginning (2004),Exorcist: The Beginning,Horror|Thriller,2004
8827,"Bill Cosby, Himself (1983)","Bill Cosby, Himself",Comedy|Documentary,1983
8830,Anacondas: The Hunt for the Blood Orchid (2004),Anacondas: The Hunt for the Blood Orchid,Adventure|Drama|Horror|Sci-Fi|Thriller,2004
8831,Suspect Zero (2004),Suspect Zero,Crime|Thriller,2004
8832,Warriors of Heaven and Earth (Tian di ying xiong) (2003),Warriors of Heaven and Earth (Tian di ying xiong),Action|Adventure|Drama,2003
8833,Vanity Fair (2004),Vanity Fair,Drama|Romance,2004
8835,Paparazzi (2004),Paparazzi,Drama|Thriller,2004
8836,Wicker Park (2004),Wicker Park,Drama|Romance|Thriller,2004
8838,Alice Doesn't Live Here Anymore (1974),Alice Doesn't Live Here Anymore,Drama|Romance,1974
8840,Who's That Knocking at My Door? (1967),Who's That Knocking at My Door?,Drama,1967
8844,Camera Buff (Amator) (1979),Camera Buff (Amator),Drama,1979
8848,"Vitelloni, I (a.k.a. The Young and the Passionate) (1953)","Vitelloni, I (a.k.a. The Young and the Passionate)",Drama,1953
8860,Cellular (2004),Cellular,Action|Crime|Drama|Mystery|Thriller,2004
8861,Resident Evil: Apocalypse (2004),Resident Evil: Apocalypse,Action|Horror|Sci-Fi|Thriller,2004
8864,Mr. 3000 (2004),Mr. 3000,Comedy|Drama,2004
8865,Sky Captain and the World of Tomorrow (2004),Sky Captain and the World of Tomorrow,Action|Adventure|Sci-Fi,2004
8866,Wimbledon (2004),Wimbledon,Comedy|Romance,2004
8869,First Daughter (2004),First Daughter,Comedy|Romance,2004
8870,"Forgotten, The (2004)","Forgotten, The",Drama|Mystery|Sci-Fi|Thriller,2004
8873,"Motorcycle Diaries, The (Diarios de motocicleta) (2004)","Motorcycle Diaries, The (Diarios de motocicleta)",Adventure|Drama,2004
8874,Shaun of the Dead (2004),Shaun of the Dead,Comedy|Horror,2004
8875,"Come Back, Little Sheba (1952)","Come Back, Little Sheba",Drama,1952
8879,Murder on the Orient Express (1974),Murder on the Orient Express,Crime|Mystery|Thriller,1974
8880,Mask (1985),Mask,Drama,1985
8894,Orca: The Killer Whale (1977),Orca: The Killer Whale,Action|Drama|Horror|Thriller,1977
8905,1492: Conquest of Paradise (1992),1492: Conquest of Paradise,Adventure|Drama,1992
8906,Cannibal Holocaust (1980),Cannibal Holocaust,Horror,1980
8907,Shark Tale (2004),Shark Tale,Animation|Children|Comedy,2004
8908,Ladder 49 (2004),Ladder 49,Action|Drama|Thriller,2004
8910,I Heart Huckabees (2004),I Heart Huckabees,Comedy,2004
8911,Raise Your Voice (2004),Raise Your Voice,Romance,2004
8912,Taxi (2004),Taxi,Action|Comedy,2004
8914,Primer (2004),Primer,Drama|Sci-Fi,2004
8915,Stage Beauty (2004),Stage Beauty,Drama,2004
8916,Shall We Dance? (2004),Shall We Dance?,Comedy|Romance,2004
8917,Team America: World Police (2004),Team America: World Police,Action|Adventure|Animation|Comedy,2004
8918,Eulogy (2004),Eulogy,Comedy|Crime|Drama,2004
8919,P.S. (2004),P.S.,Comedy|Drama|Fantasy|Romance,2004
8920,"Country Girl, The (1954)","Country Girl, The",Drama,1954
8921,"Rose Tattoo, The (1955)","Rose Tattoo, The",Drama|Romance,1955
8928,"Fearless Vampire Killers, The (1967)","Fearless Vampire Killers, The",Comedy|Horror,1967
8933,"Decline of the American Empire, The (Déclin de l'empire américain, Le) (1986)","Decline of the American Empire, The (Déclin de l'empire américain, Le)",Comedy|Drama,1986
8934,Bebe's Kids (1992),Bebe's Kids,Animation|Children|Comedy,1992
8937,Friday Night Lights (2004),Friday Night Lights,Action|Drama,2004
8938,Tarnation (2003),Tarnation,Documentary,2003
8939,"Final Cut, The (2004)","Final Cut, The",Sci-Fi|Thriller,2004
8943,Being Julia (2004),Being Julia,Comedy|Drama,2004
8946,Surviving Christmas (2004),Surviving Christmas,Comedy,2004
8947,"Grudge, The (2004)","Grudge, The",Horror|Mystery|Thriller,2004
8948,Alfie (2004),Alfie,Comedy|Drama|Romance,2004
8949,Sideways (2004),Sideways,Comedy|Drama|Romance,2004
8950,The Machinist (2004),The Machinist,Drama|Mystery|Thriller,2004
8951,Vera Drake (2004),Vera Drake,Drama,2004
8952,Falling Angels (2003),Falling Angels,Drama,2003
8954,Lightning in a Bottle (2004),Lightning in a Bottle,Documentary,2004
8955,Undertow (2004),Undertow,Crime|Drama|Thriller,2004
8957,Saw (2004),Saw,Horror|Mystery|Thriller,2004
8958,Ray (2004),Ray,Drama,2004
8959,Birth (2004),Birth,Drama|Mystery,2004
8961,"Incredibles, The (2004)","Incredibles, The",Action|Adventure|Animation|Children|Comedy,2004
8964,Callas Forever (2002),Callas Forever,Drama,2002
8965,"Polar Express, The (2004)","Polar Express, The",Adventure|Animation|Children|Fantasy|IMAX,2004
8966,Kinsey (2004),Kinsey,Drama,2004
8967,Seed of Chucky (Child's Play 5) (2004),Seed of Chucky (Child's Play 5),Comedy|Horror,2004
8968,After the Sunset (2004),After the Sunset,Action|Adventure|Comedy|Crime|Thriller,2004
8969,Bridget Jones: The Edge of Reason (2004),Bridget Jones: The Edge of Reason,Comedy|Drama|Romance,2004
8970,Finding Neverland (2004),Finding Neverland,Drama,2004
8972,National Treasure (2004),National Treasure,Action|Adventure|Drama|Mystery|Thriller,2004
8973,Bad Education (La mala educación) (2004),Bad Education (La mala educación),Drama|Thriller,2004
8974,"SpongeBob SquarePants Movie, The (2004)","SpongeBob SquarePants Movie, The",Adventure|Animation|Children|Comedy,2004
8977,Alexander (2004),Alexander,Action|Adventure|Drama|War,2004
8978,Christmas with the Kranks (2004),Christmas with the Kranks,Children|Comedy,2004
8979,Guerrilla: The Taking of Patty Hearst (2004),Guerrilla: The Taking of Patty Hearst,Documentary,2004
8981,Closer (2004),Closer,Drama|Romance,2004
8982,I Am David (2003),I Am David,Drama,2003
8983,House of Flying Daggers (Shi mian mai fu) (2004),House of Flying Daggers (Shi mian mai fu),Action|Drama|Romance,2004
8984,Ocean's Twelve (2004),Ocean's Twelve,Action|Comedy|Crime|Thriller,2004
8985,Blade: Trinity (2004),Blade: Trinity,Action|Fantasy|Horror|Thriller,2004
8987,Bush's Brain (2004),Bush's Brain,Documentary,2004
8989,Damn Yankees! (1958),Damn Yankees!,Comedy|Musical,1958
8998,That's Entertainment (1974),That's Entertainment,Documentary,1974
9004,D.A.R.Y.L. (1985),D.A.R.Y.L.,Adventure|Children|Sci-Fi,1985
9005,Fire in the Sky (1993),Fire in the Sky,Drama|Mystery|Sci-Fi,1993
9008,"Invisible Man Returns, The (1940)","Invisible Man Returns, The",Horror|Sci-Fi,1940
9010,Love Me If You Dare (Jeux d'enfants) (2003),Love Me If You Dare (Jeux d'enfants),Drama|Romance,2003
9018,Control Room (2004),Control Room,Documentary|War,2004
25746,"Hunchback of Notre Dame, The (1923)","Hunchback of Notre Dame, The",Drama|Horror,1923
25750,Sherlock Jr. (1924),Sherlock Jr.,Comedy|Fantasy|Romance,1924
25752,"Freshman, The (1925)","Freshman, The",Comedy,1925
25753,Greed (1924),Greed,Drama,1924
25757,"Jazz Singer, The (1927)","Jazz Singer, The",Drama|Musical|Romance,1927
25769,"Steamboat Bill, Jr. (1928)","Steamboat Bill, Jr.",Comedy|Romance,1928
25771,"Andalusian Dog, An (Chien andalou, Un) (1929)","Andalusian Dog, An (Chien andalou, Un)",Fantasy,1929
25773,Little Caesar (1931),Little Caesar,Crime|Drama,1931
25782,Boudu Saved From Drowning (Boudu sauvé des eaux) (1932),Boudu Saved From Drowning (Boudu sauvé des eaux),Comedy,1932
25788,Scarface (1932),Scarface,Crime|Drama,1932
25795,Dinner at Eight (1933),Dinner at Eight,Comedy|Drama|Romance,1933
25797,Gold Diggers of 1933 (1933),Gold Diggers of 1933,Musical,1933
25805,"Atalante, L' (1934)","Atalante, L'",Comedy|Drama|Romance,1934
25825,Fury (1936),Fury,Drama|Film-Noir,1936
25826,Libeled Lady (1936),Libeled Lady,Comedy|Romance,1936
25827,Mr. Deeds Goes to Town (1936),Mr. Deeds Goes to Town,Comedy|Romance,1936
25833,Camille (1936),Camille,Drama|Romance,1936
25834,Captains Courageous (1937),Captains Courageous,Adventure|Drama,1937
25841,Stage Door (1937),Stage Door,Drama,1937
25850,Holiday (1938),Holiday,Comedy|Drama|Romance,1938
25855,"Roaring Twenties, The (1939)","Roaring Twenties, The",Crime|Drama|Thriller,1939
25856,Wuthering Heights (1939),Wuthering Heights,Drama|Romance,1939
25865,"Letter, The (1940)","Letter, The",Drama|Film-Noir,1940
25870,Here Comes Mr. Jordan (1941),Here Comes Mr. Jordan,Comedy|Fantasy|Romance,1941
25886,Random Harvest (1942),Random Harvest,Drama|Romance,1942
25887,Tales of Manhattan (1942),Tales of Manhattan,Comedy|Drama,1942
25898,Day of Wrath (Vredens dag) (1943),Day of Wrath (Vredens dag),Drama,1943
25905,"Miracle of Morgan's Creek, The (1944)","Miracle of Morgan's Creek, The",Comedy|Romance,1944
25906,Mr. Skeffington (1944),Mr. Skeffington,Drama|Romance,1944
25923,Great Expectations (1946),Great Expectations,Drama,1946
25927,"Stranger, The (1946)","Stranger, The",Drama|Film-Noir|Thriller,1946
25937,Easter Parade (1948),Easter Parade,Musical|Romance,1948
25940,"Lady from Shanghai, The (1947)","Lady from Shanghai, The",Drama|Film-Noir|Mystery,1947
25946,"Three Musketeers, The (1948)","Three Musketeers, The",Action|Adventure|Drama|Romance,1948
25947,Unfaithfully Yours (1948),Unfaithfully Yours,Comedy,1948
25952,"Letter to Three Wives, A (1949)","Letter to Three Wives, A",Comedy|Drama,1949
25959,Annie Get Your Gun (1950),Annie Get Your Gun,Comedy|Musical|Romance|Western,1950
25962,King Solomon's Mines (1950),King Solomon's Mines,Action|Adventure|Romance,1950
25963,"Young and the Damned, The (Olvidados, Los) (1950)","Young and the Damned, The (Olvidados, Los)",Crime|Drama,1950
25996,"Star Is Born, A (1954)","Star Is Born, A",Drama|Musical,1954
25999,The Wild One (1953),The Wild One,Drama,1953
26002,Confidential Report (1955),Confidential Report,Crime|Drama|Mystery|Thriller,1955
26003,Night and Fog (Nuit et brouillard) (1955),Night and Fog (Nuit et brouillard),Crime|Documentary|War,1955
26038,Teacher's Pet (1958),Teacher's Pet,Comedy|Romance,1958
26048,"Human Condition II, The (Ningen no joken II) (1959)","Human Condition II, The (Ningen no joken II)",Drama|War,1959
26052,Pickpocket (1959),Pickpocket,Crime|Drama,1959
26059,When a Woman Ascends the Stairs (Onna ga kaidan wo agaru toki) (1960),When a Woman Ascends the Stairs (Onna ga kaidan wo agaru toki),Drama,1960
26073,"Human Condition III, The (Ningen no joken III) (1961)","Human Condition III, The (Ningen no joken III)",Drama|War,1961
26078,Advise and Consent (1962),Advise and Consent,Drama,1962
26082,Harakiri (Seppuku) (1962),Harakiri (Seppuku),Drama,1962
26084,"Music Man, The (1962)","Music Man, The",Children|Comedy|Musical|Romance,1962
26085,Mutiny on the Bounty (1962),Mutiny on the Bounty,Adventure|Drama|Romance,1962
26095,"Carabineers, The (Carabiniers, Les) (1963)","Carabineers, The (Carabiniers, Les)",Comedy|Drama|War,1963
26116,"Hush... Hush, Sweet Charlotte (1964)","Hush... Hush, Sweet Charlotte",Horror|Thriller,1964
26122,Onibaba (1964),Onibaba,Drama|Horror|War,1964
26124,Robinson Crusoe on Mars (1964),Robinson Crusoe on Mars,Sci-Fi,1964
26131,"Battle of Algiers, The (La battaglia di Algeri) (1966)","Battle of Algiers, The (La battaglia di Algeri)",Drama|War,1966
26133,"Charlie Brown Christmas, A (1965)","Charlie Brown Christmas, A",Animation|Children|Comedy,1965
26142,Major Dundee (1965),Major Dundee,Adventure|War|Western,1965
26147,"Thousand Clowns, A (1965)","Thousand Clowns, A",Comedy|Drama|Romance,1965
26150,Andrei Rublev (Andrey Rublyov) (1969),Andrei Rublev (Andrey Rublyov),Drama|War,1969
26151,Au Hasard Balthazar (1966),Au Hasard Balthazar,Crime|Drama,1966
26152,Batman (1966),Batman,Action|Adventure|Comedy,1966
26158,Closely Watched Trains (Ostre sledované vlaky) (1966),Closely Watched Trains (Ostre sledované vlaky),Comedy|Drama|War,1966
26159,Tokyo Drifter (Tôkyô nagaremono) (1966),Tokyo Drifter (Tôkyô nagaremono),Action|Crime|Drama,1966
26169,Branded to Kill (Koroshi no rakuin) (1967),Branded to Kill (Koroshi no rakuin),Action|Crime|Drama,1967
26171,Play Time (a.k.a. Playtime) (1967),Play Time (a.k.a. Playtime),Comedy,1967
26172,Point Blank (1967),Point Blank,Action|Crime|Drama|Thriller,1967
26176,Titicut Follies (1967),Titicut Follies,Documentary|Drama,1967
26183,Asterix and Cleopatra (Astérix et Cléopâtre) (1968),Asterix and Cleopatra (Astérix et Cléopâtre),Action|Adventure|Animation|Children|Comedy,1968
26184,"Diamond Arm, The (Brilliantovaya ruka) (1968)","Diamond Arm, The (Brilliantovaya ruka)",Action|Adventure|Comedy|Crime|Thriller,1968
26195,Sympathy for the Devil (1968),Sympathy for the Devil,Documentary|Musical,1968
26198,"Yours, Mine and Ours (1968)","Yours, Mine and Ours",Children|Comedy,1968
26225,"Claire's Knee (Genou de Claire, Le) (1970)","Claire's Knee (Genou de Claire, Le)",Comedy|Romance,1970
26231,Performance (1970),Performance,Crime|Drama|Thriller,1970
26236,"White Sun of the Desert, The (Beloe solntse pustyni) (1970)","White Sun of the Desert, The (Beloe solntse pustyni)",Action|Adventure|Comedy|Drama|Romance|War,1970
26237,Zabriskie Point (1970),Zabriskie Point,Drama|Romance,1970
26242,Duel (1971),Duel,Action|Mystery|Thriller,1971
26249,They Call Me Trinity (1971),They Call Me Trinity,Comedy|Western,1971
26258,"Topo, El (1970)","Topo, El",Fantasy|Western,1970
26265,Dr. Phibes Rises Again (1972),Dr. Phibes Rises Again,Adventure|Comedy|Horror|Romance,1972
26283,Charley Varrick (1973),Charley Varrick,Crime|Drama|Thriller,1973
26285,Dark Star (1974),Dark Star,Comedy|Sci-Fi|Thriller,1974
26303,Sisters (1973),Sisters,Horror|Thriller,1973
26308,Turkish Delight (Turks fruit) (1973),Turkish Delight (Turks fruit),Drama|Romance,1973
26313,California Split (1974),California Split,Comedy|Drama,1974
26317,Emmanuelle (1974),Emmanuelle,Drama|Romance,1974
26322,Gone in 60 Seconds (1974),Gone in 60 Seconds,Action|Crime|Drama,1974
26326,"Holy Mountain, The (Montaña sagrada, La) (1973)","Holy Mountain, The (Montaña sagrada, La)",Drama,1973
26340,"Twelve Tasks of Asterix, The (Les douze travaux d'Astérix) (1976)","Twelve Tasks of Asterix, The (Les douze travaux d'Astérix)",Action|Adventure|Animation|Children|Comedy|Fantasy,1976
26344,French Connection II (1975),French Connection II,Action|Crime|Drama|Thriller,1975
26347,"Irony of Fate, or Enjoy Your Bath! (Ironiya sudby, ili S legkim parom!) (1975)","Irony of Fate, or Enjoy Your Bath! (Ironiya sudby, ili S legkim parom!)",Comedy|Drama|Romance,1975
26350,"Passenger, The (Professione: reporter) (1975)","Passenger, The (Professione: reporter)",Drama,1975
26357,Trilogy of Terror (1975),Trilogy of Terror,Horror|Thriller,1975
26359,1900 (Novecento) (1976),1900 (Novecento),Drama|War,1976
26365,Futureworld (1976),Futureworld,Sci-Fi|Thriller,1976
26366,Harlan County U.S.A. (1976),Harlan County U.S.A.,Documentary,1976
26375,Silver Streak (1976),Silver Streak,Action|Comedy|Crime,1976
26386,High Anxiety (1977),High Anxiety,Comedy|Thriller,1977
26391,"New York, New York (1977)","New York, New York",Drama|Musical|Romance,1977
26394,"Turning Point, The (1977)","Turning Point, The",Drama|Romance,1977
26399,Five Deadly Venoms (1978),Five Deadly Venoms,Action,1978
26401,Last Hurrah for Chivalry (Hao xia) (1979),Last Hurrah for Chivalry (Hao xia),Action|Drama,1979
26409,"Clonus Horror, The (1979)","Clonus Horror, The",Horror|Sci-Fi,1979
26413,Snake in the Eagle's Shadow (Se ying diu sau) (1978),Snake in the Eagle's Shadow (Se ying diu sau),Action|Comedy,1978
26422,Hair (1979),Hair,Comedy|Drama|Musical,1979
26429,Love at First Bite (1979),Love at First Bite,Comedy|Horror|Romance,1979
26444,"Hitch Hikers Guide to the Galaxy, The (1981)","Hitch Hikers Guide to the Galaxy, The",Adventure|Comedy|Sci-Fi,1981
26453,Smiley's People (1982),Smiley's People,Drama|Mystery,1982
26464,Blue Thunder (1983),Blue Thunder,Action|Crime|Drama,1983
26467,"Day After, The (1983)","Day After, The",Drama|Sci-Fi,1983
26471,Eddie Murphy Delirious (1983),Eddie Murphy Delirious,Comedy|Documentary,1983
26472,"Norte, El (1984)","Norte, El",Adventure|Drama,1984
26492,Twilight Zone: The Movie (1983),Twilight Zone: The Movie,Fantasy|Horror|Sci-Fi|Thriller,1983
26498,Boy Meets Girl (1984),Boy Meets Girl,Drama,1984
26504,Cloak & Dagger (1984),Cloak & Dagger,Action|Adventure|Children|Crime|Mystery|Thriller,1984
26510,"Ewok Adventure, The (a.k.a. Caravan of Courage: An Ewok Adventure) (1984)","Ewok Adventure, The (a.k.a. Caravan of Courage: An Ewok Adventure)",Adventure|Children|Fantasy|Sci-Fi,1984
26523,"Silent Night, Deadly Night (1984)","Silent Night, Deadly Night",Horror|Thriller,1984
26524,"Times of Harvey Milk, The (1984)","Times of Harvey Milk, The",Documentary,1984
26527,What Have I Done to Deserve This? (¿Qué he hecho yo para merecer esto!!) (1984),What Have I Done to Deserve This? (¿Qué he hecho yo para merecer esto!!),Comedy|Drama,1984
26528,Anne of Green Gables (1985),Anne of Green Gables,Children|Drama,1985
26539,Death of a Salesman (1985),Death of a Salesman,Drama,1985
26542,Ewoks: The Battle for Endor (1985),Ewoks: The Battle for Endor,Adventure|Children|Fantasy|Sci-Fi,1985
26547,Police Story (Ging chaat goo si) (1985),Police Story (Ging chaat goo si),Action|Comedy|Crime|Thriller,1985
26554,"Quiet Earth, The (1985)","Quiet Earth, The",Drama|Mystery|Sci-Fi,1985
26555,Spies Like Us (1985),Spies Like Us,Comedy,1985
26562,White Nights (1985),White Nights,Drama,1985
26564,'Round Midnight (1986),'Round Midnight,Drama|Musical,1986
26567,Club Paradise (1986),Club Paradise,Comedy,1986
26578,"Sacrifice, The (Offret - Sacraficatio) (1986)","Sacrifice, The (Offret - Sacraficatio)",Drama,1986
26585,"Better Tomorrow, A (Ying hung boon sik) (1986)","Better Tomorrow, A (Ying hung boon sik)",Crime|Drama|Thriller,1986
26587,"Decalogue, The (Dekalog) (1989)","Decalogue, The (Dekalog)",Crime|Drama|Romance,1989
26590,G.I. Joe: The Movie (1987),G.I. Joe: The Movie,Action|Adventure|Animation|Children|Fantasy|Sci-Fi,1987
26593,Hell Comes to Frogtown (1988),Hell Comes to Frogtown,Action|Comedy|Sci-Fi,1988
26599,"Law of Desire (Ley del deseo, La) (1987)","Law of Desire (Ley del deseo, La)",Comedy|Drama|Romance,1987
26603,Prince of Darkness (1987),Prince of Darkness,Fantasy|Horror|Sci-Fi|Thriller,1987
26606,"Chinese Ghost Story, A (Sinnui yauwan) (1987)","Chinese Ghost Story, A (Sinnui yauwan)",Action|Fantasy|Horror|Romance,1987
26612,"Better Tomorrow II, A (Ying hung boon sik II) (1987)","Better Tomorrow II, A (Ying hung boon sik II)",Crime|Drama|Thriller,1987
26614,"Bourne Identity, The (1988)","Bourne Identity, The",Action|Adventure|Drama|Mystery|Thriller,1988
26622,Dominick and Eugene (1988),Dominick and Eugene,Drama,1988
26629,Killer Klowns from Outer Space (1988),Killer Klowns from Outer Space,Comedy|Horror|Sci-Fi,1988
26630,Moonwalker (1988),Moonwalker,Musical,1988
26631,Alice (Neco z Alenky) (1988),Alice (Neco z Alenky),Animation|Fantasy|Mystery,1988
26645,Life Is a Long Quiet River (La vie est un long fleuve tranquille) (1988),Life Is a Long Quiet River (La vie est un long fleuve tranquille),Comedy,1988
26649,Lonesome Dove (1989),Lonesome Dove,Adventure|Drama|Western,1989
26662,Kiki's Delivery Service (Majo no takkyûbin) (1989),Kiki's Delivery Service (Majo no takkyûbin),Adventure|Animation|Children|Drama|Fantasy,1989
26676,Almost an Angel (1990),Almost an Angel,Comedy,1990
26680,Cry-Baby (1990),Cry-Baby,Comedy|Musical|Romance,1990
26681,Bullet in the Head (1990),Bullet in the Head,Action|Drama|War,1990
26686,Ghost Dad (1990),Ghost Dad,Comedy|Fantasy,1990
26693,It (1990),It,Drama|Fantasy|Horror|Mystery|Thriller,1990
26694,Ju Dou (1990),Ju Dou,Drama,1990
26695,"Krays, The (1990)","Krays, The",Drama,1990
26696,Lionheart (1990),Lionheart,Action,1990
26700,Nuns on the Run (1990),Nuns on the Run,Comedy|Crime,1990
26701,Patlabor: The Movie (Kidô keisatsu patorebâ: The Movie) (1989),Patlabor: The Movie (Kidô keisatsu patorebâ: The Movie),Action|Animation|Crime|Drama|Film-Noir|Mystery|Sci-Fi|Thriller,1989
26704,State of Grace (1990),State of Grace,Crime|Drama|Thriller,1990
26712,35 Up (1991),35 Up,Documentary,1991
26713,Days of Being Wild (A Fei jingjyuhn) (1990),Days of Being Wild (A Fei jingjyuhn),Drama|Romance,1990
26717,Begotten (1990),Begotten,Drama|Horror,1990
26726,Dutch (1991),Dutch,Comedy,1991
26729,Hearts of Darkness: A Filmmakers Apocalypse (1991),Hearts of Darkness: A Filmmakers Apocalypse,Documentary,1991
26732,Johnny Stecchino (1991),Johnny Stecchino,Comedy,1991
26736,Riki-Oh: The Story of Ricky (Lik Wong) (1991),Riki-Oh: The Story of Ricky (Lik Wong),Action|Crime|Thriller,1991
26741,Mannequin 2: On the Move (1991),Mannequin 2: On the Move,Comedy|Fantasy|Romance,1991
26743,Only Yesterday (Omohide poro poro) (1991),Only Yesterday (Omohide poro poro),Animation|Drama,1991
26745,Other People's Money (1991),Other People's Money,Comedy|Drama|Romance,1991
26750,Quigley Down Under (1990),Quigley Down Under,Adventure|Drama|Western,1990
26761,Prime Suspect 2 (1992),Prime Suspect 2,Crime|Drama|Mystery|Romance|Thriller,1992
26764,Captain America (1990),Captain America,Action|Fantasy|Sci-Fi|Thriller|War,1990
26765,City Hunter (Sing si lip yan) (1993),City Hunter (Sing si lip yan),Action|Comedy|Romance,1993
26776,Porco Rosso (Crimson Pig) (Kurenai no buta) (1992),Porco Rosso (Crimson Pig) (Kurenai no buta),Adventure|Animation|Comedy|Fantasy|Romance,1992
26777,"Stolen Children (Ladro di bambini, Il) (1992)","Stolen Children (Ladro di bambini, Il)",Drama,1992
26778,Ladybugs (1992),Ladybugs,Comedy,1992
26782,"Mambo Kings, The (1992)","Mambo Kings, The",Drama|Musical,1992
26791,Shining Through (1992),Shining Through,Drama|Romance|Thriller|War,1992
26792,Sidekicks (1992),Sidekicks,Action|Adventure|Children|Comedy,1992
26796,"Heart in Winter, A (Un coeur en hiver) (1992)","Heart in Winter, A (Un coeur en hiver)",Drama|Romance,1992
26797,Visions of Light: The Art of Cinematography (1992),Visions of Light: The Art of Cinematography,Documentary,1992
26810,Bad Boy Bubby (1993),Bad Boy Bubby,Drama,1993
26812,Barbarians at the Gate (1993),Barbarians at the Gate,Drama,1993
26819,Fortress (1992),Fortress,Action|Sci-Fi,1992
26828,Mr. Nanny (1993),Mr. Nanny,Action|Children|Comedy,1993
26838,"Snapper, The (1993)","Snapper, The",Comedy|Drama,1993
26840,Sonatine (Sonachine) (1993),Sonatine (Sonachine),Action|Comedy|Crime|Drama,1993
26849,"Stand, The (1994)","Stand, The",Adventure|Drama|Fantasy|Horror|Sci-Fi,1994
26854,"Darkman II: Return of Durant, The (1995)","Darkman II: Return of Durant, The",Action|Crime|Horror,1995
26861,Freaked (1993),Freaked,Comedy|Sci-Fi,1993
26865,Fist of Legend (Jing wu ying xiong) (1994),Fist of Legend (Jing wu ying xiong),Action|Drama,1994
26870,Major League II (1994),Major League II,Comedy,1994
26871,My Father the Hero (1994),My Father the Hero,Comedy|Romance,1994
26875,"Pure Formality, A (Pura formalità, Una) (1994)","Pure Formality, A (Pura formalità, Una)",Crime|Film-Noir|Mystery|Thriller,1994
26887,"Langoliers, The (1995)","Langoliers, The",Drama|Fantasy|Horror|Mystery|Sci-Fi|Thriller,1995
26900,"Last Wedding, The (Kivenpyörittäjän kylä) (1995)","Last Wedding, The (Kivenpyörittäjän kylä)",Comedy|Drama,1995
26901,Last of the Dogmen (1995),Last of the Dogmen,Adventure|Western,1995
26903,Whisper of the Heart (Mimi wo sumaseba) (1995),Whisper of the Heart (Mimi wo sumaseba),Animation|Drama|Romance,1995
26913,Street Fighter II: The Animated Movie (Sutorîto Faitâ II gekijô-ban) (1994),Street Fighter II: The Animated Movie (Sutorîto Faitâ II gekijô-ban),Action|Animation,1994
26928,"Summer's Tale, A (Conte d'été) (1996)","Summer's Tale, A (Conte d'été)",Comedy|Drama|Romance,1996
26940,"Late Shift, The (1996)","Late Shift, The",Comedy,1996
26947,Pusher (1996),Pusher,Crime|Thriller,1996
26958,Emma (1996),Emma,Romance,1996
26965,"Boxer, The (1997)","Boxer, The",Drama|Thriller,1997
26974,Gummo (1997),Gummo,Drama,1997
26985,Nirvana (1997),Nirvana,Action|Sci-Fi,1997
26999,"Lion King II: Simba's Pride, The (1998)","Lion King II: Simba's Pride, The",Adventure|Animation|Children|Musical|Romance,1998
27002,From the Earth to the Moon (1998),From the Earth to the Moon,Action|Documentary|Drama|Thriller,1998
27003,Beowulf (1999),Beowulf,Action|Horror|Sci-Fi,1999
27006,RKO 281 (1999),RKO 281,Drama,1999
27008,From Dusk Till Dawn 2: Texas Blood Money (1999) ,From Dusk Till Dawn 2: Texas Blood Money (1999),Comedy|Crime|Horror,1999
27020,Gia (1998),Gia,Drama|Romance,1998
27022,Thursday (1998),Thursday,Action|Crime|Thriller,1998
27032,Who Am I? (Wo shi shei) (1998),Who Am I? (Wo shi shei),Action|Adventure|Comedy|Sci-Fi|Thriller,1998
27036,Merlin (1998),Merlin,Action|Adventure|Drama|Fantasy|Romance,1998
27074,Brave New World (1998),Brave New World,Sci-Fi,1998
27075,Addams Family Reunion (1998),Addams Family Reunion,Children|Comedy|Fantasy,1998
27105,Purgatory (1999),Purgatory,Fantasy|Western,1999
27124,Bleeder (1999),Bleeder,Drama|Thriller,1999
27134,Dark Portals: The Chronicles of Vidocq  (Vidocq) (2001),Dark Portals: The Chronicles of Vidocq  (Vidocq),Action|Crime|Fantasy,2001
27140,Candyman 3: Day of the Dead (1999),Candyman 3: Day of the Dead,Horror,1999
27155,"Batman/Superman Movie, The (1998)","Batman/Superman Movie, The",Action|Adventure|Animation|Children|Fantasy|Sci-Fi,1998
27156,"Neon Genesis Evangelion: The End of Evangelion (Shin seiki Evangelion Gekijô-ban: Air/Magokoro wo, kimi ni) (1997)","Neon Genesis Evangelion: The End of Evangelion (Shin seiki Evangelion Gekijô-ban: Air/Magokoro wo, kimi ni)",Action|Animation|Drama|Fantasy|Sci-Fi,1997
27176,Style Wars (1983),Style Wars,Documentary,1983
27178,In July (Im Juli) (2000),In July (Im Juli),Comedy|Romance,2000
27186,Kirikou and the Sorceress (Kirikou et la sorcière) (1998),Kirikou and the Sorceress (Kirikou et la sorcière),Adventure|Animation|Children|Fantasy,1998
27193,Taxi 2 (2000),Taxi 2,Action|Comedy,2000
27246,If These Walls Could Talk 2 (2000),If These Walls Could Talk 2,Drama|Romance,2000
27251,"10th Kingdom, The (2000)","10th Kingdom, The",Adventure|Comedy|Fantasy,2000
27255,"Wind Will Carry Us, The (Bad ma ra khahad bord) (1999)","Wind Will Carry Us, The (Bad ma ra khahad bord)",Drama,1999
27266,2046 (2004),2046,Drama|Fantasy|Romance|Sci-Fi,2004
27306,Bartleby (2001),Bartleby,Comedy|Drama,2001
27311,Batman Beyond: Return of the Joker (2000),Batman Beyond: Return of the Joker,Action|Animation|Crime|Sci-Fi|Thriller,2000
27317,Audition (Ôdishon) (1999),Audition (Ôdishon),Drama|Horror|Mystery|Romance|Thriller,1999
27320,"Nine Lives of Tomas Katz, The (2000)","Nine Lives of Tomas Katz, The",Comedy|Drama|Fantasy,2000
27328,Monday (2000),Monday,Action|Comedy|Crime|Fantasy|Thriller,2000
27329,Paradise Lost 2: Revelations (2000),Paradise Lost 2: Revelations,Documentary,2000
27368,Asterix & Obelix: Mission Cleopatra (Astérix & Obélix: Mission Cléopâtre) (2002),Asterix & Obelix: Mission Cleopatra (Astérix & Obélix: Mission Cléopâtre),Adventure|Comedy|Fantasy,2002
27369,Daria: Is It Fall Yet? (2000),Daria: Is It Fall Yet?,Animation|Comedy,2000
27370,Late Night Shopping (2001),Late Night Shopping,Comedy,2001
27373,61* (2001),61*,Drama,2001
27397,Joint Security Area (Gongdong gyeongbi guyeok JSA) (2000),Joint Security Area (Gongdong gyeongbi guyeok JSA),Crime|Drama|Mystery|Thriller|War,2000
27408,Ripley's Game (2002),Ripley's Game,Drama|Thriller,2002
27416,Jalla! Jalla! (2000),Jalla! Jalla!,Comedy|Drama|Romance,2000
27420,Teknolust (2002),Teknolust,Comedy|Drama|Romance|Sci-Fi,2002
27426,"Accidental Spy, The (Dak miu mai shing) (2001)","Accidental Spy, The (Dak miu mai shing)",Action|Comedy|Thriller,2001
27434,Darkness (2002),Darkness,Horror|Mystery,2002
27441,Blood: The Last Vampire (2000),Blood: The Last Vampire,Action|Animation|Horror,2000
27450,Blueberry (2004),Blueberry,Adventure|Western,2004
27473,American Psycho II: All American Girl (2002),American Psycho II: All American Girl,Comedy|Crime|Horror|Mystery|Thriller,2002
27478,Ali G Indahouse (2002),Ali G Indahouse,Comedy,2002
27480,Dead or Alive 2: Tôbôsha (2000),Dead or Alive 2: Tôbôsha,Action|Crime|Thriller,2000
27482,Cube 2: Hypercube (2002),Cube 2: Hypercube,Horror|Mystery|Sci-Fi,2002
27491,Pulse (Kairo) (2001),Pulse (Kairo),Horror|Mystery|Thriller,2001
27513,Dog Days (Hundstage) (2001),Dog Days (Hundstage),Drama,2001
27523,My Sassy Girl (Yeopgijeogin geunyeo) (2001),My Sassy Girl (Yeopgijeogin geunyeo),Comedy|Romance,2001
27537,Nothing (2003),Nothing,Comedy|Fantasy|Mystery|Sci-Fi,2003
27539,Undertaking Betty (Plots with a View) (2002),Undertaking Betty (Plots with a View),Comedy|Romance,2002
27549,Dead or Alive: Final (2002),Dead or Alive: Final,Comedy|Crime|Drama|Sci-Fi|Thriller,2002
27555,Fubar (2002),Fubar,Comedy,2002
27563,"Happiness of the Katakuris, The (Katakuri-ke no kôfuku) (2001)","Happiness of the Katakuris, The (Katakuri-ke no kôfuku)",Comedy|Horror|Musical,2001
27584,Dead End (2003),Dead End,Comedy|Horror|Mystery|Thriller,2003
27592,Sympathy for Mr. Vengeance (Boksuneun naui geot) (2002),Sympathy for Mr. Vengeance (Boksuneun naui geot),Crime|Drama,2002
27595,Jesus Christ Vampire Hunter (2001),Jesus Christ Vampire Hunter,Action|Comedy|Horror|Musical,2001
27604,Suicide Club (Jisatsu saakuru) (2001),Suicide Club (Jisatsu saakuru),Horror|Mystery|Thriller,2001
27611,Battlestar Galactica (2003),Battlestar Galactica,Drama|Sci-Fi|War,2003
27618,"Sound of Thunder, A (2005)","Sound of Thunder, A",Action|Adventure|Drama|Sci-Fi|Thriller,2005
27619,"Lion King 1½, The (2004)","Lion King 1½, The",Adventure|Animation|Children|Comedy,2004
27627,Oasis (2002),Oasis,Drama|Romance,2002
27644,Remember Me (Ricordati di me) (2003),Remember Me (Ricordati di me),Comedy|Drama|Romance,2003
27660,"Animatrix, The (2003)","Animatrix, The",Action|Animation|Drama|Sci-Fi,2003
27664,"Brown Bunny, The (2003)","Brown Bunny, The",Drama,2003
27667,Ju-on: The Curse (2000),Ju-on: The Curse,Horror,2000
27674,11:14 (2003),11:14,Comedy|Crime|Drama|Mystery|Thriller,2003
27683,Tremors 4: The Legend Begins (2004),Tremors 4: The Legend Begins,Action|Comedy|Horror|Sci-Fi|Thriller|Western,2004
27685,Bring It On Again (2004),Bring It On Again,Comedy,2004
27689,"Crimson Rivers 2: Angels of the Apocalypse (Rivières pourpres II - Les anges de l'apocalypse, Les) (2004)","Crimson Rivers 2: Angels of the Apocalypse (Rivières pourpres II - Les anges de l'apocalypse, Les)",Action|Crime|Thriller,2004
27692,And Starring Pancho Villa as Himself (2003),And Starring Pancho Villa as Himself,Action|Comedy|Drama|War,2003
27695,Nicotina (2003),Nicotina,Action|Comedy|Drama,2003
27704,Battle Royale 2: Requiem (Batoru rowaiaru II: Chinkonka) (2003),Battle Royale 2: Requiem (Batoru rowaiaru II: Chinkonka),Action|Drama|Thriller|War,2003
27705,In Hell (2003),In Hell,Action|Drama|Thriller,2003
27706,Lemony Snicket's A Series of Unfortunate Events (2004),Lemony Snicket's A Series of Unfortunate Events,Adventure|Children|Comedy|Fantasy,2004
27708,Helen of Troy (2003),Helen of Troy,Action|Adventure|Drama|Romance,2003
27716,"Green Butchers, The (Grønne slagtere, De) (2003)","Green Butchers, The (Grønne slagtere, De)",Comedy|Crime|Drama|Romance,2003
27721,"Very Long Engagement, A (Un long dimanche de fiançailles) (2004)","Very Long Engagement, A (Un long dimanche de fiançailles)",Drama|Mystery|Romance|War,2004
27722,Last Life in the Universe (Ruang rak noi nid mahasan) (2003),Last Life in the Universe (Ruang rak noi nid mahasan),Drama|Romance,2003
27728,Ghost in the Shell 2: Innocence (a.k.a. Innocence) (Inosensu) (2004),Ghost in the Shell 2: Innocence (a.k.a. Innocence) (Inosensu),Action|Animation|Drama|Sci-Fi|Thriller,2004
27731,"Cat Returns, The (Neko no ongaeshi) (2002)","Cat Returns, The (Neko no ongaeshi)",Adventure|Animation|Children|Fantasy,2002
27741,"Twilight Samurai, The (Tasogare Seibei) (2002)","Twilight Samurai, The (Tasogare Seibei)",Drama|Romance,2002
27744,"Facing Windows (Finestra di fronte, La) (2003)","Facing Windows (Finestra di fronte, La)",Drama|Romance,2003
27746,Ginger Snaps: Unleashed (2004),Ginger Snaps: Unleashed,Horror|Thriller,2004
27751,'Salem's Lot (2004),'Salem's Lot,Drama|Horror|Mystery|Thriller,2004
27762,Comic Book: The Movie (2004),Comic Book: The Movie,Comedy,2004
27768,Intimate Strangers (Confidences trop intimes) (2004),Intimate Strangers (Confidences trop intimes),Drama,2004
27769,Down to the Bone (2004),Down to the Bone,Drama,2004
27772,Ju-on: The Grudge (2002),Ju-on: The Grudge,Horror,2002
27773,Old Boy (2003),Old Boy,Mystery|Thriller,2003
27776,Red Lights (Feux rouges) (2004),Red Lights (Feux rouges),Drama,2004
27778,Ginger Snaps Back: The Beginning (2004),Ginger Snaps Back: The Beginning,Fantasy|Horror,2004
27784,One Missed Call (Chakushin ari) (2003),One Missed Call (Chakushin ari),Horror|Mystery,2003
27788,"Jacket, The (2005)","Jacket, The",Drama|Mystery|Sci-Fi|Thriller,2005
27790,Millions (2004),Millions,Children|Comedy|Crime|Drama|Fantasy,2004
27793,Starship Troopers 2: Hero of the Federation (2004),Starship Troopers 2: Hero of the Federation,Action|Horror|Sci-Fi|War,2004
27801,Ong-Bak: The Thai Warrior (Ong Bak) (2003),Ong-Bak: The Thai Warrior (Ong Bak),Action|Thriller,2003
27802,Infernal Affairs 2 (Mou gaan dou II) (2003),Infernal Affairs 2 (Mou gaan dou II),Action|Crime|Drama|Thriller,2003
27803,"Sea Inside, The (Mar adentro) (2004)","Sea Inside, The (Mar adentro)",Drama,2004
27808,Spanglish (2004),Spanglish,Comedy|Drama|Romance,2004
27815,"Chorus, The (Choristes, Les) (2004)","Chorus, The (Choristes, Les)",Drama,2004
27816,Saints and Soldiers (2003),Saints and Soldiers,Action|Adventure|Drama|War,2003
27820,"Story of the Weeping Camel, The (Geschichte vom weinenden Kamel, Die) (2003)","Story of the Weeping Camel, The (Geschichte vom weinenden Kamel, Die)",Documentary|Drama,2003
27821,"Interpreter, The (2005)","Interpreter, The",Drama|Thriller,2005
27822,Open Water (2003),Open Water,Drama|Thriller,2003
27826,Touch of Pink (2004),Touch of Pink,Comedy|Drama|Romance,2004
27829,Slasher (2004),Slasher,Documentary,2004
27830,"Bobby Jones, Stroke of Genius (2004)","Bobby Jones, Stroke of Genius",Drama,2004
27831,Layer Cake (2004),Layer Cake,Crime|Drama|Thriller,2004
27834,"Return, The (Vozvrashcheniye) (2003)","Return, The (Vozvrashcheniye)",Drama,2003
27837,Flight of the Phoenix (2004),Flight of the Phoenix,Action|Adventure,2004
27838,Mean Creek (2004),Mean Creek,Drama|Thriller,2004
27839,"Ring Two, The (2005)","Ring Two, The",Drama|Horror|Mystery|Thriller,2005
27846,"Corporation, The (2003)","Corporation, The",Documentary,2003
27850,"Yes Men, The (2003)","Yes Men, The",Documentary,2003
27865,Azumi (2003),Azumi,Action|Adventure|Drama|Thriller,2003
27866,In My Father's Den (2004),In My Father's Den,Drama,2004
27869,Tae Guk Gi: The Brotherhood of War (Taegukgi hwinalrimyeo) (2004),Tae Guk Gi: The Brotherhood of War (Taegukgi hwinalrimyeo),Action|Drama|War,2004
27873,Metallica: Some Kind of Monster (2004),Metallica: Some Kind of Monster,Documentary,2004
27878,Born into Brothels (2004),Born into Brothels,Documentary,2004
27879,DiG! (2004),DiG!,Documentary,2004
27882,Riding Giants (2004),Riding Giants,Documentary,2004
27899,What the #$*! Do We Know!? (a.k.a. What the Bleep Do We Know!?) (2004),What the #$*! Do We Know!? (a.k.a. What the Bleep Do We Know!?),Comedy|Documentary|Drama,2004
27904,"Scanner Darkly, A (2006)","Scanner Darkly, A",Animation|Drama|Mystery|Sci-Fi|Thriller,2006
27905,Casshern (2004),Casshern,Action|Drama|Fantasy|Sci-Fi,2004
27912,Outfoxed: Rupert Murdoch's War on Journalism (2004),Outfoxed: Rupert Murdoch's War on Journalism,Documentary,2004
30707,Million Dollar Baby (2004),Million Dollar Baby,Drama,2004
30745,Gozu (Gokudô kyôfu dai-gekijô: Gozu) (2003),Gozu (Gokudô kyôfu dai-gekijô: Gozu),Comedy|Crime|Drama|Horror|Mystery,2003
30749,Hotel Rwanda (2004),Hotel Rwanda,Drama|War,2004
30793,Charlie and the Chocolate Factory (2005),Charlie and the Chocolate Factory,Adventure|Children|Comedy|Fantasy|IMAX,2005
30803,3-Iron (Bin-jip) (2004),3-Iron (Bin-jip),Drama|Romance,2004
30810,"Life Aquatic with Steve Zissou, The (2004)","Life Aquatic with Steve Zissou, The",Adventure|Comedy|Fantasy,2004
30812,"Aviator, The (2004)","Aviator, The",Drama,2004
30816,"Phantom of the Opera, The (2004)","Phantom of the Opera, The",Drama|Musical|Romance,2004
30818,Beyond the Sea (2004),Beyond the Sea,Drama|Musical,2004
30820,"Woodsman, The (2004)","Woodsman, The",Drama,2004
30822,In Good Company (2004),In Good Company,Comedy|Drama,2004
30825,Meet the Fockers (2004),Meet the Fockers,Comedy,2004
30846,"Assassination of Richard Nixon, The (2004)","Assassination of Richard Nixon, The",Crime|Drama|Thriller,2004
30848,"Love Song for Bobby Long, A (2004)","Love Song for Bobby Long, A",Drama,2004
30850,"Merchant of Venice, The (2004)","Merchant of Venice, The",Drama,2004
30883,Fat Albert (2004),Fat Albert,Comedy|Fantasy,2004
30890,"Keys to the House, The (Chiavi di casa, Le) (2004)","Keys to the House, The (Chiavi di casa, Le)",Drama,2004
30892,In the Realms of the Unreal (2004),In the Realms of the Unreal,Animation|Documentary,2004
30894,White Noise (2005),White Noise,Drama|Horror|Mystery|Sci-Fi|Thriller,2005
30898,"Upside of Anger, The (2005)","Upside of Anger, The",Comedy|Drama|Romance,2005
30994,Little Miss Marker (1980),Little Miss Marker,Comedy|Drama,1980
31000,Sweet Liberty (1986),Sweet Liberty,Comedy,1986
31030,I Remember Mama (1948),I Remember Mama,Children|Drama,1948
31038,Smooth Talk (1985),Smooth Talk,Drama|Romance,1985
31049,Out Cold (1989),Out Cold,Comedy|Thriller,1989
31083,Man Trouble (1992),Man Trouble,Comedy|Romance,1992
31086,Battles Without Honor & Humanity (Jingi naki tatakai) (1973),Battles Without Honor & Humanity (Jingi naki tatakai),Crime|Drama,1973
31101,Stander (2003),Stander,Action|Crime|Drama,2003
31114,Imaginary Heroes (2004),Imaginary Heroes,Comedy|Drama,2004
31116,Sergeant York (1941),Sergeant York,Drama|War,1941
31123,Ruby & Quentin (Tais-toi!) (2003),Ruby & Quentin (Tais-toi!),Comedy|Crime,2003
31150,Wizards (1977),Wizards,Animation|Fantasy|Sci-Fi|War,1977
31162,"Life and Death of Peter Sellers, The (2004)","Life and Death of Peter Sellers, The",Comedy|Drama,2004
31184,Appleseed (Appurushîdo) (2004),Appleseed (Appurushîdo),Action|Animation|Fantasy|Sci-Fi,2004
31193,"Many Adventures of Winnie the Pooh, The (1977)","Many Adventures of Winnie the Pooh, The",Animation|Children|Musical,1977
31221,Elektra (2005),Elektra,Action|Adventure|Crime|Drama,2005
31223,Racing Stripes (2005),Racing Stripes,Children|Comedy,2005
31225,Coach Carter (2005),Coach Carter,Drama,2005
31260,Boys Town (1938),Boys Town,Drama,1938
31297,Gold Diggers of 1935 (1935),Gold Diggers of 1935,Comedy|Musical,1935
31309,Rocco and His Brothers (Rocco e i suoi fratelli) (1960),Rocco and His Brothers (Rocco e i suoi fratelli),Crime|Drama,1960
31364,Memories of Murder (Salinui chueok) (2003),Memories of Murder (Salinui chueok),Crime|Drama|Mystery|Thriller,2003
31367,"Chase, The (1994)","Chase, The",Action|Adventure|Comedy|Crime|Romance|Thriller,1994
31410,"Downfall (Untergang, Der) (2004)","Downfall (Untergang, Der)",Drama|War,2004
31420,Assault on Precinct 13 (2005),Assault on Precinct 13,Action|Crime|Drama|Thriller,2005
31422,Are We There Yet? (2005),Are We There Yet?,Children|Comedy,2005
31424,Alone in the Dark (2005),Alone in the Dark,Action|Horror|Sci-Fi|Thriller,2005
31427,Hide and Seek (2005),Hide and Seek,Horror|Mystery|Thriller,2005
31431,Boogeyman (2005),Boogeyman,Drama|Horror|Mystery|Thriller,2005
31433,"Wedding Date, The (2005)","Wedding Date, The",Comedy|Romance,2005
31435,Rory O'Shea Was Here (Inside I'm Dancing) (2004),Rory O'Shea Was Here (Inside I'm Dancing),Drama,2004
31437,Nobody Knows (Dare mo shiranai) (2004),Nobody Knows (Dare mo shiranai),Drama,2004
31445,Employee of the Month (2004),Employee of the Month,Comedy|Drama,2004
31522,"Marriage of Maria Braun, The (Ehe der Maria Braun, Die) (1979)","Marriage of Maria Braun, The (Ehe der Maria Braun, Die)",Drama,1979
31545,"Trou, Le (Hole, The) (Night Watch, The) (1960)","Trou, Le (Hole, The) (Night Watch, The)",Crime|Film-Noir,1960
31553,Double Dragon (1994),Double Dragon,Action|Adventure|Sci-Fi,1994
31590,Hands Off the Loot (Touchez pas au grisbi) (1954),Hands Off the Loot (Touchez pas au grisbi),Crime|Drama|Thriller,1954
31610,Purple Butterfly (Zi hudie) (2003),Purple Butterfly (Zi hudie),Drama,2003
31617,El Cid (1961),El Cid,Action|Adventure|Drama|Romance|War,1961
31658,Howl's Moving Castle (Hauru no ugoku shiro) (2004),Howl's Moving Castle (Hauru no ugoku shiro),Adventure|Animation|Fantasy|Romance,2004
31660,Steamboy (Suchîmubôi) (2004),Steamboy (Suchîmubôi),Action|Animation|Drama|Sci-Fi,2004
31664,Gorgeous (Boh lee chun) (1999),Gorgeous (Boh lee chun),Action|Comedy|Romance,1999
31685,Hitch (2005),Hitch,Comedy|Romance,2005
31692,Uncle Nino (2003),Uncle Nino,Comedy,2003
31694,Bride & Prejudice (2004),Bride & Prejudice,Comedy|Musical|Romance,2004
31696,Constantine (2005),Constantine,Action|Fantasy|Horror|Thriller,2005
31698,Son of the Mask (2005),Son of the Mask,Adventure|Children|Comedy|Fantasy,2005
31700,Because of Winn-Dixie (2005),Because of Winn-Dixie,Children|Comedy|Drama,2005
31702,Turtles Can Fly (Lakposhtha hâm parvaz mikonand) (2004),Turtles Can Fly (Lakposhtha hâm parvaz mikonand),Drama|War,2004
31737,Bunny Lake Is Missing (1965),Bunny Lake Is Missing,Mystery|Thriller,1965
31804,Night Watch (Nochnoy dozor) (2004),Night Watch (Nochnoy dozor),Action|Fantasy|Horror|Mystery|Sci-Fi|Thriller,2004
31851,Sons of the Desert (1933),Sons of the Desert,Comedy,1933
31867,Man of the House (2005),Man of the House,Action|Comedy,2005
31878,Kung Fu Hustle (Gong fu) (2004),Kung Fu Hustle (Gong fu),Action|Comedy,2004
31903,Zelary (2003),Zelary,Drama|Romance,2003
31909,Dr. Giggles (1992),Dr. Giggles,Comedy|Horror,1992
31921,"Seven-Per-Cent Solution, The (1976)","Seven-Per-Cent Solution, The",Adventure|Comedy|Crime|Drama|Mystery|Thriller,1976
31923,"Three Musketeers, The (1973)","Three Musketeers, The",Action|Adventure|Comedy,1973
31925,Royal Flash (1975),Royal Flash,Adventure|Comedy|Romance,1975
31952,Control (Kontroll) (2003),Control (Kontroll),Comedy|Crime|Drama|Mystery,2003
31973,Germany Year Zero (Germania anno zero) (Deutschland im Jahre Null) (1948),Germany Year Zero (Germania anno zero) (Deutschland im Jahre Null),Drama|War,1948
32009,Tyler Perry's Diary of a Mad Black Woman (2005),Tyler Perry's Diary of a Mad Black Woman,Comedy|Drama|Romance,2005
32011,Cursed (2005),Cursed,Horror|Thriller,2005
32017,"Pacifier, The (2005)","Pacifier, The",Action|Comedy,2005
32019,Be Cool (2005),Be Cool,Comedy|Crime|Musical,2005
32022,Gunner Palace (2004),Gunner Palace,Documentary|War,2004
32029,Hostage (2005),Hostage,Action|Crime|Drama|Thriller,2005
32031,Robots (2005),Robots,Adventure|Animation|Children|Comedy|Fantasy|Sci-Fi|IMAX,2005
32058,Class Action (1991),Class Action,Drama,1991
32060,"Cat and the Canary, The (1927)","Cat and the Canary, The",Horror|Mystery,1927
32116,"Oh, God! You Devil (1984)","Oh, God! You Devil",Comedy,1984
32139,"Agony and the Ecstasy, The (1965)","Agony and the Ecstasy, The",Drama,1965
32160,Twentieth Century (1934),Twentieth Century,Comedy,1934
32179,Elevator to the Gallows (a.k.a. Frantic) (Ascenseur pour l'échafaud) (1958),Elevator to the Gallows (a.k.a. Frantic) (Ascenseur pour l'échafaud),Crime|Drama|Thriller,1958
32213,Cube Zero (2004),Cube Zero,Horror|Mystery|Sci-Fi|Thriller,2004
32234,Julia (1977),Julia,Drama,1977
32243,Stealing Rembrandt (Rembrandt) (2003),Stealing Rembrandt (Rembrandt),Action|Comedy|Crime,2003
32289,Ice Princess (2005),Ice Princess,Children|Comedy|Drama,2005
32291,Melinda and Melinda (2004),Melinda and Melinda,Comedy|Drama,2004
32294,Milk and Honey (2003),Milk and Honey,Drama,2003
32296,Miss Congeniality 2: Armed and Fabulous (2005),Miss Congeniality 2: Armed and Fabulous,Adventure|Comedy|Crime,2005
32298,Guess Who (2005),Guess Who,Comedy|Romance,2005
32300,D.E.B.S. (2004),D.E.B.S.,Action|Comedy,2004
32302,"League of Ordinary Gentlemen, A (2004)","League of Ordinary Gentlemen, A",Documentary,2004
32314,Incident at Loch Ness (2004),Incident at Loch Ness,Adventure|Comedy|Documentary,2004
32371,Call Northside 777 (1948),Call Northside 777,Crime|Drama|Film-Noir,1948
32387,"Sword of Doom, The (Dai-bosatsu tôge) (1966)","Sword of Doom, The (Dai-bosatsu tôge)",Action|Drama,1966
32392,800 Bullets (800 Balas) (2002),800 Bullets (800 Balas),Comedy|Crime|Drama|Western,2002
32440,If Looks Could Kill (1991),If Looks Could Kill,Action|Comedy,1991
32442,Greedy (1994),Greedy,Comedy,1994
32456,"Pom Poko (a.k.a. Raccoon War, The) (Heisei tanuki gassen pompoko) (1994)","Pom Poko (a.k.a. Raccoon War, The) (Heisei tanuki gassen pompoko)",Animation|Comedy|Drama|Fantasy,1994
32460,Knockin' on Heaven's Door (1997),Knockin' on Heaven's Door,Action|Comedy|Crime|Drama,1997
32469,We're No Angels (1955),We're No Angels,Comedy|Crime|Drama,1955
32511,"Touch of Zen, A (Xia nu) (1971)","Touch of Zen, A (Xia nu)",Action|Adventure,1971
32515,Walker (1987),Walker,Adventure|Drama|War|Western,1987
32554,Memories (Memorîzu) (1995),Memories (Memorîzu),Animation|Fantasy|Sci-Fi|Thriller,1995
32582,"Wild Parrots of Telegraph Hill, The (2003)","Wild Parrots of Telegraph Hill, The",Documentary,2003
32584,"Ballad of Jack and Rose, The (2005)","Ballad of Jack and Rose, The",Drama,2005
32587,Sin City (2005),Sin City,Action|Crime|Film-Noir|Mystery|Thriller,2005
32589,Beauty Shop (2005),Beauty Shop,Comedy,2005
32596,Sahara (2005),Sahara,Action|Adventure|Comedy,2005
32598,Fever Pitch (2005),Fever Pitch,Comedy|Romance,2005
32600,Eros (2004),Eros,Drama,2004
32620,Not on the Lips (Pas sur la bouche) (2003),Not on the Lips (Pas sur la bouche),Comedy|Musical|Romance,2003
32632,Electra Glide in Blue (1973),Electra Glide in Blue,Action|Crime,1973
32649,"Special Day, A (Giornata particolare, Una) (1977)","Special Day, A (Giornata particolare, Una)",Drama|War,1977
32657,"Man Who Planted Trees, The (Homme qui plantait des arbres, L') (1987)","Man Who Planted Trees, The (Homme qui plantait des arbres, L')",Animation|Drama,1987
32659,Tanguy (2001),Tanguy,Comedy,2001
32666,National Lampoon's Lady Killers (National Lampoon's Gold Diggers) (2003),National Lampoon's Lady Killers (National Lampoon's Gold Diggers),Comedy,2003
32728,"Little Girl Who Lives Down the Lane, The (1976)","Little Girl Who Lives Down the Lane, The",Drama|Mystery|Thriller,1976
32743,Ringu 0: Bâsudei (2000),Ringu 0: Bâsudei,Drama|Horror|Thriller,2000
32770,Brothers (Brødre) (2004),Brothers (Brødre),Drama,2004
32799,Maidens in Uniform (Mädchen in Uniform) (1931),Maidens in Uniform (Mädchen in Uniform),Drama|Romance,1931
32862,With Six You Get Eggroll (1968),With Six You Get Eggroll,Comedy|Romance,1968
32875,Holiday (Jour de fête) (1949),Holiday (Jour de fête),Comedy,1949
32892,Ivan's Childhood (a.k.a. My Name is Ivan) (Ivanovo detstvo) (1962),Ivan's Childhood (a.k.a. My Name is Ivan) (Ivanovo detstvo),Drama|War,1962
32898,"Trip to the Moon, A (Voyage dans la lune, Le) (1902)","Trip to the Moon, A (Voyage dans la lune, Le)",Action|Adventure|Fantasy|Sci-Fi,1902
32906,"Ascent, The (Voskhozhdeniye) (1977)","Ascent, The (Voskhozhdeniye)",Drama|War,1977
32914,Carrie (2002),Carrie,Drama|Horror|Thriller,2002
32917,Boccaccio '70 (1962),Boccaccio '70,Comedy|Fantasy|Romance,1962
33004,"Hitchhiker's Guide to the Galaxy, The (2005)","Hitchhiker's Guide to the Galaxy, The",Adventure|Comedy|Sci-Fi,2005
33085,"Amityville Horror, The (2005)","Amityville Horror, The",Horror|Thriller,2005
33090,Mutant Aliens (2001),Mutant Aliens,Animation|Comedy|Sci-Fi,2001
33124,Before the Fall (NaPolA - Elite für den Führer) (2004),Before the Fall (NaPolA - Elite für den Führer),Drama|War,2004
33126,"Frisco Kid, The (1979)","Frisco Kid, The",Comedy|Western,1979
33132,State Property 2 (2005),State Property 2,Action|Crime|Drama,2005
33138,Palindromes (2004),Palindromes,Adventure|Comedy|Drama,2004
33145,"Lot Like Love, A (2005)","Lot Like Love, A",Comedy|Drama|Romance,2005
33148,King's Ransom (2005),King's Ransom,Comedy|Crime,2005
33154,Enron: The Smartest Guys in the Room (2005),Enron: The Smartest Guys in the Room,Documentary,2005
33158,xXx: State of the Union (2005),xXx: State of the Union,Action|Crime|Thriller,2005
33162,Kingdom of Heaven (2005),Kingdom of Heaven,Action|Drama|Romance|War,2005
33164,House of Wax (2005),House of Wax,Horror|Thriller,2005
33166,Crash (2004),Crash,Crime|Drama,2004
33171,Mysterious Skin (2004),Mysterious Skin,Drama|Mystery,2004
33188,Mischief (1985),Mischief,Comedy|Romance,1985
33201,Between Your Legs (Entre las piernas) (1999),Between Your Legs (Entre las piernas),Drama|Mystery|Romance|Thriller,1999
33237,San Francisco (1936),San Francisco,Drama|Musical|Romance,1936
33294,Vampire Hunter D (1985),Vampire Hunter D,Animation|Fantasy|Horror,1985
33310,"Common Thread, A (a.k.a. Sequins) (Brodeuses) (2004)","Common Thread, A (a.k.a. Sequins) (Brodeuses)",Drama|Romance,2004
33312,"Cocoanuts, The (1929)","Cocoanuts, The",Comedy|Musical,1929
33421,Dear Wendy (2005),Dear Wendy,Drama,2005
33435,Los Angeles Plays Itself (2003),Los Angeles Plays Itself,Documentary,2003
33437,Unleashed (Danny the Dog) (2005),Unleashed (Danny the Dog),Action|Crime|Drama|Thriller,2005
33493,Star Wars: Episode III - Revenge of the Sith (2005),Star Wars: Episode III - Revenge of the Sith,Action|Adventure|Sci-Fi,2005
33495,Kicking & Screaming (2005),Kicking & Screaming,Comedy,2005
33499,Monster-in-Law (2005),Monster-in-Law,Comedy|Romance,2005
33558,"Snow Walker, The (2003)","Snow Walker, The",Adventure|Drama,2003
33564,Divorce - Italian Style (Divorzio all'italiana) (1961),Divorce - Italian Style (Divorzio all'italiana),Comedy,1961
33615,Madagascar (2005),Madagascar,Adventure|Animation|Children|Comedy,2005
33629,Airborne (1993),Airborne,Adventure|Comedy,1993
33639,Mad Hot Ballroom (2005),Mad Hot Ballroom,Children|Documentary,2005
33644,Dominion: Prequel to the Exorcist (2005),Dominion: Prequel to the Exorcist,Horror|Thriller,2005
33646,"Longest Yard, The (2005)","Longest Yard, The",Comedy|Drama,2005
33649,Saving Face (2004),Saving Face,Comedy|Drama|Romance,2004
33660,Cinderella Man (2005),Cinderella Man,Drama|Romance,2005
33669,"Sisterhood of the Traveling Pants, The (2005)","Sisterhood of the Traveling Pants, The",Adventure|Comedy|Drama,2005
33672,Lords of Dogtown (2005),Lords of Dogtown,Action|Comedy|Drama,2005
33677,Rock School (2005),Rock School,Documentary,2005
33679,Mr. & Mrs. Smith (2005),Mr. & Mrs. Smith,Action|Adventure|Comedy|Romance,2005
33681,"Adventures of Sharkboy and Lavagirl 3-D, The (2005)","Adventures of Sharkboy and Lavagirl 3-D, The",Action|Adventure|Children|Fantasy,2005
33683,High Tension (Haute tension) (Switchblade Romance) (2003),High Tension (Haute tension) (Switchblade Romance),Horror|Thriller,2003
33725,It's All Gone Pete Tong (2004),It's All Gone Pete Tong,Comedy|Drama|Musical,2004
33779,Eddie Izzard: Dress to Kill (1999),Eddie Izzard: Dress to Kill,Comedy,1999
33781,Quo Vadis (1951),Quo Vadis,Drama|Romance,1951
33794,Batman Begins (2005),Batman Begins,Action|Crime|IMAX,2005
33801,Godzilla: Final Wars (Gojira: Fainaru uôzu) (2004),Godzilla: Final Wars (Gojira: Fainaru uôzu),Action|Adventure|Fantasy|Sci-Fi,2004
33815,"Perfect Man, The (2005)","Perfect Man, The",Comedy|Drama|Romance,2005
33826,Saint Ralph (2004),Saint Ralph,Comedy|Drama,2004
33830,Herbie: Fully Loaded (2005),Herbie: Fully Loaded,Adventure|Comedy|Romance,2005
33834,Land of the Dead (2005),Land of the Dead,Action|Horror|Thriller,2005
33836,Bewitched (2005),Bewitched,Comedy|Fantasy|Romance,2005
33838,Rize (2005),Rize,Documentary,2005
33880,Me and You and Everyone We Know (2005),Me and You and Everyone We Know,Comedy|Drama,2005
33893,"Perfect Crime, The (Crimen Ferpecto) (Ferpect Crime) (2004)","Perfect Crime, The (Crimen Ferpecto) (Ferpect Crime)",Comedy|Crime|Thriller,2004
33896,3 Extremes (Three... Extremes) (Saam gaang yi) (2004),3 Extremes (Three... Extremes) (Saam gaang yi),Horror,2004
33903,"Edukators, The (Die Fetten Jahre sind vorbei) (2004)","Edukators, The (Die Fetten Jahre sind vorbei)",Comedy|Crime|Drama|Romance,2004
33966,Cop and ½ (1993),Cop and ½,Comedy,1993
34018,At the Circus (1939),At the Circus,Comedy|Musical,1939
34048,War of the Worlds (2005),War of the Worlds,Action|Adventure|Sci-Fi|Thriller,2005
34072,"March of the Penguins (Marche de l'empereur, La) (2005)","March of the Penguins (Marche de l'empereur, La)",Documentary,2005
34129,Rebound (2005),Rebound,Comedy,2005
34143,Dark Water (2005),Dark Water,Drama|Horror|Thriller,2005
34148,"Beat That My Heart Skipped, The (battre mon coeur s'est arrêté, De) (2005)","Beat That My Heart Skipped, The (battre mon coeur s'est arrêté, De)",Drama,2005
34150,Fantastic Four (2005),Fantastic Four,Action|Adventure|Sci-Fi,2005
34153,Murderball (2005),Murderball,Documentary,2005
34162,Wedding Crashers (2005),Wedding Crashers,Comedy|Romance,2005
34164,Happy Endings (2005),Happy Endings,Comedy|Drama,2005
34271,Hustle & Flow (2005),Hustle & Flow,Crime|Drama,2005
34292,Hardware (1990),Hardware,Action|Horror|Sci-Fi,1990
34312,"Calcium Kid, The (2004)","Calcium Kid, The",Comedy,2004
34319,"Island, The (2005)","Island, The",Action|Sci-Fi|Thriller,2005
34321,Bad News Bears (2005),Bad News Bears,Children|Comedy,2005
34323,"Devil's Rejects, The (2005)","Devil's Rejects, The",Action|Crime|Horror,2005
34326,Last Days (2005),Last Days,Drama,2005
34330,November (2004),November,Drama|Mystery,2004
34332,Sky High (2005),Sky High,Action|Adventure|Children|Comedy,2005
34334,Stealth (2005),Stealth,Action|Adventure|Sci-Fi|Thriller,2005
34336,Must Love Dogs (2005),Must Love Dogs,Comedy|Romance,2005
34338,"Aristocrats, The (2005)","Aristocrats, The",Comedy|Documentary,2005
34359,Georgy Girl (1966),Georgy Girl,Comedy,1966
34397,"Order, The (2001)","Order, The",Action|Adventure|Drama|Thriller,2001
34405,Serenity (2005),Serenity,Action|Adventure|Sci-Fi,2005
34437,Broken Flowers (2005),Broken Flowers,Comedy|Drama,2005
34450,Miracles - Mr. Canton and Lady Rose (1989),Miracles - Mr. Canton and Lady Rose,Action|Comedy|Crime|Drama,1989
34482,"Browning Version, The (1951)","Browning Version, The",Drama,1951
34520,"Dukes of Hazzard, The (2005)","Dukes of Hazzard, The",Action|Adventure|Comedy,2005
34523,The Chumscrubber (2005),The Chumscrubber,Comedy|Drama,2005
34528,Junebug (2005),Junebug,Comedy|Drama,2005
34530,Deuce Bigalow: European Gigolo (2005),Deuce Bigalow: European Gigolo,Comedy,2005
34532,"Skeleton Key, The (2005)","Skeleton Key, The",Drama|Horror|Mystery|Thriller,2005
34534,Four Brothers (2005),Four Brothers,Action|Crime|Drama,2005
34536,The Great Raid (2005),The Great Raid,Action|Drama|War,2005
34540,Pretty Persuasion (2005),Pretty Persuasion,Comedy|Drama,2005
34542,Grizzly Man (2005),Grizzly Man,Documentary,2005
34800,Private Resort (1985),Private Resort,Comedy,1985
34811,Pusher II: With Blood on My Hands (2004),Pusher II: With Blood on My Hands,Action|Crime|Drama|Thriller,2004
35015,Duma (2005),Duma,Adventure|Drama,2005
35347,Animal Farm (1954),Animal Farm,Animation|Drama,1954
35807,"Teahouse of the August Moon, The (1956)","Teahouse of the August Moon, The",Comedy,1956
35836,"40-Year-Old Virgin, The (2005)","40-Year-Old Virgin, The",Comedy|Romance,2005
35957,Red Eye (2005),Red Eye,Horror|Thriller,2005
36276,Hidden (a.k.a. Cache) (Caché) (2005),Hidden (a.k.a. Cache) (Caché),Drama|Mystery|Thriller,2005
36289,Asterix & Obelix vs. Caesar (Astérix et Obélix contre César) (1999),Asterix & Obelix vs. Caesar (Astérix et Obélix contre César),Adventure|Children|Comedy|Fantasy,1999
36363,Kin-Dza-Dza! (1986),Kin-Dza-Dza!,Comedy|Drama|Sci-Fi,1986
36397,Valiant (2005),Valiant,Adventure|Animation|Children|Comedy|Fantasy|War,2005
36401,"Brothers Grimm, The (2005)","Brothers Grimm, The",Comedy|Fantasy|Horror|Thriller,2005
36477,"Baxter, The (2005)","Baxter, The",Comedy|Drama|Romance,2005
36509,"Cave, The (2005)","Cave, The",Action|Adventure|Horror|Mystery|Sci-Fi|Thriller,2005
36517,"Constant Gardener, The (2005)","Constant Gardener, The",Drama|Thriller,2005
36519,Transporter 2 (2005),Transporter 2,Action|Crime|Thriller,2005
36525,Just Like Heaven (2005),Just Like Heaven,Comedy|Fantasy|Romance,2005
36527,Proof (2005),Proof,Drama,2005
36529,Lord of War (2005),Lord of War,Action|Crime|Drama|Thriller|War,2005
36533,Cry_Wolf (a.k.a. Cry Wolf) (2005),Cry_Wolf (a.k.a. Cry Wolf),Drama|Horror|Mystery|Thriller,2005
36535,Everything Is Illuminated (2005),Everything Is Illuminated,Comedy|Drama,2005
36537,Thumbsucker (2005),Thumbsucker,Comedy|Drama,2005
36708,Family Guy Presents Stewie Griffin: The Untold Story (2005),Family Guy Presents Stewie Griffin: The Untold Story,Adventure|Animation|Comedy,2005
36850,Police Story 2 (Ging chaat goo si juk jaap) (1988),Police Story 2 (Ging chaat goo si juk jaap),Action|Comedy|Crime|Thriller,1988
36931,New Police Story (Xin jing cha gu shi) (2004),New Police Story (Xin jing cha gu shi),Action|Crime|Drama,2004
37211,Go West (1940),Go West,Comedy|Musical|Western,1940
37240,Why We Fight (2005),Why We Fight,Documentary,2005
37380,Doom (2005),Doom,Action|Horror|Sci-Fi,2005
37382,Domino (2005),Domino,Crime|Drama|Thriller,2005
37384,Waiting... (2005),Waiting...,Comedy,2005
37386,Aeon Flux (2005),Aeon Flux,Action|Sci-Fi,2005
37444,Frankenstein 90 (1984),Frankenstein 90,Comedy|Horror|Romance,1984
37475,"Unfinished Life, An (2005)","Unfinished Life, An",Drama,2005
37477,"Man, The (2005)","Man, The",Action|Comedy|Crime,2005
37495,Survive Style 5+ (2004),Survive Style 5+,Fantasy|Mystery|Romance|Thriller,2004
37545,Woyzeck (1979),Woyzeck,Drama,1979
37720,"Exorcism of Emily Rose, The (2005)","Exorcism of Emily Rose, The",Crime|Drama|Horror|Thriller,2005
37727,Flightplan (2005),Flightplan,Action|Drama|Thriller,2005
37729,Corpse Bride (2005),Corpse Bride,Animation|Comedy|Fantasy|Musical|Romance,2005
37731,Green Street Hooligans (a.k.a. Hooligans) (2005),Green Street Hooligans (a.k.a. Hooligans),Crime|Drama,2005
37733,"History of Violence, A (2005)","History of Violence, A",Action|Crime|Drama|Thriller,2005
37736,Oliver Twist (2005),Oliver Twist,Drama,2005
37739,"Greatest Game Ever Played, The (2005)","Greatest Game Ever Played, The",Drama,2005
37741,Capote (2005),Capote,Crime|Drama,2005
37830,Final Fantasy VII: Advent Children (2004),Final Fantasy VII: Advent Children,Action|Adventure|Animation|Fantasy|Sci-Fi,2004
37844,Roll Bounce (2005),Roll Bounce,Comedy|Drama|Romance,2005
37853,Into the Blue (2005),Into the Blue,Action|Adventure|Crime|Thriller,2005
37857,MirrorMask (2005),MirrorMask,Adventure|Children|Drama|Fantasy,2005
38038,Wallace & Gromit in The Curse of the Were-Rabbit (2005),Wallace & Gromit in The Curse of the Were-Rabbit,Adventure|Animation|Children|Comedy,2005
38061,Kiss Kiss Bang Bang (2005),Kiss Kiss Bang Bang,Comedy|Crime|Mystery|Thriller,2005
38095,"Bittersweet Life, A (Dalkomhan insaeng) (2005)","Bittersweet Life, A (Dalkomhan insaeng)",Action|Crime|Drama,2005
38159,"Short Film About Love, A (Krótki film o milosci) (1988)","Short Film About Love, A (Krótki film o milosci)",Drama|Romance,1988
38164,"All This, and Heaven Too (1940)","All This, and Heaven Too",Drama|Romance,1940
38198,Darwin's Nightmare (2004),Darwin's Nightmare,Documentary,2004
38294,Beowulf & Grendel (2005),Beowulf & Grendel,Action|Adventure|Drama|Fantasy,2005
38304,No Direction Home: Bob Dylan (2005),No Direction Home: Bob Dylan,Documentary,2005
38388,Goal! The Dream Begins (Goal!) (2005),Goal! The Dream Begins (Goal!),Drama,2005
38583,"Wraith, The (1986)","Wraith, The",Action|Horror|Sci-Fi|Thriller,1986
38798,In Her Shoes (2005),In Her Shoes,Comedy|Drama,2005
38886,"Squid and the Whale, The (2005)","Squid and the Whale, The",Comedy|Drama,2005
38992,Two for the Money (2005),Two for the Money,Drama,2005
39183,Brokeback Mountain (2005),Brokeback Mountain,Drama|Romance,2005
39231,Elizabethtown (2005),Elizabethtown,Comedy|Drama|Romance,2005
39234,North Country (2005),North Country,Drama,2005
39292,"Good Night, and Good Luck. (2005)","Good Night, and Good Luck.",Crime|Drama,2005
39307,Dreamer: Inspired by a True Story (2005),Dreamer: Inspired by a True Story,Children|Drama,2005
39381,"Proposition, The (2005)","Proposition, The",Crime|Drama|Western,2005
39400,"Fog, The (2005)","Fog, The",Action|Horror|Mystery|Thriller,2005
39414,Shopgirl (2005),Shopgirl,Comedy|Drama|Romance,2005
39427,Stay (2005),Stay,Thriller,2005
39435,"Legend of Zorro, The (2005)","Legend of Zorro, The",Action|Adventure|Drama|Western,2005
39444,"Weather Man, The (2005)","Weather Man, The",Comedy|Drama,2005
39446,Saw II (2005),Saw II,Horror|Thriller,2005
39449,Prime (2005),Prime,Comedy|Drama|Romance,2005
39516,Don't Move (Non ti muovere) (2004),Don't Move (Non ti muovere),Drama,2004
39715,American Pie Presents: Band Camp (American Pie 4: Band Camp) (2005),American Pie Presents: Band Camp (American Pie 4: Band Camp),Comedy,2005
39801,"Great Yokai War, The (Yôkai daisensô) (2005)","Great Yokai War, The (Yôkai daisensô)",Adventure|Comedy|Fantasy|Horror,2005
39869,Manderlay (2005),Manderlay,Drama,2005
40148,Revolver (2005),Revolver,Crime|Drama|Thriller,2005
40278,Jarhead (2005),Jarhead,Action|Drama|War,2005
40339,Chicken Little (2005),Chicken Little,Action|Adventure|Animation|Children|Comedy|Sci-Fi,2005
40412,Dead Man's Shoes (2004),Dead Man's Shoes,Crime|Thriller,2004
40414,Joyeux Noël (Merry Christmas) (2005),Joyeux Noël (Merry Christmas),Drama|War,2005
40478,Night of the Lepus (1972),Night of the Lepus,Horror|Sci-Fi|Thriller,1972
40491,"Match Factory Girl, The (Tulitikkutehtaan tyttö) (1990)","Match Factory Girl, The (Tulitikkutehtaan tyttö)",Comedy|Drama,1990
40578,Sword of the Beast (Kedamono no ken) (1965),Sword of the Beast (Kedamono no ken),Action|Drama,1965
40581,Just Friends (2005),Just Friends,Comedy|Romance,2005
40583,Syriana (2005),Syriana,Drama|Thriller,2005
40597,One-Way Ticket to Mombasa (Menolippu Mombasaan) (2002),One-Way Ticket to Mombasa (Menolippu Mombasaan),Comedy|Drama,2002
40614,Derailed (2005),Derailed,Drama|Thriller,2005
40617,Creep (2004),Creep,Horror|Thriller,2004
40629,Pride & Prejudice (2005),Pride & Prejudice,Drama|Romance,2005
40697,Babylon 5,Babylon 5,Sci-Fi,1999
40723,Wolf Creek (2005),Wolf Creek,Crime|Horror|Thriller,2005
40732,"Descent, The (2005)","Descent, The",Adventure|Drama|Horror|Thriller,2005
40815,Harry Potter and the Goblet of Fire (2005),Harry Potter and the Goblet of Fire,Adventure|Fantasy|Thriller|IMAX,2005
40819,Walk the Line (2005),Walk the Line,Drama|Musical|Romance,2005
40826,Rent (2005),Rent,Drama|Musical|Romance,2005
40851,Zathura (2005),Zathura,Action|Adventure|Children|Fantasy,2005
40870,C.R.A.Z.Y. (2005),C.R.A.Z.Y.,Drama,2005
40946,Sarah Silverman: Jesus Is Magic (2005),Sarah Silverman: Jesus Is Magic,Comedy|Musical,2005
40955,Breakfast on Pluto (2005),Breakfast on Pluto,Comedy|Drama,2005
40959,"Ice Harvest, The (2005)","Ice Harvest, The",Action|Comedy|Crime|Thriller,2005
40962,"Yours, Mine and Ours (2005)","Yours, Mine and Ours",Comedy|Romance,2005
40966,"Libertine, The (2004)","Libertine, The",Drama,2004
41014,"Bird with the Crystal Plumage, The (Uccello dalle piume di cristallo, L') (1970)","Bird with the Crystal Plumage, The (Uccello dalle piume di cristallo, L')",Crime|Horror|Mystery|Thriller,1970
41285,Match Point (2005),Match Point,Crime|Drama|Romance,2005
41527,Paradise Now (2005),Paradise Now,Crime|Drama|Thriller|War,2005
41566,"Chronicles of Narnia: The Lion, the Witch and the Wardrobe, The (2005)","Chronicles of Narnia: The Lion, the Witch and the Wardrobe, The",Adventure|Children|Fantasy,2005
41569,King Kong (2005),King Kong,Action|Adventure|Drama|Fantasy|Thriller,2005
41571,Memoirs of a Geisha (2005),Memoirs of a Geisha,Drama|Romance,2005
41573,"Family Stone, The (2005)","Family Stone, The",Comedy|Drama|Romance,2005
41617,Havoc (2005),Havoc,Crime|Drama|Romance,2005
41627,Samurai Rebellion (Jôi-uchi: Hairyô tsuma shimatsu) (1967),Samurai Rebellion (Jôi-uchi: Hairyô tsuma shimatsu),Action|Drama,1967
41712,"Room for Romeo Brass, A (1999)","Room for Romeo Brass, A",Comedy|Drama,1999
41716,"Matador, The (2005)","Matador, The",Comedy|Drama|Thriller,2005
41724,Wal-Mart: The High Cost of Low Price (2005),Wal-Mart: The High Cost of Low Price,Documentary,2005
41769,Mozart and the Whale (2005),Mozart and the Whale,Comedy|Drama|Romance,2005
41828,Don't Look Now: We're Being Shot At (La grande vadrouille) (1966),Don't Look Now: We're Being Shot At (La grande vadrouille),Comedy|War,1966
41863,"Three Burials of Melquiades Estrada, The (2006)","Three Burials of Melquiades Estrada, The",Adventure|Crime|Drama,2006
41997,Munich (2005),Munich,Action|Crime|Drama|Thriller,2005
42002,"Producers, The (2005)","Producers, The",Comedy|Musical,2005
42004,Transamerica (2005),Transamerica,Adventure|Comedy|Drama,2005
42007,Rumor Has It... (2005),Rumor Has It...,Comedy|Drama|Romance,2005
42009,Cheaper by the Dozen 2 (2005),Cheaper by the Dozen 2,Adventure|Comedy,2005
42011,Fun with Dick and Jane (2005),Fun with Dick and Jane,Comedy|Crime,2005
42013,"Ringer, The (2005)","Ringer, The",Comedy,2005
42015,Casanova (2005),Casanova,Action|Adventure|Comedy|Drama|Romance,2005
42018,Mrs. Henderson Presents (2005),Mrs. Henderson Presents,Comedy|Drama,2005
42176,"Ear, The (Ucho) (1970)","Ear, The (Ucho)",Drama|Thriller,1970
42191,Luxo Jr. (1986),Luxo Jr.,Animation|Children,1986
42285,"Dentist, The (1996)","Dentist, The",Horror|Thriller,1996
42418,"New World, The (2005)","New World, The",Adventure|Drama|Romance,2005
42422,Voices of a Distant Star (Hoshi no koe) (2003),Voices of a Distant Star (Hoshi no koe),Animation|Drama|Romance|Sci-Fi,2003
42556,7 Faces of Dr. Lao (1964),7 Faces of Dr. Lao,Fantasy|Mystery|Western,1964
42559,Samurai Assassin (Samurai) (1965),Samurai Assassin (Samurai),Action|Adventure|Drama,1965
42602,"Boys of Baraka, The (2005)","Boys of Baraka, The",Documentary,2005
42632,Lady Vengeance (Sympathy for Lady Vengeance) (Chinjeolhan geumjassi) (2005),Lady Vengeance (Sympathy for Lady Vengeance) (Chinjeolhan geumjassi),Crime|Drama|Mystery|Thriller,2005
42638,Grand Theft Parsons (2003),Grand Theft Parsons,Comedy|Drama,2003
42718,District 13 (Banlieue 13) (2004),District 13 (Banlieue 13),Action|Crime|Sci-Fi,2004
42723,Hostel (2005),Hostel,Horror,2005
42725,Grandma's Boy (2006),Grandma's Boy,Comedy,2006
42728,Tristan & Isolde (2006),Tristan & Isolde,Drama|Romance,2006
42730,Glory Road (2006),Glory Road,Drama,2006
42732,Last Holiday (2006),Last Holiday,Comedy,2006
42734,Hoodwinked! (2005),Hoodwinked!,Animation|Children|Comedy,2005
42738,Underworld: Evolution (2006),Underworld: Evolution,Action|Fantasy|Horror,2006
42740,Looking for Comedy in the Muslim World (2005),Looking for Comedy in the Muslim World,Comedy,2005
42761,Casper Meets Wendy (1998),Casper Meets Wendy,Adventure|Children|Comedy|Fantasy,1998
42943,Revolution (1985),Revolution,Adventure|Drama|War,1985
42946,Project A ('A' gai waak) (1983),Project A ('A' gai waak),Action|Comedy,1983
43289,"Bird People in China, The (Chûgoku no chôjin) (1998)","Bird People in China, The (Chûgoku no chôjin)",Adventure|Comedy|Drama|Fantasy,1998
43333,Water (2005),Water,Drama|Romance,2005
43376,Sophie Scholl: The Final Days (Sophie Scholl - Die letzten Tage) (2005),Sophie Scholl: The Final Days (Sophie Scholl - Die letzten Tage),Drama|War,2005
43396,"World's Fastest Indian, The (2005)","World's Fastest Indian, The",Drama,2005
43419,Bandidas (2006),Bandidas,Action|Comedy|Crime|Western,2006
43460,Tristram Shandy: A Cock and Bull Story (2005),Tristram Shandy: A Cock and Bull Story,Comedy|Drama,2005
43549,Helter Skelter (2004),Helter Skelter,Action|Crime|Drama|Horror,2004
43556,Annapolis (2006),Annapolis,Drama,2006
43558,Big Momma's House 2 (2006),Big Momma's House 2,Action|Comedy|Crime,2006
43560,Nanny McPhee (2005),Nanny McPhee,Children|Comedy|Fantasy,2005
43677,"Tuskegee Airmen, The (1995)","Tuskegee Airmen, The",Drama|War,1995
43679,Final Destination 3 (2006),Final Destination 3,Horror|Mystery|Thriller,2006
43684,Something New (2006),Something New,Comedy|Drama|Romance,2006
43708,Block Party (a.k.a. Dave Chappelle's Block Party) (2005),Block Party (a.k.a. Dave Chappelle's Block Party),Comedy|Documentary,2005
43744,Imagine Me & You (2005),Imagine Me & You,Comedy|Drama|Romance,2005
43836,"Pink Panther, The (2006)","Pink Panther, The",Adventure|Comedy|Crime,2006
43869,Curious George (2006),Curious George,Adventure|Animation|Children|Comedy,2006
43871,Firewall (2006),Firewall,Crime|Drama|Thriller,2006
43904,When a Stranger Calls (2006),When a Stranger Calls,Horror|Thriller,2006
43908,London (2005),London,Drama,2005
43912,Freedomland (2006),Freedomland,Crime|Drama,2006
43914,Winter Passing (2005),Winter Passing,Drama,2005
43917,Eight Below (2006),Eight Below,Action|Adventure|Drama|Romance,2006
43919,Date Movie (2006),Date Movie,Comedy|Romance,2006
43921,Running Scared (2006),Running Scared,Action|Crime|Thriller,2006
43928,Ultraviolet (2006),Ultraviolet,Action|Fantasy|Sci-Fi|Thriller,2006
43930,Just My Luck (2006),Just My Luck,Comedy|Romance,2006
43932,Pulse (2006),Pulse,Action|Drama|Fantasy|Horror|Mystery|Sci-Fi|Thriller,2006
43936,16 Blocks (2006),16 Blocks,Crime|Thriller,2006
44004,Failure to Launch (2006),Failure to Launch,Comedy|Romance,2006
44020,Ultimate Avengers (2006),Ultimate Avengers,Action|Animation|Children|Sci-Fi,2006
44022,Ice Age 2: The Meltdown (2006),Ice Age 2: The Meltdown,Adventure|Animation|Children|Comedy,2006
44189,Ask the Dust (2006),Ask the Dust,Drama|Romance,2006
44191,V for Vendetta (2006),V for Vendetta,Action|Sci-Fi|Thriller|IMAX,2006
44193,She's the Man (2006),She's the Man,Comedy|Romance,2006
44195,Thank You for Smoking (2006),Thank You for Smoking,Comedy|Drama,2006
44197,Find Me Guilty (2006),Find Me Guilty,Comedy|Crime|Drama,2006
44199,Inside Man (2006),Inside Man,Crime|Drama|Thriller,2006
44204,Tsotsi (2005),Tsotsi,Crime|Drama,2005
44225,Aquamarine (2006),Aquamarine,Children|Comedy|Fantasy,2006
44238,Leprechaun 2 (1994),Leprechaun 2,Comedy|Fantasy|Horror,1994
44241,Leprechaun 3 (1995),Leprechaun 3,Comedy|Fantasy|Horror,1995
44243,Leprechaun 4: In Space (1997),Leprechaun 4: In Space,Comedy|Fantasy|Horror|Sci-Fi,1997
44301,Lights in the Dusk (Laitakaupungin valot) (2006),Lights in the Dusk (Laitakaupungin valot),Crime|Drama,2006
44397,"Hills Have Eyes, The (2006)","Hills Have Eyes, The",Drama|Horror|Thriller,2006
44399,"Shaggy Dog, The (2006)","Shaggy Dog, The",Adventure|Children|Comedy|Fantasy,2006
44511,Unknown White Male (2005),Unknown White Male,Documentary,2005
44555,"Lives of Others, The (Das leben der Anderen) (2006)","Lives of Others, The (Das leben der Anderen)",Drama|Romance|Thriller,2006
44597,Youth of the Beast (Yaju no seishun) (1963),Youth of the Beast (Yaju no seishun),Action|Crime|Mystery,1963
44613,Take the Lead (2006),Take the Lead,Drama,2006
44633,"Devil and Daniel Johnston, The (2005)","Devil and Daniel Johnston, The",Documentary,2005
44657,Mouchette (1967),Mouchette,Drama,1967
44665,Lucky Number Slevin (2006),Lucky Number Slevin,Crime|Drama|Mystery,2006
44694,Volver (2006),Volver,Comedy|Drama,2006
44709,Akeelah and the Bee (2006),Akeelah and the Bee,Drama,2006
44719,Brainstorm (2001),Brainstorm,Drama,2001
44731,Stay Alive (2006),Stay Alive,Horror|Sci-Fi|Thriller,2006
44759,Basic Instinct 2 (2006),Basic Instinct 2,Crime|Drama|Mystery|Thriller,2006
44761,Brick (2005),Brick,Crime|Drama|Film-Noir|Mystery,2005
44773,"Dead Hate the Living!, The (2000)","Dead Hate the Living!, The",Comedy|Horror,2000
44777,Evil Aliens (2005),Evil Aliens,Comedy|Horror|Sci-Fi,2005
44788,This Film Is Not Yet Rated (2006),This Film Is Not Yet Rated,Documentary,2006
44828,Slither (2006),Slither,Comedy|Horror|Sci-Fi,2006
44840,"Benchwarmers, The (2006)","Benchwarmers, The",Comedy,2006
44849,Renaissance (2006),Renaissance,Action|Animation|Film-Noir|Sci-Fi|Thriller,2006
44851,Go for Zucker! (Alles auf Zucker!) (2004),Go for Zucker! (Alles auf Zucker!),Comedy,2004
44864,Friends with Money (2006),Friends with Money,Comedy|Drama|Romance,2006
44889,Reefer Madness: The Movie Musical (2005),Reefer Madness: The Movie Musical,Comedy|Drama|Musical,2005
44929,Candy (2006),Candy,Drama|Romance,2006
44931,Secrets of a Soul (Geheimnisse einer Seele) (1926),Secrets of a Soul (Geheimnisse einer Seele),Drama,1926
44937,"Child, The (L'enfant) (2005)","Child, The (L'enfant)",Crime|Drama,2005
44943,9/11 (2002),9/11,Documentary,2002
44972,Scary Movie 4 (2006),Scary Movie 4,Comedy|Horror,2006
44974,Hard Candy (2005),Hard Candy,Drama|Thriller,2005
45028,"Prairie Home Companion, A (2006)","Prairie Home Companion, A",Comedy|Drama|Musical,2006
45062,"Sentinel, The (2006)","Sentinel, The",Crime|Drama|Thriller,2006
45074,"Wild, The (2006)","Wild, The",Adventure|Animation|Children|Comedy|Fantasy,2006
45081,Silent Hill (2006),Silent Hill,Fantasy|Horror|Thriller,2006
45106,American Dreamz (2006),American Dreamz,Comedy|Drama,2006
45175,Kinky Boots (2005),Kinky Boots,Comedy|Drama,2005
45183,"Protector, The (a.k.a. Warrior King) (Tom yum goong) (2005)","Protector, The (a.k.a. Warrior King) (Tom yum goong)",Action|Comedy|Crime|Thriller,2005
45186,Mission: Impossible III (2006),Mission: Impossible III,Action|Adventure|Thriller,2006
45208,RV (2006),RV,Adventure|Children|Comedy,2006
45210,United 93 (2006),United 93,Crime|Drama,2006
45221,Stick It (2006),Stick It,Comedy,2006
45361,"American Haunting, An (2005)","American Haunting, An",Drama|Horror|Mystery|Thriller,2005
45382,Down in the Valley (2005),Down in the Valley,Drama|Romance,2005
45431,Over the Hedge (2006),Over the Hedge,Adventure|Animation|Children|Comedy,2006
45440,Art School Confidential (2006),Art School Confidential,Comedy|Drama,2006
45442,Poseidon (2006),Poseidon,Action|Adventure|Thriller|IMAX,2006
45447,"Da Vinci Code, The (2006)","Da Vinci Code, The",Drama|Mystery|Thriller,2006
45499,X-Men: The Last Stand (2006),X-Men: The Last Stand,Action|Sci-Fi|Thriller,2006
45501,"Break-Up, The (2006)","Break-Up, The",Comedy|Drama|Romance,2006
45503,Peaceful Warrior (2006),Peaceful Warrior,Drama,2006
45517,Cars (2006),Cars,Animation|Children|Comedy,2006
45635,"Notorious Bettie Page, The (2005)","Notorious Bettie Page, The",Drama,2005
45648,Game 6 (2005),Game 6,Comedy|Drama,2005
45658,On a Clear Day (2005),On a Clear Day,Drama,2005
45662,"Omen, The (2006)","Omen, The",Horror|Thriller,2006
45666,Nacho Libre (2006),Nacho Libre,Comedy,2006
45668,"Lake House, The (2006)","Lake House, The",Drama|Fantasy|Romance,2006
45672,Click (2006),Click,Adventure|Comedy|Drama|Fantasy|Romance,2006
45720,"Devil Wears Prada, The (2006)","Devil Wears Prada, The",Comedy|Drama,2006
45722,Pirates of the Caribbean: Dead Man's Chest (2006),Pirates of the Caribbean: Dead Man's Chest,Action|Adventure|Fantasy,2006
45726,"You, Me and Dupree (2006)","You, Me and Dupree",Comedy,2006
45728,Clerks II (2006),Clerks II,Comedy,2006
45730,Lady in the Water (2006),Lady in the Water,Drama|Fantasy|Mystery,2006
45732,My Super Ex-Girlfriend (2006),My Super Ex-Girlfriend,Comedy|Fantasy|Romance,2006
45880,Marie Antoinette (2006),Marie Antoinette,Drama|Romance,2006
45928,Who Killed the Electric Car? (2006),Who Killed the Electric Car?,Documentary,2006
45950,"Inconvenient Truth, An (2006)","Inconvenient Truth, An",Documentary,2006
45969,Career Opportunities (1991),Career Opportunities,Comedy|Romance,1991
46062,High School Musical (2006),High School Musical,Children|Comedy|Drama|Musical|Romance,2006
46105,I Am a Sex Addict (2005),I Am a Sex Addict,Comedy|Documentary|Romance,2005
46231,Stoned (2005),Stoned,Drama,2005
46322,Jet Li's Fearless (Huo Yuan Jia) (2006),Jet Li's Fearless (Huo Yuan Jia),Action|Drama,2006
46335,"Fast and the Furious: Tokyo Drift, The (Fast and the Furious 3, The) (2006)","Fast and the Furious: Tokyo Drift, The (Fast and the Furious 3, The)",Action|Crime|Drama|Thriller,2006
46337,Garfield: A Tail of Two Kitties (2006),Garfield: A Tail of Two Kitties,Animation|Children|Comedy,2006
46347,Metal: A Headbanger's Journey (2005),Metal: A Headbanger's Journey,Documentary,2005
46367,"Public Eye, The (1992)","Public Eye, The",Crime|Thriller,1992
46530,Superman Returns (2006),Superman Returns,Action|Adventure|Sci-Fi|IMAX,2006
46559,"Road to Guantanamo, The (2006)","Road to Guantanamo, The",Drama|War,2006
46572,Edmond (2005),Edmond,Drama|Thriller,2005
46574,"OH in Ohio, The (2006)","OH in Ohio, The",Comedy,2006
46578,Little Miss Sunshine (2006),Little Miss Sunshine,Adventure|Comedy|Drama,2006
46664,"Fallen Idol, The (1948)","Fallen Idol, The",Drama|Mystery|Thriller,1948
46723,Babel (2006),Babel,Drama|Thriller,2006
46772,Strangers with Candy (2005),Strangers with Candy,Comedy,2005
46850,Wordplay (2006),Wordplay,Documentary,2006
46855,Army of Shadows (L'armée des ombres) (1969),Army of Shadows (L'armée des ombres),Action|Drama|Thriller|War,1969
46862,Orchestra Rehearsal (Prova d'orchestra) (1978),Orchestra Rehearsal (Prova d'orchestra),Drama,1978
46865,Little Man (2006),Little Man,Comedy,2006
46948,Monster House (2006),Monster House,Animation|Children|Fantasy|Mystery,2006
46965,Snakes on a Plane (2006),Snakes on a Plane,Action|Comedy|Horror|Thriller,2006
46967,Scoop (2006),Scoop,Comedy|Fantasy|Mystery,2006
46970,Talladega Nights: The Ballad of Ricky Bobby (2006),Talladega Nights: The Ballad of Ricky Bobby,Action|Comedy,2006
46972,Night at the Museum (2006),Night at the Museum,Action|Comedy|Fantasy|IMAX,2006
46974,World Trade Center (2006),World Trade Center,Drama,2006
46976,Stranger than Fiction (2006),Stranger than Fiction,Comedy|Drama|Fantasy|Romance,2006
47044,Miami Vice (2006),Miami Vice,Action|Crime|Drama|Thriller,2006
47099,"Pursuit of Happyness, The (2006)","Pursuit of Happyness, The",Drama,2006
47122,John Tucker Must Die (2006),John Tucker Must Die,Comedy|Romance,2006
47124,"Ant Bully, The (2006)","Ant Bully, The",Adventure|Animation|Children|Comedy|Fantasy|IMAX,2006
47200,Crank (2006),Crank,Action|Thriller,2006
47202,"Secret Life of Words, The (2005)","Secret Life of Words, The",Drama|Romance,2005
47254,Chaos (2005),Chaos,Action|Crime|Drama|Thriller,2005
47261,"Night Listener, The (2006)","Night Listener, The",Fantasy|Mystery|Thriller,2006
47382,Step Up (2006),Step Up,Drama|Romance,2006
47384,Zoom (2006),Zoom,Adventure|Comedy|Drama|Fantasy,2006
47404,Mind Game (2004),Mind Game,Adventure|Animation|Comedy|Fantasy|Romance|Sci-Fi,2004
47423,Half Nelson (2006),Half Nelson,Drama,2006
47446,"Moustache, La (2005)","Moustache, La",Drama|Mystery|Thriller,2005
47465,Tideland (2005),Tideland,Drama|Fantasy|Thriller,2005
47491,Adam's Apples (Adams æbler) (2005),Adam's Apples (Adams æbler),Comedy|Drama,2005
47516,Material Girls (2006),Material Girls,Children|Comedy|Drama,2006
47518,Accepted (2006),Accepted,Comedy,2006
47538,Crime Busters (1977),Crime Busters,Action|Adventure|Comedy|Crime,1977
47566,Born to Kill (1947),Born to Kill,Crime|Drama|Film-Noir,1947
47610,"Illusionist, The (2006)","Illusionist, The",Drama|Fantasy|Mystery|Romance,2006
47629,The Queen (2006),The Queen,Drama,2006
47640,Beerfest (2006),Beerfest,Comedy,2006
47644,Invincible (2006),Invincible,Drama,2006
47646,Idlewild (2006),Idlewild,Crime|Drama|Musical,2006
47721,"Red Balloon, The (Ballon rouge, Le) (1956)","Red Balloon, The (Ballon rouge, Le)",Children|Fantasy,1956
47725,Angel-A (2005),Angel-A,Comedy|Drama|Fantasy|Romance,2005
47736,"Chump at Oxford, A (1940)","Chump at Oxford, A",Comedy,1940
47774,"Icicle Thief, The (Ladri di saponette) (1989)","Icicle Thief, The (Ladri di saponette)",Comedy|Fantasy,1989
47793,"Puffy Chair, The (2006)","Puffy Chair, The",Drama|Romance,2006
47810,"Wicker Man, The (2006)","Wicker Man, The",Horror|Mystery|Thriller,2006
47894,"Wind That Shakes the Barley, The (2006)","Wind That Shakes the Barley, The",Drama|War,2006
47937,Severance (2006),Severance,Comedy|Horror|Thriller,2006
47950,Hollywoodland (2006),Hollywoodland,Crime|Drama|Mystery|Thriller,2006
47952,"Covenant, The (2006)","Covenant, The",Action|Horror|Thriller,2006
47970,"Last Kiss, The (2006)","Last Kiss, The",Comedy|Drama,2006
47978,SherryBaby (2006),SherryBaby,Drama,2006
47997,Idiocracy (2006),Idiocracy,Adventure|Comedy|Sci-Fi|Thriller,2006
47999,Jesus Camp (2006),Jesus Camp,Documentary|Drama,2006
48001,"Bow, The (Hwal) (2005)","Bow, The (Hwal)",Drama|Romance,2005
48032,"Tiger and the Snow, The (La tigre e la neve) (2005)","Tiger and the Snow, The (La tigre e la neve)",Comedy|Drama|Romance|War,2005
48043,"Fountain, The (2006)","Fountain, The",Drama|Fantasy|Romance,2006
48045,Fear City: A Family-Style Comedy (La cité de la peur) (1994),Fear City: A Family-Style Comedy (La cité de la peur),Comedy,1994
48082,"Science of Sleep, The (La science des rêves) (2006)","Science of Sleep, The (La science des rêves)",Comedy|Drama|Fantasy|Romance,2006
48142,"Black Dahlia, The (2006)","Black Dahlia, The",Crime|Drama|Mystery|Thriller,2006
48150,"Woods, The (2006)","Woods, The",Horror,2006
48161,Gridiron Gang (2006),Gridiron Gang,Drama,2006
48214,Land of Plenty (Angst and Alienation in America) (2004),Land of Plenty (Angst and Alienation in America),Drama,2004
48262,"Bridge, The (2006)","Bridge, The",Documentary,2006
48304,Apocalypto (2006),Apocalypto,Adventure|Drama|Thriller,2006
48319,Flyboys (2006),Flyboys,Action|Adventure|Drama|War,2006
48322,Jackass Number Two (2006),Jackass Number Two,Comedy|Documentary,2006
48326,All the King's Men (2006),All the King's Men,Drama,2006
48342,Conversations with Other Women (2005),Conversations with Other Women,Comedy|Drama|Romance,2005
48385,Borat: Cultural Learnings of America for Make Benefit Glorious Nation of Kazakhstan (2006),Borat: Cultural Learnings of America for Make Benefit Glorious Nation of Kazakhstan,Comedy,2006
48394,"Pan's Labyrinth (Laberinto del fauno, El) (2006)","Pan's Labyrinth (Laberinto del fauno, El)",Drama|Fantasy|Thriller,2006
48412,"Guardian, The (2006)","Guardian, The",Action|Adventure|Drama,2006
48414,Open Season (2006),Open Season,Adventure|Animation|Children|Comedy|IMAX,2006
48416,School for Scoundrels (2006),School for Scoundrels,Comedy|Crime,2006
48516,"Departed, The (2006)","Departed, The",Crime|Drama|Thriller,2006
48518,"Texas Chainsaw Massacre: The Beginning, The (2006)","Texas Chainsaw Massacre: The Beginning, The",Horror|Thriller,2006
48520,Employee of the Month (2006),Employee of the Month,Comedy,2006
48560,Running With Scissors (2006),Running With Scissors,Comedy|Drama,2006
48593,Man of the Year (2006),Man of the Year,Comedy|Thriller,2006
48596,"Marine, The (2006)","Marine, The",Action|Drama|Thriller,2006
48598,Infamous (2006),Infamous,Drama,2006
48638,Fellini's Casanova (Il Casanova di Federico Fellini) (1976),Fellini's Casanova (Il Casanova di Federico Fellini),Drama|Romance,1976
48649,Chapayev (1934),Chapayev,Drama|War,1934
48678,Feast (2005),Feast,Action|Comedy|Horror|Thriller,2005
48696,Little Children (2006),Little Children,Drama|Romance,2006
48698,Deliver Us from Evil (2006),Deliver Us from Evil,Documentary,2006
48738,"Last King of Scotland, The (2006)","Last King of Scotland, The",Drama|Thriller,2006
48741,"U.S. vs. John Lennon, The (2006)","U.S. vs. John Lennon, The",Documentary,2006
48744,Shortbus (2006),Shortbus,Comedy|Drama|Romance,2006
48774,Children of Men (2006),Children of Men,Action|Adventure|Drama|Sci-Fi|Thriller,2006
48780,"Prestige, The (2006)","Prestige, The",Drama|Mystery|Sci-Fi|Thriller,2006
48783,Flags of Our Fathers (2006),Flags of Our Fathers,Drama|War,2006
48872,13 Tzameti (2005),13 Tzameti,Film-Noir|Thriller,2005
48877,Saw III (2006),Saw III,Crime|Horror|Thriller,2006
48879,Catch a Fire (2006),Catch a Fire,Drama|Thriller,2006
48883,Death of a President (2006),Death of a President,Crime|Drama|Mystery|Thriller,2006
48982,Flushed Away (2006),Flushed Away,Animation|Comedy,2006
48997,Perfume: The Story of a Murderer (2006),Perfume: The Story of a Murderer,Crime|Drama|Thriller,2006
49013,"Santa Clause 3: The Escape Clause, The (2006)","Santa Clause 3: The Escape Clause, The",Comedy|Fantasy,2006
49110,Mom and Dad Save the World (1992),Mom and Dad Save the World,Comedy|Sci-Fi,1992
49130,"Good Year, A (2006)","Good Year, A",Comedy|Drama|Romance,2006
49132,Shut Up & Sing (2006),Shut Up & Sing,Documentary,2006
49220,For Your Consideration (2006),For Your Consideration,Comedy,2006
49263,Fuck (2005),Fuck,Comedy|Documentary,2005
49265,Shooting Dogs (a.k.a. Beyond the Gates) (2005),Shooting Dogs (a.k.a. Beyond the Gates),Documentary|Drama|War,2005
49272,Casino Royale (2006),Casino Royale,Action|Adventure|Thriller,2006
49274,Happy Feet (2006),Happy Feet,Adventure|Animation|Children|Comedy|IMAX,2006
49276,Let's Go to Prison (2006),Let's Go to Prison,Comedy,2006
49278,Déjà Vu (Deja Vu) (2006),Déjà Vu (Deja Vu),Action|Sci-Fi|Thriller,2006
49280,Bobby (2006),Bobby,Drama,2006
49284,10 Items or Less (2006),10 Items or Less,Comedy|Drama|Romance,2006
49286,"Holiday, The (2006)","Holiday, The",Comedy|Romance,2006
49314,Harsh Times (2006),Harsh Times,Action|Crime|Drama,2006
49347,Fast Food Nation (2006),Fast Food Nation,Drama,2006
49389,The Great Train Robbery (1903),The Great Train Robbery,Crime|Western,1903
49396,Tenacious D in The Pick of Destiny (2006),Tenacious D in The Pick of Destiny,Adventure|Comedy|Musical,2006
49524,"Nativity Story, The (2006)","Nativity Story, The",Drama,2006
49530,Blood Diamond (2006),Blood Diamond,Action|Adventure|Crime|Drama|Thriller|War,2006
49647,Charlotte's Web (2006),Charlotte's Web,Children|Comedy|Drama|Fantasy,2006
49649,Eragon (2006),Eragon,Action|Adventure|Fantasy,2006
49651,Rocky Balboa (2006),Rocky Balboa,Action|Drama,2006
49666,Fur: An Imaginary Portrait of Diane Arbus (2006),Fur: An Imaginary Portrait of Diane Arbus,Drama|Fantasy|Romance,2006
49688,"Dam Busters, The (1955)","Dam Busters, The",Action|Drama|War,1955
49735,Another Gay Movie (2006),Another Gay Movie,Comedy,2006
49772,"Painted Veil, The (2006)","Painted Veil, The",Drama|Romance,2006
49793,We Are Marshall (2006),We Are Marshall,Drama,2006
49822,"Good Shepherd, The (2006)","Good Shepherd, The",Drama|Thriller,2006
49824,Dreamgirls (2006),Dreamgirls,Drama|Musical,2006
49910,Freedom Writers (2007),Freedom Writers,Drama,2007
49917,When the Levees Broke: A Requiem in Four Acts (2006),When the Levees Broke: A Requiem in Four Acts,Documentary,2006
49932,Inland Empire (2006),Inland Empire,Drama|Mystery|Thriller,2006
49957,"History Boys, The (2006)","History Boys, The",Comedy|Drama,2006
49961,Notes on a Scandal (2006),Notes on a Scandal,Drama,2006
50003,DOA: Dead or Alive (2006),DOA: Dead or Alive,Action|Adventure,2006
50005,Curse of the Golden Flower (Man cheng jin dai huang jin jia) (2006),Curse of the Golden Flower (Man cheng jin dai huang jin jia),Action|Drama,2006
50064,"Good German, The (2006)","Good German, The",Drama|Mystery|Thriller,2006
50068,Letters from Iwo Jima (2006),Letters from Iwo Jima,Drama|War,2006
50147,Black Christmas (2006),Black Christmas,Action|Horror|Thriller,2006
50158,Stomp the Yard (2007),Stomp the Yard,Drama|Musical,2007
50160,Miss Potter (2006),Miss Potter,Drama,2006
50189,American Pie Presents The Naked Mile (American Pie 5: The Naked Mile) (2006),American Pie Presents The Naked Mile (American Pie 5: The Naked Mile),Comedy|Romance,2006
50274,Venus (2006),Venus,Drama|Romance,2006
50354,The Return of Don Camillo (1953),The Return of Don Camillo,Comedy,1953
50356,The Little World of Don Camillo (1952),The Little World of Don Camillo,Comedy,1952
50440,Primeval (2007),Primeval,Horror|Thriller,2007
50442,Alpha Dog (2007),Alpha Dog,Crime|Drama,2007
50445,"Hitcher, The (2007)","Hitcher, The",Action|Horror|Thriller,2007
50514,After the Wedding (Efter brylluppet) (2006),After the Wedding (Efter brylluppet),Drama,2006
50601,Bridge to Terabithia (2007),Bridge to Terabithia,Adventure|Children|Fantasy,2007
50610,Beer League (2006),Beer League,Comedy,2006
50613,Dead Meat (2004),Dead Meat,Horror,2004
50658,49 Up (2005),49 Up,Documentary,2005
50685,Waitress (2007),Waitress,Comedy|Drama|Romance,2007
50740,Seven Up! (1964),Seven Up!,Documentary,1964
50792,Catch and Release (2006),Catch and Release,Comedy|Drama|Romance,2006
50794,Smokin' Aces (2006),Smokin' Aces,Action|Crime|Drama|Thriller,2006
50796,Blood and Chocolate (2007),Blood and Chocolate,Drama|Fantasy|Horror|Romance,2007
50798,Epic Movie (2007),Epic Movie,Adventure|Comedy,2007
50800,"Messengers, The (2007)","Messengers, The",Drama|Horror|Thriller,2007
50802,Because I Said So (2007),Because I Said So,Comedy|Drama|Romance,2007
50804,Hannibal Rising (2007),Hannibal Rising,Drama|Horror|Thriller,2007
50806,Norbit (2007),Norbit,Comedy|Romance,2007
50842,"Boss of It All, The (Direktøren for det hele) (2006)","Boss of It All, The (Direktøren for det hele)",Comedy|Drama,2006
50851,Cocaine Cowboys (2006),Cocaine Cowboys,Documentary,2006
50872,Ratatouille (2007),Ratatouille,Animation|Children|Drama,2007
50912,"Paris, I Love You (Paris, je t'aime) (2006)","Paris, I Love You (Paris, je t'aime)",Romance,2006
50923,"Astronaut Farmer, The (2007)","Astronaut Farmer, The",Drama,2007
50942,"Wake Up, Ron Burgundy (2004)","Wake Up, Ron Burgundy",Comedy,2004
50954,It's a Boy Girl Thing (2006),It's a Boy Girl Thing,Comedy|Romance,2006
50999,"Ugly Duckling and Me!, The (2006)","Ugly Duckling and Me!, The",Animation|Comedy,2006
51024,The Odyssey (1997),The Odyssey,Adventure|Drama|Fantasy,1997
51037,Unknown (2006),Unknown,Drama|Mystery|Thriller,2006
51077,Ghost Rider (2007),Ghost Rider,Action|Fantasy|Thriller,2007
51080,Breach (2007),Breach,Drama|Thriller,2007
51082,Tyler Perry's Daddy's Little Girls (2007),Tyler Perry's Daddy's Little Girls,Comedy|Romance,2007
51084,Music and Lyrics (2007),Music and Lyrics,Comedy|Romance,2007
51086,"Number 23, The (2007)","Number 23, The",Drama|Mystery|Thriller,2007
51088,Reno 911!: Miami (2007),Reno 911!: Miami,Comedy,2007
51091,Black Snake Moan (2006),Black Snake Moan,Drama,2006
51167,My Father and My Son (Babam ve oglum) (2005),My Father and My Son (Babam ve oglum),Drama,2005
51174,Factory Girl (2006),Factory Girl,Drama,2006
51255,Hot Fuzz (2007),Hot Fuzz,Action|Comedy|Crime|Mystery,2007
51314,Golden Door (Nuovomondo) (2006),Golden Door (Nuovomondo),Adventure|Drama|Romance,2006
51357,Citizen X (1995),Citizen X,Crime|Drama|Thriller,1995
51412,Next (2007),Next,Action|Sci-Fi|Thriller,2007
51471,Amazing Grace (2006),Amazing Grace,Drama|Romance,2006
51498,2001 Maniacs (2005),2001 Maniacs,Comedy|Horror,2005
51540,Zodiac (2007),Zodiac,Crime|Drama|Thriller,2007
51545,Pusher III: I'm the Angel of Death (2005),Pusher III: I'm the Angel of Death,Action|Comedy|Drama|Horror|Thriller,2005
51562,Babylon 5: The Gathering (1993),Babylon 5: The Gathering,Sci-Fi,1993
51573,Meshes of the Afternoon (1943),Meshes of the Afternoon,Fantasy,1943
51575,Wild Hogs (2007),Wild Hogs,Adventure|Comedy,2007
51662,300 (2007),300,Action|Fantasy|War|IMAX,2007
51666,"Abandoned, The (2006)","Abandoned, The",Horror|Mystery|Thriller,2006
51694,Starter for 10 (2006),Starter for 10,Drama|Romance,2006
51698,"Last Mimzy, The (2007)","Last Mimzy, The",Adventure|Children|Sci-Fi,2007
51705,Priceless (Hors de prix) (2006),Priceless (Hors de prix),Comedy|Romance,2006
51709,"Host, The (Gwoemul) (2006)","Host, The (Gwoemul)",Comedy|Drama|Horror|Sci-Fi|Thriller,2006
51834,Becoming Jane (2007),Becoming Jane,Drama|Romance,2007
51884,"Namesake, The (2006)","Namesake, The",Drama|Romance,2006
51903,I Think I Love My Wife (2007),I Think I Love My Wife,Comedy|Drama|Romance,2007
51925,Premonition (2007),Premonition,Drama|Fantasy|Mystery|Thriller,2007
51927,Dead Silence (2007),Dead Silence,Horror|Mystery|Thriller,2007
51931,Reign Over Me (2007),Reign Over Me,Drama,2007
51933,Pride (2007),Pride,Drama,2007
51935,Shooter (2007),Shooter,Action|Drama|Thriller,2007
51937,"Hills Have Eyes II, The (2007)","Hills Have Eyes II, The",Horror|Thriller,2007
51939,TMNT (Teenage Mutant Ninja Turtles) (2007),TMNT (Teenage Mutant Ninja Turtles),Action|Adventure|Animation|Children|Comedy|Fantasy,2007
52042,Black Book (Zwartboek) (2006),Black Book (Zwartboek),Drama|Thriller|War,2006
52241,"Lookout, The (2007)","Lookout, The",Crime|Drama|Thriller,2007
52245,Blades of Glory (2007),Blades of Glory,Comedy|Romance,2007
52279,Are We Done Yet? (2007),Are We Done Yet?,Comedy,2007
52281,Grindhouse (2007),Grindhouse,Action|Crime|Horror|Sci-Fi|Thriller,2007
52283,"Reaping, The (2007)","Reaping, The",Horror|Thriller,2007
52287,Meet the Robinsons (2007),Meet the Robinsons,Action|Adventure|Animation|Children|Comedy|Sci-Fi,2007
52299,American Hardcore (2006),American Hardcore,Documentary,2006
52319,Inglorious Bastards (Quel maledetto treno blindato) (1978),Inglorious Bastards (Quel maledetto treno blindato),Action|Adventure|Drama|War,1978
52328,Sunshine (2007),Sunshine,Adventure|Drama|Sci-Fi|Thriller,2007
52375,"Hoax, The (2007)","Hoax, The",Crime|Drama,2007
52435,How the Grinch Stole Christmas! (1966),How the Grinch Stole Christmas!,Animation|Comedy|Fantasy|Musical,1966
52458,Disturbia (2007),Disturbia,Drama|Thriller,2007
52462,Aqua Teen Hunger Force Colon Movie Film for Theaters (2007),Aqua Teen Hunger Force Colon Movie Film for Theaters,Action|Adventure|Animation|Comedy|Fantasy|Mystery|Sci-Fi,2007
52579,"Vie en Rose, La (Môme, La) (2007)","Vie en Rose, La (Môme, La)",Drama|Musical,2007
52604,Fracture (2007),Fracture,Crime|Drama|Mystery|Thriller,2007
52644,Vacancy (2007),Vacancy,Horror|Thriller,2007
52668,In the Land of Women (2007),In the Land of Women,Comedy|Drama|Romance,2007
52694,Mr. Bean's Holiday (2007),Mr. Bean's Holiday,Comedy,2007
52712,"Invisible, The (2007)","Invisible, The",Crime|Drama|Fantasy|Mystery|Thriller,2007
52715,Kickin It Old Skool (2007),Kickin It Old Skool,Comedy,2007
52722,Spider-Man 3 (2007),Spider-Man 3,Action|Adventure|Sci-Fi|Thriller|IMAX,2007
52724,Lucky You (2007),Lucky You,Comedy|Drama,2007
52730,It's a Very Merry Muppet Christmas Movie (2002),It's a Very Merry Muppet Christmas Movie,Children|Comedy,2002
52767,21 Up (1977),21 Up,Documentary,1977
52784,Sharkwater (2006),Sharkwater,Documentary,2006
52831,Maniac Cop (1988),Maniac Cop,Action|Crime|Horror|Thriller,1988
52867,"Ex, The (2007)","Ex, The",Comedy|Romance,2007
52885,Paprika (Papurika) (2006),Paprika (Papurika),Animation|Mystery|Sci-Fi,2006
52950,Day Watch (Dnevnoy dozor) (2006),Day Watch (Dnevnoy dozor),Action|Fantasy|Horror|Thriller,2006
52952,This Is England (2006),This Is England,Drama,2006
52967,Away from Her (2006),Away from Her,Drama,2006
52973,Knocked Up (2007),Knocked Up,Comedy|Drama|Romance,2007
52975,Hairspray (2007),Hairspray,Comedy|Drama|Musical,2007
53000,28 Weeks Later (2007),28 Weeks Later,Horror|Sci-Fi|Thriller,2007
53022,Wheels on Meals (Kuai can che) (1984),Wheels on Meals (Kuai can che),Action|Comedy|Crime|Romance,1984
53024,Jonestown: The Life and Death of Peoples Temple (2006),Jonestown: The Life and Death of Peoples Temple,Documentary,2006
53121,Shrek the Third (2007),Shrek the Third,Adventure|Animation|Children|Comedy|Fantasy,2007
53123,Once (2006),Once,Drama|Musical|Romance,2006
53125,Pirates of the Caribbean: At World's End (2007),Pirates of the Caribbean: At World's End,Action|Adventure|Comedy|Fantasy,2007
53127,Bug (2007),Bug,Drama|Horror|Thriller,2007
53129,Mr. Brooks (2007),Mr. Brooks,Crime|Drama|Thriller,2007
53138,"Librarian: Return to King Solomon's Mines, The (2006)","Librarian: Return to King Solomon's Mines, The",Action|Adventure|Fantasy,2006
53140,"Librarian: Quest for the Spear, The (2004)","Librarian: Quest for the Spear, The",Action|Adventure|Comedy|Fantasy|Romance,2004
53143,Fay Grim (2006),Fay Grim,Action|Thriller,2006
53161,"I'm a Cyborg, But That's OK (Saibogujiman kwenchana) (2006)","I'm a Cyborg, But That's OK (Saibogujiman kwenchana)",Comedy|Drama|Romance|Sci-Fi,2006
53280,"Breed, The (2006)","Breed, The",Horror|Thriller,2006
53318,Cashback (2006),Cashback,Comedy|Drama|Romance,2006
53322,Ocean's Thirteen (2007),Ocean's Thirteen,Crime|Thriller,2007
53326,Them (Ils) (2006),Them (Ils),Horror,2006
53355,Sun Alley (Sonnenallee) (1999),Sun Alley (Sonnenallee),Comedy|Romance,1999
53435,Hostel: Part II (2007),Hostel: Part II,Crime|Horror|Thriller,2007
53447,Paranoid Park (2007),Paranoid Park,Crime|Drama,2007
53450,"Legend of Sleepy Hollow, The (1980)","Legend of Sleepy Hollow, The",Comedy|Fantasy|Horror,1980
53453,Starcrash (a.k.a. Star Crash) (1978),Starcrash (a.k.a. Star Crash),Action|Adventure|Fantasy|Sci-Fi,1978
53460,Surf's Up (2007),Surf's Up,Animation|Children|Comedy,2007
53464,Fantastic Four: Rise of the Silver Surfer (2007),Fantastic Four: Rise of the Silver Surfer,Action|Adventure|Sci-Fi,2007
53466,Nancy Drew (2007),Nancy Drew,Adventure|Crime|Thriller,2007
53468,Fido (2006),Fido,Comedy|Horror|Thriller,2006
53519,Death Proof (2007),Death Proof,Action|Adventure|Crime|Horror|Thriller,2007
53550,Rescue Dawn (2006),Rescue Dawn,Action|Adventure|Drama|War,2006
53574,"TV Set, The (2006)","TV Set, The",Comedy|Drama,2006
53578,"Valet, The (La doublure) (2006)","Valet, The (La doublure)",Comedy,2006
53808,Bring It On: All or Nothing (2006),Bring It On: All or Nothing,Comedy,2006
53883,"Power of Nightmares, The: The Rise of the Politics of Fear (2004)","Power of Nightmares, The: The Rise of the Politics of Fear",Documentary,2004
53894,Sicko (2007),Sicko,Documentary|Drama,2007
53921,"Mighty Heart, A (2007)","Mighty Heart, A",Drama|Thriller,2007
53953,1408 (2007),1408,Drama|Horror|Thriller,2007
53956,Death at a Funeral (2007),Death at a Funeral,Comedy,2007
53972,Live Free or Die Hard (2007),Live Free or Die Hard,Action|Adventure|Crime|Thriller,2007
53974,License to Wed (2007),License to Wed,Comedy|Romance,2007
53993,Evan Almighty (2007),Evan Almighty,Comedy|Fantasy,2007
53996,Transformers (2007),Transformers,Action|Sci-Fi|Thriller|IMAX,2007
54001,Harry Potter and the Order of the Phoenix (2007),Harry Potter and the Order of the Phoenix,Adventure|Drama|Fantasy|IMAX,2007
54004,I Now Pronounce You Chuck and Larry (2007),I Now Pronounce You Chuck and Larry,Comedy|Romance,2007
54116,First Snow (2006),First Snow,Drama|Thriller,2006
54121,Broken Arrow (1950),Broken Arrow,Drama|Romance|Western,1950
54185,Manufactured Landscapes (2006),Manufactured Landscapes,Documentary,2006
54190,Across the Universe (2007),Across the Universe,Drama|Fantasy|Musical|Romance,2007
54256,Hot Rod (2007),Hot Rod,Comedy,2007
54259,Stardust (2007),Stardust,Adventure|Comedy|Fantasy|Romance,2007
54272,"Simpsons Movie, The (2007)","Simpsons Movie, The",Animation|Comedy,2007
54274,I Know Who Killed Me (2007),I Know Who Killed Me,Crime|Drama|Thriller,2007
54276,No Reservations (2007),No Reservations,Comedy|Drama|Romance,2007
54281,Charlie Bartlett (2007),Charlie Bartlett,Comedy|Drama,2007
54286,"Bourne Ultimatum, The (2007)","Bourne Ultimatum, The",Action|Crime|Thriller,2007
54354,China Blue (2005),China Blue,Documentary,2005
54372,Tell No One (Ne le dis à personne) (2006),Tell No One (Ne le dis à personne),Crime|Drama|Mystery|Thriller,2006
54503,Superbad (2007),Superbad,Comedy,2007
54617,"Brice Man, The (Brice de Nice) (2005)","Brice Man, The (Brice de Nice)",Comedy,2005
54648,Rush Hour 3 (2007),Rush Hour 3,Action|Comedy|Crime|Thriller,2007
54686,"Last Legion, The (2007)","Last Legion, The",Action|Adventure|Fantasy|War,2007
54732,Balls of Fury (2007),Balls of Fury,Comedy,2007
54734,Sydney White (2007),Sydney White,Comedy,2007
54736,"Kingdom, The (2007)","Kingdom, The",Action|Drama|Thriller,2007
54745,Rocket Science (2007),Rocket Science,Comedy|Drama,2007
54768,Daddy Day Camp (2007),Daddy Day Camp,Children|Comedy,2007
54771,"Invasion, The (2007)","Invasion, The",Action|Drama|Horror|Sci-Fi|Thriller,2007
54780,"Nanny Diaries, The (2007)","Nanny Diaries, The",Comedy|Drama|Romance,2007
54785,Halloween (2007),Halloween,Horror,2007
54787,Death Sentence (2007),Death Sentence,Drama|Thriller,2007
54796,2 Days in Paris (2007),2 Days in Paris,Comedy|Drama|Romance,2007
54881,"King of Kong, The (2007)","King of Kong, The",Documentary,2007
54908,Taxi 4 (2007),Taxi 4,Action|Comedy,2007
54910,Behind the Mask: The Rise of Leslie Vernon (2006),Behind the Mask: The Rise of Leslie Vernon,Comedy|Horror|Thriller,2006
54934,"Brothers Solomon, The (2007)","Brothers Solomon, The",Comedy,2007
54962,"Nines, The (2007)","Nines, The",Drama|Mystery,2007
54995,Planet Terror (2007),Planet Terror,Action|Horror|Sci-Fi,2007
54997,3:10 to Yuma (2007),3:10 to Yuma,Action|Crime|Drama|Western,2007
54999,Shoot 'Em Up (2007),Shoot 'Em Up,Action|Comedy|Crime,2007
55020,"Ten, The (2007)","Ten, The",Comedy,2007
55036,Gotti (1996),Gotti,Crime|Drama,1996
55052,Atonement (2007),Atonement,Drama|Romance|War,2007
55061,Electroma (2006),Electroma,Drama|Sci-Fi,2006
55067,Requiem (2006),Requiem,Drama|Thriller,2006
55069,"4 Months, 3 Weeks and 2 Days (4 luni, 3 saptamâni si 2 zile) (2007)","4 Months, 3 Weeks and 2 Days (4 luni, 3 saptamâni si 2 zile)",Drama,2007
55071,No End in Sight (2007),No End in Sight,Documentary,2007
55080,"Brave One, The (2007)","Brave One, The",Crime|Drama|Thriller,2007
55094,In the Valley of Elah (2007),In the Valley of Elah,Drama|Mystery,2007
55110,December Boys (2007),December Boys,Drama,2007
55112,Shanghai Kiss (2007),Shanghai Kiss,Comedy|Drama|Romance,2007
55116,"Hunting Party, The (2007)","Hunting Party, The",Action|Adventure|Comedy|Drama|Thriller,2007
55118,Eastern Promises (2007),Eastern Promises,Crime|Drama|Thriller,2007
55156,"Unreasonable Man, An (2006)","Unreasonable Man, An",Documentary,2006
55167,Tekkonkinkreet (Tekkon kinkurîto) (2006),Tekkonkinkreet (Tekkon kinkurîto),Action|Adventure|Animation|Crime|Fantasy,2006
55190,Love and Other Disasters (2006),Love and Other Disasters,Comedy|Romance,2006
55205,Interview (2007),Interview,Drama,2007
55207,Cashback (2004),Cashback,Comedy|Drama,2004
55232,Resident Evil: Extinction (2007),Resident Evil: Extinction,Action|Horror|Sci-Fi|Thriller,2007
55241,Mr. Woodcock (2007),Mr. Woodcock,Comedy,2007
55245,Good Luck Chuck (2007),Good Luck Chuck,Comedy|Romance,2007
55247,Into the Wild (2007),Into the Wild,Action|Adventure|Drama,2007
55250,"Game Plan, The (2007)","Game Plan, The",Comedy,2007
55253,"Lust, Caution (Se, jie) (2007)","Lust, Caution (Se, jie)",Drama|Romance|Thriller|War,2007
55259,"Seeker: The Dark Is Rising, The (2007)","Seeker: The Dark Is Rising, The",Action|Adventure|Drama|Fantasy,2007
55261,"Heartbreak Kid, The (2007)","Heartbreak Kid, The",Comedy|Drama|Romance,2007
55267,Dan in Real Life (2007),Dan in Real Life,Comedy|Drama|Romance,2007
55269,"Darjeeling Limited, The (2007)","Darjeeling Limited, The",Adventure|Comedy|Drama,2007
55272,We Own the Night (2007),We Own the Night,Crime|Drama,2007
55274,Elizabeth: The Golden Age (2007),Elizabeth: The Golden Age,Drama,2007
55276,Michael Clayton (2007),Michael Clayton,Drama|Thriller,2007
55278,Sleuth (2007),Sleuth,Drama|Mystery|Thriller,2007
55280,Lars and the Real Girl (2007),Lars and the Real Girl,Comedy|Drama,2007
55282,30 Days of Night (2007),30 Days of Night,Horror|Thriller,2007
55290,Gone Baby Gone (2007),Gone Baby Gone,Crime|Drama|Mystery,2007
55292,"Comebacks, The (2007)","Comebacks, The",Comedy,2007
55294,Weirdsville (2007),Weirdsville,Comedy|Crime|Drama,2007
55363,"Assassination of Jesse James by the Coward Robert Ford, The (2007)","Assassination of Jesse James by the Coward Robert Ford, The",Crime|Drama|Western,2007
55391,10th & Wolf (2006),10th & Wolf,Crime|Drama|Thriller,2006
55442,Persepolis (2007),Persepolis,Animation|Drama,2007
55444,Control (2007),Control,Drama,2007
55451,The Jane Austen Book Club (2007),The Jane Austen Book Club,Comedy|Drama|Romance,2007
55492,"Last Winter, The (2006)","Last Winter, The",Horror,2006
55553,Black Sheep (2006),Black Sheep,Comedy|Horror,2006
55555,"Edge of Heaven, The (Auf der anderen Seite) (2007)","Edge of Heaven, The (Auf der anderen Seite)",Drama,2007
55577,Saw IV (2007),Saw IV,Crime|Horror|Thriller,2007
55620,For the Bible Tells Me So (2007),For the Bible Tells Me So,Documentary,2007
55687,My Kid Could Paint That (2007),My Kid Could Paint That,Documentary,2007
55721,Elite Squad (Tropa de Elite) (2007),Elite Squad (Tropa de Elite),Action|Crime|Drama|Thriller,2007
55729,King of California (2007),King of California,Comedy,2007
55765,American Gangster (2007),American Gangster,Crime|Drama|Thriller,2007
55768,Bee Movie (2007),Bee Movie,Animation|Comedy,2007
55805,Before the Devil Knows You're Dead (2007),Before the Devil Knows You're Dead,Crime|Drama|Thriller,2007
55814,"Diving Bell and the Butterfly, The (Scaphandre et le papillon, Le) (2007)","Diving Bell and the Butterfly, The (Scaphandre et le papillon, Le)",Drama,2007
55820,No Country for Old Men (2007),No Country for Old Men,Crime|Drama,2007
55830,Be Kind Rewind (2008),Be Kind Rewind,Comedy,2008
55844,Itty Bitty Titty Committee (2007),Itty Bitty Titty Committee,Comedy|Drama|Romance,2007
55854,"Fugitive, The (1947)","Fugitive, The",Drama,1947
55872,August Rush (2007),August Rush,Drama|Musical,2007
55908,"Man from Earth, The (2007)","Man from Earth, The",Drama|Sci-Fi,2007
55946,Lions For Lambs (2007),Lions For Lambs,Drama|Thriller|War,2007
55995,Beowulf (2007),Beowulf,Action|Adventure|Animation|Fantasy|IMAX,2007
56003,Southland Tales (2006),Southland Tales,Comedy|Drama|Sci-Fi|Thriller,2006
56012,"Evening with Kevin Smith 2: Evening Harder, An (2006)","Evening with Kevin Smith 2: Evening Harder, An",Comedy|Documentary,2006
56022,Harrison Bergeron (1995),Harrison Bergeron,Drama|Sci-Fi,1995
56060,I Served the King of England (Obsluhoval jsem anglického krále) (2006),I Served the King of England (Obsluhoval jsem anglického krále),Comedy|Drama|Romance|War,2006
56145,"Mist, The (2007)","Mist, The",Horror|Sci-Fi,2007
56152,Enchanted (2007),Enchanted,Adventure|Animation|Children|Comedy|Fantasy|Musical|Romance,2007
56156,Hitman (2007),Hitman,Action|Crime|Thriller,2007
56169,Awake (2007),Awake,Drama|Thriller,2007
56171,"Golden Compass, The (2007)","Golden Compass, The",Adventure|Children|Fantasy,2007
56174,I Am Legend (2007),I Am Legend,Action|Horror|Sci-Fi|Thriller|IMAX,2007
56176,Alvin and the Chipmunks (2007),Alvin and the Chipmunks,Children|Comedy,2007
56251,Futurama: Bender's Big Score (2007),Futurama: Bender's Big Score,Animation|Comedy|Sci-Fi,2007
56274,Margot at the Wedding (2007),Margot at the Wedding,Drama,2007
56286,I'm Not There (2007),I'm Not There,Drama,2007
56333,"Savages, The (2007)","Savages, The",Comedy|Drama,2007
56336,Wrong Turn 2: Dead End (2007),Wrong Turn 2: Dead End,Action|Horror|Thriller,2007
56339,"Orphanage, The (Orfanato, El) (2007)","Orphanage, The (Orfanato, El)",Drama|Horror|Mystery|Thriller,2007
56367,Juno (2007),Juno,Comedy|Drama|Romance,2007
56379,"Maxed Out: Hard Times, Easy Credit and the Era of Predatory Lenders (2006)","Maxed Out: Hard Times, Easy Credit and the Era of Predatory Lenders",Documentary,2006
56389,My Blueberry Nights (2007),My Blueberry Nights,Drama|Romance,2007
56563,Helvetica (2007),Helvetica,Documentary,2007
56587,"Bucket List, The (2007)","Bucket List, The",Comedy|Drama,2007
56607,"Kite Runner, The (2007)","Kite Runner, The",Drama,2007
56620,"Deaths of Ian Stone, The (2007)","Deaths of Ian Stone, The",Horror|Thriller,2007
56715,Wristcutters: A Love Story (2006),Wristcutters: A Love Story,Drama|Fantasy|Romance,2006
56757,Sweeney Todd: The Demon Barber of Fleet Street (2007),Sweeney Todd: The Demon Barber of Fleet Street,Drama|Horror|Musical|Thriller,2007
56775,National Treasure: Book of Secrets (2007),National Treasure: Book of Secrets,Action|Adventure,2007
56782,There Will Be Blood (2007),There Will Be Blood,Drama|Western,2007
56788,Charlie Wilson's War (2007),Charlie Wilson's War,Comedy|Drama|War,2007
56801,AVPR: Aliens vs. Predator - Requiem (2007),AVPR: Aliens vs. Predator - Requiem,Action|Horror|Sci-Fi,2007
56805,Walk Hard: The Dewey Cox Story (2007),Walk Hard: The Dewey Cox Story,Comedy|Musical,2007
56837,As You Like It (2006),As You Like It,Comedy|Drama|Romance,2006
56869,Drained (O cheiro do Ralo) (2006),Drained (O cheiro do Ralo),Comedy,2006
56908,Dedication (2007),Dedication,Comedy|Drama|Romance,2007
56915,"Water Horse: Legend of the Deep, The (2007)","Water Horse: Legend of the Deep, The",Adventure|Children|Fantasy,2007
56921,Battlestar Galactica: Razor (2007),Battlestar Galactica: Razor,Action|Drama|Sci-Fi|Thriller,2007
56941,P.S. I Love You (2007),P.S. I Love You,Comedy|Drama|Romance,2007
56949,27 Dresses (2008),27 Dresses,Comedy|Romance,2008
57147,Cassandra's Dream (2007),Cassandra's Dream,Crime|Drama|Thriller,2007
57183,Like Stars on Earth (Taare Zameen Par) (2007),Like Stars on Earth (Taare Zameen Par),Drama,2007
57243,"Band's Visit, The (Bikur Ha-Tizmoret) (2007)","Band's Visit, The (Bikur Ha-Tizmoret)",Comedy|Drama,2007
57274,[REC] (2007),[REC],Drama|Horror|Thriller,2007
57326,In the Name of the King: A Dungeon Siege Tale (2008),In the Name of the King: A Dungeon Siege Tale,Action|Adventure|Fantasy,2008
57368,Cloverfield (2008),Cloverfield,Action|Mystery|Sci-Fi|Thriller,2008
57421,Hatchet (2006),Hatchet,Comedy|Horror,2006
57499,Heaven and Earth (Ten to Chi to) (1990),Heaven and Earth (Ten to Chi to),Action|Adventure|Drama|War,1990
57502,Cat Soup (Nekojiru-so) (2001),Cat Soup (Nekojiru-so),Adventure|Animation|Drama|Horror,2001
57504,"Girl Who Leapt Through Time, The (Toki o kakeru shôjo) (2006)","Girl Who Leapt Through Time, The (Toki o kakeru shôjo)",Animation|Comedy|Drama|Romance|Sci-Fi,2006
57522,First Sunday (2008),First Sunday,Comedy|Crime,2008
57526,Untraceable (2008),Untraceable,Crime|Thriller,2008
57528,Rambo (Rambo 4) (2008),Rambo (Rambo 4),Action|Drama|Thriller|War,2008
57532,Meet the Spartans (2008),Meet the Spartans,Comedy,2008
57536,Strange Wilderness (2008),Strange Wilderness,Comedy,2008
57637,"Signal, The (2007)","Signal, The",Horror|Sci-Fi|Thriller,2007
57640,Hellboy II: The Golden Army (2008),Hellboy II: The Golden Army,Action|Adventure|Fantasy|Sci-Fi,2008
57669,In Bruges (2008),In Bruges,Comedy|Crime|Drama|Thriller,2008
57772,World on a Wire (Welt am Draht) (1973),World on a Wire (Welt am Draht),Crime|Sci-Fi,1973
57843,Rise of the Footsoldier (2007),Rise of the Footsoldier,Action|Crime|Drama,2007
57910,Teeth (2007),Teeth,Comedy|Horror,2007
57951,Fool's Gold (2008),Fool's Gold,Action|Adventure|Comedy|Romance,2008
58025,Jumper (2008),Jumper,Action|Adventure|Drama|Sci-Fi|Thriller,2008
58047,"Definitely, Maybe (2008)","Definitely, Maybe",Comedy|Drama|Romance,2008
58078,"Air I Breathe, The (2007)","Air I Breathe, The",Crime|Drama|Romance|Thriller,2007
58103,Vantage Point (2008),Vantage Point,Action|Drama|Thriller,2008
58105,"Spiderwick Chronicles, The (2008)","Spiderwick Chronicles, The",Adventure|Children|Drama|Fantasy|IMAX,2008
58107,Step Up 2 the Streets (2008),Step Up 2 the Streets,Drama|Musical|Romance,2008
58154,"Other Boleyn Girl, The (2008)","Other Boleyn Girl, The",Drama|Romance,2008
58156,Semi-Pro (2008),Semi-Pro,Comedy,2008
58162,Run Fatboy Run (2007),Run Fatboy Run,Comedy|Romance,2007
58191,Taxi to the Dark Side (2007),Taxi to the Dark Side,Documentary,2007
58287,Descent (2007),Descent,Drama|Thriller,2007
58291,College Road Trip (2008),College Road Trip,Comedy,2008
58293,"10,000 BC (2008)","10,000 BC",Adventure|Romance|Thriller,2008
58295,"Bank Job, The (2008)","Bank Job, The",Action|Crime|Thriller,2008
58297,Doomsday (2008),Doomsday,Action|Drama|Sci-Fi|Thriller,2008
58299,Horton Hears a Who! (2008),Horton Hears a Who!,Adventure|Animation|Children|Comedy,2008
58301,Funny Games U.S. (2007),Funny Games U.S.,Drama|Thriller,2007
58303,"Counterfeiters, The (Die Fälscher) (2007)","Counterfeiters, The (Die Fälscher)",Crime|Drama|War,2007
58306,Mongol (2007),Mongol,Drama|War,2007
58309,War Dance (2007),War Dance,Documentary,2007
58315,"Love Guru, The (2008)","Love Guru, The",Comedy,2008
58332,Diary of the Dead (2007),Diary of the Dead,Horror|Sci-Fi,2007
58347,Penelope (2006),Penelope,Comedy|Fantasy|Romance,2006
58351,City of Men (Cidade dos Homens) (2007),City of Men (Cidade dos Homens),Drama,2007
58376,Zeitgeist: The Movie (2007),Zeitgeist: The Movie,Documentary|War,2007
58404,Justice League: The New Frontier (2008) ,Justice League: The New Frontier (2008),Action|Adventure|Animation|Fantasy|Sci-Fi,1999
58425,Heima (2007),Heima,Documentary,2007
58492,Snow Angels (2007),Snow Angels,Drama,2007
58554,"Class, The (Klass) (2007)","Class, The (Klass)",Drama,2007
58559,"Dark Knight, The (2008)","Dark Knight, The",Action|Crime|Drama|IMAX,2008
58627,Never Back Down (2008),Never Back Down,Action,2008
58655,Drillbit Taylor (2008),Drillbit Taylor,Comedy,2008
58783,Youth Without Youth (2007),Youth Without Youth,Drama|Romance|Sci-Fi,2007
58803,21 (2008),21,Crime|Drama|Romance|Thriller,2008
58806,Smart People (2008),Smart People,Comedy|Drama|Romance,2008
58826,"Shepherd: Border Patrol, The (2008)","Shepherd: Border Patrol, The",Action|Crime|Thriller,2008
58839,Leatherheads (2008),Leatherheads,Comedy|Drama|Romance,2008
58842,Assembly (Ji jie hao) (2007) ,Assembly (Ji jie hao) (2007),Action|Drama|War,1999
58870,Zebraman (2004),Zebraman,Comedy,2004
58876,Stop-Loss (2008),Stop-Loss,Drama|War,2008
58879,Shine a Light (2008),Shine a Light,Documentary|Musical|IMAX,2008
58964,Inside (À l'intérieur) (2007),Inside (À l'intérieur),Horror|Thriller,2007
58972,Nim's Island (2008),Nim's Island,Adventure|Comedy|Fantasy,2008
58975,"Ruins, The (2008)","Ruins, The",Horror|Thriller,2008
58998,Forgetting Sarah Marshall (2008),Forgetting Sarah Marshall,Comedy|Romance,2008
59014,Superhero Movie (2008),Superhero Movie,Action|Comedy|Sci-Fi,2008
59016,Street Kings (2008),Street Kings,Crime|Drama|Thriller,2008
59018,"Visitor, The (2007)","Visitor, The",Drama|Romance,2007
59022,Harold & Kumar Escape from Guantanamo Bay (2008),Harold & Kumar Escape from Guantanamo Bay,Adventure|Comedy,2008
59026,99 francs (2007),99 francs,Comedy,2007
59037,Speed Racer (2008),Speed Racer,Action|Children|Sci-Fi|IMAX,2008
59103,"Forbidden Kingdom, The (2008)","Forbidden Kingdom, The",Action|Adventure|Comedy|Fantasy,2008
59118,Happy-Go-Lucky (2008),Happy-Go-Lucky,Comedy|Drama,2008
59126,Religulous (2008),Religulous,Comedy|Documentary,2008
59129,Outpost (2008),Outpost,Action|Horror,2008
59131,Are You Scared? (2006),Are You Scared?,Horror,2006
59141,Son of Rambow (2007),Son of Rambow,Children|Comedy|Drama,2007
59143,Super High Me (2007),Super High Me,Comedy|Documentary,2007
59220,Outsourced (2006),Outsourced,Comedy|Romance,2006
59258,Baby Mama (2008),Baby Mama,Comedy,2008
59295,Expelled: No Intelligence Allowed (2008),Expelled: No Intelligence Allowed,Documentary,2008
59306,Prom Night (2008),Prom Night,Horror|Mystery|Thriller,2008
59315,Iron Man (2008),Iron Man,Action|Adventure|Sci-Fi,2008
59333,Made of Honor (2008),Made of Honor,Comedy|Romance,2008
59336,Redbelt (2008),Redbelt,Action|Drama,2008
59369,Taken (2008),Taken,Action|Crime|Drama|Thriller,2008
59387,"Fall, The (2006)","Fall, The",Adventure|Drama|Fantasy,2006
59421,What Happens in Vegas... (2008),What Happens in Vegas...,Comedy|Romance,2008
59429,American Pie Presents Beta House (American Pie 6: Beta House) (2007),American Pie Presents Beta House (American Pie 6: Beta House),Comedy,2007
59440,Bella (2006),Bella,Drama|Romance,2006
59501,"Chronicles of Narnia: Prince Caspian, The (2008)","Chronicles of Narnia: Prince Caspian, The",Adventure|Children|Fantasy,2008
59549,Shelter (2007),Shelter,Drama|Romance,2007
59604,"Girl Next Door, The (2007)","Girl Next Door, The",Crime|Drama|Horror|Thriller,2007
59615,Indiana Jones and the Kingdom of the Crystal Skull (2008),Indiana Jones and the Kingdom of the Crystal Skull,Action|Adventure|Comedy|Sci-Fi,2008
59667,Nina's Heavenly Delights (2006),Nina's Heavenly Delights,Comedy,2006
59725,Sex and the City (2008),Sex and the City,Comedy|Romance,2008
59727,"Strangers, The (2008)","Strangers, The",Horror|Thriller,2008
59731,"Bigger, Stronger, Faster* (2008)","Bigger, Stronger, Faster*",Documentary,2008
59738,All the Boys Love Mandy Lane (2006),All the Boys Love Mandy Lane,Horror|Mystery|Thriller,2006
59784,Kung Fu Panda (2008),Kung Fu Panda,Action|Animation|Children|Comedy|IMAX,2008
59810,Recount (2008),Recount,Drama,2008
59814,Ex Drummer (2007),Ex Drummer,Comedy|Crime|Drama|Horror,2007
59900,You Don't Mess with the Zohan (2008),You Don't Mess with the Zohan,Comedy,2008
59915,Stuck (2007),Stuck,Horror|Thriller,2007
59947,"Protector, The (1985)","Protector, The",Action|Comedy|Drama|Thriller,1985
59985,Chaos Theory (2007),Chaos Theory,Comedy|Drama|Romance,2007
59995,Boy A (2007),Boy A,Crime|Drama,2007
60030,Spiral (2007),Spiral,Drama|Horror|Thriller,2007
60037,"Happening, The (2008)","Happening, The",Drama|Sci-Fi|Thriller,2008
60040,"Incredible Hulk, The (2008)","Incredible Hulk, The",Action|Sci-Fi,2008
60046,"Children of Huang Shi, The (2008)","Children of Huang Shi, The",Drama|War,2008
60069,WALL·E (2008),WALL·E,Adventure|Animation|Children|Romance|Sci-Fi,2008
60072,Wanted (2008),Wanted,Action|Thriller,2008
60074,Hancock (2008),Hancock,Action|Adventure|Comedy|Crime|Fantasy,2008
60126,Get Smart (2008),Get Smart,Action|Comedy,2008
60128,Young People Fucking (a.k.a. YPF) (2007),Young People Fucking (a.k.a. YPF),Comedy,2007
60141,St. Trinian's (2007),St. Trinian's,Children|Comedy,2007
60161,Futurama: The Beast with a Billion Backs (2008),Futurama: The Beast with a Billion Backs,Action|Animation|Comedy|Romance|Sci-Fi,2008
60289,Kit Kittredge: An American Girl (2008),Kit Kittredge: An American Girl,Children|Comedy|Drama|Mystery,2008
60291,Gonzo: The Life and Work of Dr. Hunter S. Thompson (2008),Gonzo: The Life and Work of Dr. Hunter S. Thompson,Documentary,2008
60293,"Wackness, The (2008)","Wackness, The",Comedy|Drama|Romance,2008
60303,Strange Circus (Kimyô na sâkasu) (2005),Strange Circus (Kimyô na sâkasu),Horror|Mystery|Thriller,2005
60333,Encounters at the End of the World (2008),Encounters at the End of the World,Documentary,2008
60363,Zombie Strippers! (2008),Zombie Strippers!,Comedy|Horror,2008
60365,Frosty the Snowman (1969),Frosty the Snowman,Animation|Children|Comedy|Fantasy|Musical,1969
60389,Battle for Haditha (2007),Battle for Haditha,War,2007
60397,Mamma Mia! (2008),Mamma Mia!,Comedy|Musical|Romance,2008
60408,Welcome to the Sticks (Bienvenue chez les Ch'tis) (2008),Welcome to the Sticks (Bienvenue chez les Ch'tis),Comedy,2008
60471,Rogue (2007),Rogue,Action|Adventure|Horror|Sci-Fi|Thriller,2007
60487,"It's the Great Pumpkin, Charlie Brown (1966)","It's the Great Pumpkin, Charlie Brown",Animation|Children|Comedy,1966
60514,Journey to the Center of the Earth (2008),Journey to the Center of the Earth,Action|Adventure|Sci-Fi,2008
60516,Meet Dave (2008),Meet Dave,Adventure|Children|Comedy|Romance|Sci-Fi,2008
60522,"Machine Girl, The (Kataude mashin gâru) (2008)","Machine Girl, The (Kataude mashin gâru)",Action|Comedy|Fantasy|Horror|Thriller,2008
60538,Shrooms (2007),Shrooms,Horror|Thriller,2007
60647,Transsiberian (2008),Transsiberian,Crime|Drama|Thriller,2008
60674,Stargate: Continuum (2008),Stargate: Continuum,Sci-Fi,2008
60684,Watchmen (2009),Watchmen,Action|Drama|Mystery|Sci-Fi|Thriller|IMAX,2009
60735,Shotgun Stories (2007),Shotgun Stories,Drama|Thriller,2007
60737,Watching the Detectives (2007),Watching the Detectives,Comedy|Romance,2007
60753,Felon (2008),Felon,Crime|Drama,2008
60756,Step Brothers (2008),Step Brothers,Comedy,2008
60760,"X-Files: I Want to Believe, The (2008)","X-Files: I Want to Believe, The",Drama|Mystery|Sci-Fi|Thriller,2008
60766,Man on Wire (2008),Man on Wire,Documentary,2008
60803,"Little Drummer Boy, The (1968)","Little Drummer Boy, The",Animation|Children|Musical,1968
60818,Hogfather (Terry Pratchett's Hogfather) (2006),Hogfather (Terry Pratchett's Hogfather),Adventure|Fantasy|Thriller,2006
60832,Pathology (2008),Pathology,Crime|Horror|Thriller,2008
60857,"Tracey Fragments, The (2007)","Tracey Fragments, The",Drama,2007
60885,"Zone, The (La Zona) (2007)","Zone, The (La Zona)",Drama|Thriller,2007
60894,"Edge of Love, The (2008)","Edge of Love, The",Drama|Romance|War,2008
60904,Heart of a Dog (Sobachye serdtse) (1988),Heart of a Dog (Sobachye serdtse),Comedy|Drama|Sci-Fi,1988
60937,"Mummy: Tomb of the Dragon Emperor, The (2008)","Mummy: Tomb of the Dragon Emperor, The",Action|Adventure|Fantasy|Thriller,2008
60941,"Midnight Meat Train, The (2008)","Midnight Meat Train, The",Horror|Mystery|Thriller,2008
60943,Frozen River (2008),Frozen River,Drama,2008
60950,Vicky Cristina Barcelona (2008),Vicky Cristina Barcelona,Comedy|Drama|Romance,2008
60979,Batman: Gotham Knight (2008),Batman: Gotham Knight,Action|Animation|Crime,2008
61011,"Walker, The (2007)","Walker, The",Drama|Mystery,2007
61024,Pineapple Express (2008),Pineapple Express,Action|Comedy|Crime,2008
61026,Red Cliff (Chi bi) (2008),Red Cliff (Chi bi),Action|Adventure|Drama|War,2008
61071,"Sisterhood of the Traveling Pants 2, The (2008)","Sisterhood of the Traveling Pants 2, The",Adventure|Comedy|Drama|Romance,2008
61073,Hell Ride (2008),Hell Ride,Action|Drama|Thriller,2008
61123,High School Musical 2 (2007),High School Musical 2,Comedy|Drama|Musical|Romance,2007
61132,Tropic Thunder (2008),Tropic Thunder,Action|Adventure|Comedy|War,2008
61160,Star Wars: The Clone Wars (2008),Star Wars: The Clone Wars,Action|Adventure|Animation|Sci-Fi,2008
61167,Henry Poole is Here (2008),Henry Poole is Here,Drama|Mystery,2008
61210,Mutant Chronicles (2008),Mutant Chronicles,Action|Adventure|Sci-Fi,2008
61236,Waltz with Bashir (Vals im Bashir) (2008),Waltz with Bashir (Vals im Bashir),Animation|Documentary|Drama|War,2008
61240,Let the Right One In (Låt den rätte komma in) (2008),Let the Right One In (Låt den rätte komma in),Drama|Fantasy|Horror|Romance,2008
61246,Hamlet 2 (2008),Hamlet 2,Comedy,2008
61248,Death Race (2008),Death Race,Action|Adventure|Sci-Fi|Thriller,2008
61250,"House Bunny, The (2008)","House Bunny, The",Comedy,2008
61255,"Rocker, The (2008)","Rocker, The",Comedy,2008
61257,I.O.U.S.A. (a.k.a. IOUSA) (2008),I.O.U.S.A. (a.k.a. IOUSA),Documentary,2008
61262,Mirrors (2008),Mirrors,Horror|Mystery|Thriller,2008
61289,Sukiyaki Western Django (2008),Sukiyaki Western Django,Action|Western,2008
61319,Somers Town (2008),Somers Town,Drama,2008
61323,Burn After Reading (2008),Burn After Reading,Comedy|Crime|Drama,2008
61348,Disaster Movie (2008),Disaster Movie,Comedy,2008
61350,Babylon A.D. (2008),Babylon A.D.,Action|Adventure|Sci-Fi|Thriller,2008
61352,Traitor (2008),Traitor,Crime|Drama|Thriller,2008
61394,"Onion Movie, The (2008)","Onion Movie, The",Comedy,2008
61401,"Spirit, The (2008)","Spirit, The",Action|Comedy|Fantasy|Thriller,2008
61406,John Adams (2008),John Adams,Drama,2008
61465,Bangkok Dangerous (2008),Bangkok Dangerous,Action|Crime|Thriller,2008
61628,Sunflower (Xiang ri kui) (2005),Sunflower (Xiang ri kui),Drama,2005
61692,Altered (2006),Altered,Horror|Sci-Fi|Thriller,2006
61697,Righteous Kill (2008),Righteous Kill,Crime|Mystery|Thriller,2008
61705,Lakeview Terrace (2008),Lakeview Terrace,Drama|Thriller,2008
61729,Ghost Town (2008),Ghost Town,Comedy|Fantasy|Romance,2008
61818,"Crow, The: Wicked Prayer (2005)","Crow, The: Wicked Prayer",Action|Adventure|Fantasy|Thriller,2005
61986,Appaloosa (2008),Appaloosa,Western,2008
62008,Dead Fury (2008),Dead Fury,Action|Animation|Comedy|Horror,2008
62081,Eagle Eye (2008),Eagle Eye,Action|Crime|Thriller|IMAX,2008
62113,How to Lose Friends & Alienate People (2008),How to Lose Friends & Alienate People,Comedy,2008
62155,Nick and Norah's Infinite Playlist (2008),Nick and Norah's Infinite Playlist,Comedy|Drama|Romance,2008
62208,"Sound of the Mountain (Thunder of the Mountain, The) (Yama no oto) (1954)","Sound of the Mountain (Thunder of the Mountain, The) (Yama no oto)",Drama,1954
62250,Gomorrah (Gomorra) (2008),Gomorrah (Gomorra),Crime|Drama,2008
62293,"Duchess, The (2008)","Duchess, The",Drama|Romance,2008
62299,Alone in the Dark II (2008),Alone in the Dark II,Action|Horror,2008
62336,FLCL (2000),FLCL,Animation|Comedy|Fantasy|Sci-Fi,2000
62344,Rachel Getting Married (2008),Rachel Getting Married,Drama|Romance,2008
62374,Body of Lies (2008),Body of Lies,Action|Drama|Thriller,2008
62376,City of Ember (2008),City of Ember,Adventure|Children|Sci-Fi,2008
62383,"20,000 Leagues Under the Sea (1916)","20,000 Leagues Under the Sea",Action|Adventure|Sci-Fi,1916
62394,Max Payne (2008),Max Payne,Action|Crime|Drama|Thriller,2008
62434,Zack and Miri Make a Porno (2008),Zack and Miri Make a Porno,Comedy|Drama|Romance,2008
62437,W. (2008),W.,Drama,2008
62439,My Best Friend's Girl (2008),My Best Friend's Girl,Comedy|Romance,2008
62511,"Synecdoche, New York (2008)","Synecdoche, New York",Comedy|Drama,2008
62553,"Secret Life of Bees, The (2008)","Secret Life of Bees, The",Drama,2008
62586,"American Carol, An (2008)","American Carol, An",Comedy|Fantasy,2008
62644,"Wave, The (Welle, Die) (2008)","Wave, The (Welle, Die)",Drama,2008
62662,Tokyo-Ga (1985),Tokyo-Ga,Documentary,1985
62718,"Angus, Thongs and Perfect Snogging (2008)","Angus, Thongs and Perfect Snogging",Comedy|Romance,2008
62792,Pride and Glory (2008),Pride and Glory,Crime|Drama,2008
62799,"Express, The (2008)","Express, The",Drama,2008
62834,Babylon 5: The Legend of the Rangers: To Live and Die in Starlight (2002),Babylon 5: The Legend of the Rangers: To Live and Die in Starlight,Sci-Fi,2002
62836,Babylon 5: The Lost Tales - Voices in the Dark (2007),Babylon 5: The Lost Tales - Voices in the Dark,Sci-Fi,2007
62849,RocknRolla (2008),RocknRolla,Action|Crime,2008
62956,Futurama: Bender's Game (2008),Futurama: Bender's Game,Action|Adventure|Animation|Comedy|Fantasy|Sci-Fi,2008
62970,Tin Man (2007),Tin Man,Adventure|Fantasy|Sci-Fi,2007
62999,Madagascar: Escape 2 Africa (2008),Madagascar: Escape 2 Africa,Action|Adventure|Animation|Children|Comedy|IMAX,2008
63033,Blindness (2008),Blindness,Drama|Mystery|Romance|Thriller,2008
63062,Changeling (2008),Changeling,Crime|Drama|Mystery,2008
63072,"Road, The (2009)","Road, The",Adventure|Drama|Thriller,2009
63082,Slumdog Millionaire (2008),Slumdog Millionaire,Crime|Drama|Romance,2008
63113,Quantum of Solace (2008),Quantum of Solace,Action|Adventure|Thriller,2008
63131,Role Models (2008),Role Models,Comedy,2008
63179,Tokyo! (2008),Tokyo!,Drama,2008
63222,JCVD (2008),JCVD,Action|Drama|Thriller,2008
63239,Cinderella (1997),Cinderella,Children|Fantasy|Musical|Romance,1997
63276,Crows Zero (Kurôzu zero) (2007),Crows Zero (Kurôzu zero),Action,2007
63312,Krabat (2008),Krabat,Drama|Fantasy,2008
63393,Camp Rock (2008),Camp Rock,Comedy|Musical|Romance,2008
63433,Farscape: The Peacekeeper Wars (2004),Farscape: The Peacekeeper Wars,Action|Adventure|Sci-Fi,2004
63436,Saw V (2008),Saw V,Crime|Horror|Thriller,2008
63479,Sex Drive (2008),Sex Drive,Comedy,2008
63515,The Island (2006),The Island,Drama|Mystery,2006
63540,Beverly Hills Chihuahua (2008),Beverly Hills Chihuahua,Adventure|Children|Comedy,2008
63768,Tattooed Life (Irezumi ichidai) (1965),Tattooed Life (Irezumi ichidai),Crime|Drama,1965
63808,"Class, The (Entre les murs) (2008)","Class, The (Entre les murs)",Drama,2008
63826,Splinter (2008),Splinter,Action|Horror|Thriller,2008
63853,Australia (2008),Australia,Adventure|Drama|War|Western,2008
63859,Bolt (2008),Bolt,Action|Adventure|Animation|Children|Comedy,2008
63876,Milk (2008),Milk,Drama,2008
63992,Twilight (2008),Twilight,Drama|Fantasy|Romance|Thriller,2008
64010,"Children, The (2008)","Children, The",Horror,2008
64030,Transporter 3 (2008),Transporter 3,Action|Adventure|Crime|Thriller,2008
64032,Four Christmases (2008),Four Christmases,Comedy,2008
64034,"Boy in the Striped Pajamas, The (Boy in the Striped Pyjamas, The) (2008)","Boy in the Striped Pajamas, The (Boy in the Striped Pyjamas, The)",Drama|War,2008
64114,Fireproof (2008),Fireproof,Drama|Romance,2008
64116,Igor (2008),Igor,Animation|Comedy,2008
64167,Dinotopia (2002),Dinotopia,Adventure|Fantasy,2002
64197,Hunger (2008),Hunger,Drama,2008
64231,Punisher: War Zone (2008),Punisher: War Zone,Action|Crime|Drama|Thriller,2008
64249,Shrek the Halls (2007),Shrek the Halls,Adventure|Animation|Comedy|Fantasy,2007
64278,"Pervert's Guide to Cinema, The (2006)","Pervert's Guide to Cinema, The",Documentary,2006
64285,Wallace and Gromit in 'A Matter of Loaf and Death' (2008),Wallace and Gromit in 'A Matter of Loaf and Death',Animation|Comedy,2008
64497,"Day the Earth Stood Still, The (2008)","Day the Earth Stood Still, The",Drama|Sci-Fi|Thriller|IMAX,2008
64499,Che: Part One (2008),Che: Part One,Drama|War,2008
64501,Che: Part Two (2008),Che: Part Two,Drama|War,2008
64575,Doubt (2008),Doubt,Drama|Mystery,2008
64614,Gran Torino (2008),Gran Torino,Crime|Drama,2008
64620,Frost/Nixon (2008),Frost/Nixon,Drama,2008
64622,"Reader, The (2008)","Reader, The",Drama|Romance,2008
64695,Sword of the Stranger (Sutorejia: Mukô hadan) (2007),Sword of the Stranger (Sutorejia: Mukô hadan),Action|Adventure|Animation,2007
64716,Seven Pounds (2008),Seven Pounds,Drama,2008
64839,"Wrestler, The (2008)","Wrestler, The",Drama,2008
64957,"Curious Case of Benjamin Button, The (2008)","Curious Case of Benjamin Button, The",Drama|Fantasy|Mystery|Romance,2008
64969,Yes Man (2008),Yes Man,Comedy,2008
64983,Valkyrie (2008),Valkyrie,Drama|Thriller|War,2008
64993,5 Centimeters per Second (Byôsoku 5 senchimêtoru) (2007),5 Centimeters per Second (Byôsoku 5 senchimêtoru),Animation|Drama|Romance,2007
64997,War of the Worlds (2005),War of the Worlds,Action|Sci-Fi,2005
65037,Ben X (2007),Ben X,Drama,2007
65088,Bedtime Stories (2008),Bedtime Stories,Adventure|Children|Comedy,2008
65126,Choke (2008),Choke,Comedy|Drama,2008
65130,Revolutionary Road (2008),Revolutionary Road,Drama|Romance,2008
65133,Blackadder Back & Forth (1999),Blackadder Back & Forth,Comedy,1999
65135,Blackadder's Christmas Carol (1988),Blackadder's Christmas Carol,Comedy,1988
65188,Dear Zachary: A Letter to a Son About His Father (2008),Dear Zachary: A Letter to a Son About His Father,Documentary,2008
65193,Wild Child (2008),Wild Child,Drama|Romance,2008
65216,Defiance (2008),Defiance,Drama|Thriller|War,2008
65225,Zeitgeist: Addendum (2008),Zeitgeist: Addendum,Documentary,2008
65230,Marley & Me (2008),Marley & Me,Comedy|Drama,2008
65261,Ponyo (Gake no ue no Ponyo) (2008),Ponyo (Gake no ue no Ponyo),Adventure|Animation|Children|Fantasy,2008
65350,"General Died at Dawn, The (1936)","General Died at Dawn, The",Adventure|Crime|Thriller,1936
65359,Earthsea (Legend of Earthsea) (2004),Earthsea (Legend of Earthsea),Adventure|Drama|Fantasy,2004
65514,Ip Man (2008),Ip Man,Action|Drama|War,2008
65577,"Tale of Despereaux, The (2008)","Tale of Despereaux, The",Adventure|Animation|Children|Comedy|Fantasy,2008
65585,Bride Wars (2009),Bride Wars,Comedy|Romance,2009
65588,"Gamers, The: Dorkness Rising (2008)","Gamers, The: Dorkness Rising",Action|Adventure|Comedy|Fantasy,2008
65596,Mesrine: Killer Instinct (L'instinct de mort) (2008),Mesrine: Killer Instinct (L'instinct de mort),Action|Crime|Drama|Thriller,2008
65601,My Bloody Valentine 3-D (2009),My Bloody Valentine 3-D,Horror|Thriller,2009
65631,Battle in Seattle (2007),Battle in Seattle,Action|Drama,2007
65642,"Timecrimes (Cronocrímenes, Los) (2007)","Timecrimes (Cronocrímenes, Los)",Sci-Fi|Thriller,2007
65651,Fire and Ice (2008),Fire and Ice,Adventure|Fantasy,2008
65682,Underworld: Rise of the Lycans (2009),Underworld: Rise of the Lycans,Action|Fantasy|Horror|Thriller,2009
65685,Inkheart (2008),Inkheart,Adventure|Fantasy,2008
65738,Revenge of the Nerds III: The Next Generation (1992),Revenge of the Nerds III: The Next Generation,Comedy,1992
65740,Revenge of the Nerds IV: Nerds in Love (1994),Revenge of the Nerds IV: Nerds in Love,Comedy|Romance,1994
65802,Paul Blart: Mall Cop (2009),Paul Blart: Mall Cop,Action|Comedy|Crime,2009
65810,Notorious (2009),Notorious,Drama|Musical,2009
65882,"Uninvited, The (2009)","Uninvited, The",Drama|Horror|Mystery|Thriller,2009
65982,Outlander (2008),Outlander,Action|Adventure|Sci-Fi,2008
66090,Eden Lake (2008),Eden Lake,Horror|Thriller,2008
66097,Coraline (2009),Coraline,Animation|Fantasy|Thriller,2009
66171,Push (2009),Push,Sci-Fi|Thriller,2009
66198,"International, The (2009)","International, The",Drama|Thriller,2009
66203,He's Just Not That Into You (2009),He's Just Not That Into You,Comedy|Drama|Romance,2009
66240,Dead Like Me: Life After Death (2009),Dead Like Me: Life After Death,Comedy|Fantasy,2009
66297,Futurama: Into the Wild Green Yonder (2009),Futurama: Into the Wild Green Yonder,Action|Animation|Comedy|Sci-Fi,2009
66310,Frontière(s) (2007),Frontière(s),Drama|Horror|Thriller,2007
66320,"11th Hour, The (2007)","11th Hour, The",Documentary,2007
66335,Afro Samurai: Resurrection (2009),Afro Samurai: Resurrection,Animation,2009
66371,Departures (Okuribito) (2008),Departures (Okuribito),Drama,2008
66427,My Name Is Bruce (2007),My Name Is Bruce,Comedy|Horror,2007
66509,Funny People (2009),Funny People,Comedy|Drama,2009
66511,Berlin Calling (2008),Berlin Calling,Comedy|Drama,2008
66544,Nuremberg (2000),Nuremberg,Drama|War,2000
66665,Away We Go (2009),Away We Go,Comedy|Drama|Romance,2009
66744,"Divo, Il (2008)","Divo, Il",Drama,2008
66783,Friday the 13th (2009),Friday the 13th,Horror,2009
66785,"Good, the Bad, the Weird, The (Joheunnom nabbeunnom isanghannom) (2008)","Good, the Bad, the Weird, The (Joheunnom nabbeunnom isanghannom)",Action|Adventure|Comedy|Western,2008
66798,"Pink Panther 2, The (2009)","Pink Panther 2, The",Adventure|Comedy|Mystery,2009
66915,Rock-A-Doodle (1991),Rock-A-Doodle,Adventure|Animation|Children|Musical,1991
66934,Dr. Horrible's Sing-Along Blog (2008),Dr. Horrible's Sing-Along Blog,Comedy|Drama|Musical|Sci-Fi,2008
66943,"Cottage, The (2008)","Cottage, The",Comedy|Crime|Horror|Thriller,2008
67087,"I Love You, Man (2009)","I Love You, Man",Comedy,2009
67168,Dance of the Dead (2008),Dance of the Dead,Adventure|Comedy|Horror,2008
67186,"Haunting in Connecticut, The (2009)","Haunting in Connecticut, The",Horror|Thriller,2009
67193,Duplicity (2009),Duplicity,Crime|Romance|Thriller,2009
67197,Knowing (2009),Knowing,Action|Drama|Mystery|Sci-Fi|Thriller,2009
67255,"Girl with the Dragon Tattoo, The (Män som hatar kvinnor) (2009)","Girl with the Dragon Tattoo, The (Män som hatar kvinnor)",Crime|Drama|Mystery|Thriller,2009
67267,Sunshine Cleaning (2008),Sunshine Cleaning,Comedy|Drama,2008
67295,Kung Fu Panda: Secrets of the Furious Five (2008),Kung Fu Panda: Secrets of the Furious Five,Action|Animation|Children|Comedy,2008
67361,Echelon Conspiracy (2009),Echelon Conspiracy,Action|Mystery|Thriller,2009
67408,Monsters vs. Aliens (2009),Monsters vs. Aliens,Animation|Sci-Fi|IMAX,2009
67508,"Baader Meinhof Komplex, Der (2008)","Baader Meinhof Komplex, Der",Action|Crime|Drama|Thriller,2008
67534,Big Stan (2007),Big Stan,Comedy,2007
67618,Strictly Sexual (2008),Strictly Sexual,Comedy|Drama|Romance,2008
67665,Anvil! The Story of Anvil (2008),Anvil! The Story of Anvil,Documentary|Musical,2008
67695,Observe and Report (2009),Observe and Report,Action|Comedy,2009
67734,Adventureland (2009),Adventureland,Comedy|Drama,2009
67788,Confessions of a Shopaholic (2009),Confessions of a Shopaholic,Comedy|Romance,2009
67799,The Butterfly Effect 3: Revelations (2009),The Butterfly Effect 3: Revelations,Drama|Fantasy|Sci-Fi|Thriller,2009
67888,Man on the Flying Trapeze (1935),Man on the Flying Trapeze,Comedy,1935
67923,"Fast & Furious (Fast and the Furious 4, The) (2009)","Fast & Furious (Fast and the Furious 4, The)",Action|Crime|Drama|Thriller,2009
67997,In the Loop (2009),In the Loop,Comedy,2009
68073,Pirate Radio (2009),Pirate Radio,Comedy|Drama,2009
68135,17 Again (2009),17 Again,Comedy|Drama,2009
68157,Inglourious Basterds (2009),Inglourious Basterds,Action|Drama|War,2009
68159,State of Play (2009),State of Play,Crime|Drama|Thriller,2009
68194,"Damned United, The (2009)","Damned United, The",Drama,2009
68205,Crank: High Voltage (2009),Crank: High Voltage,Action|Comedy|Crime,2009
68237,Moon (2009),Moon,Drama|Mystery|Sci-Fi|Thriller,2009
68269,"Young Victoria, The (2009)","Young Victoria, The",Drama|Romance,2009
68319,X-Men Origins: Wolverine (2009),X-Men Origins: Wolverine,Action|Sci-Fi|Thriller,2009
68347,Sin Nombre (2009),Sin Nombre,Crime|Drama|Thriller,2009
68358,Star Trek (2009),Star Trek,Action|Adventure|Sci-Fi|IMAX,2009
68444,"Great Buck Howard, The (2008)","Great Buck Howard, The",Comedy,2008
68480,Flatfoot on the Nile (Piedone d'Egitto) (1980),Flatfoot on the Nile (Piedone d'Egitto),Action|Comedy|Crime,1980
68486,Red Cliff Part II (Chi Bi Xia: Jue Zhan Tian Xia) (2009),Red Cliff Part II (Chi Bi Xia: Jue Zhan Tian Xia),Action|Drama|War,2009
68522,Earth (2007),Earth,Documentary,2007
68536,Stanley Kubrick: A Life in Pictures (2001),Stanley Kubrick: A Life in Pictures,Documentary,2001
68552,Crossing Over (2009),Crossing Over,Drama,2009
68554,Angels & Demons (2009),Angels & Demons,Crime|Drama|Mystery|Thriller,2009
68597,Scorpio (1973),Scorpio,Action|Drama|Thriller,1973
68600,Balls Out: Gary the Tennis Coach (2009),Balls Out: Gary the Tennis Coach,Comedy,2009
68650,Powder Blue (2009),Powder Blue,Drama,2009
68659,Fanboys (2009),Fanboys,Adventure|Comedy|Drama,2009
68791,Terminator Salvation (2009),Terminator Salvation,Action|Adventure|Sci-Fi|Thriller,2009
68793,Night at the Museum: Battle of the Smithsonian (2009),Night at the Museum: Battle of the Smithsonian,Action|Comedy|IMAX,2009
68835,Were the World Mine (2008),Were the World Mine,Adventure|Fantasy|Musical|Romance,2008
68848,"Brothers Bloom, The (2008)","Brothers Bloom, The",Adventure|Comedy|Crime|Romance,2008
68872,Paisan (Paisà) (1946),Paisan (Paisà),Drama|War,1946
68886,I Do: How to Get Married and Stay Single (Prête-moi ta main) (2006),I Do: How to Get Married and Stay Single (Prête-moi ta main),Comedy|Romance,2006
68932,"Soloist, The (2009)","Soloist, The",Drama|Musical,2009
68945,Neon Genesis Evangelion: Death & Rebirth (Shin seiki Evangelion Gekijô-ban: Shito shinsei) (1997),Neon Genesis Evangelion: Death & Rebirth (Shin seiki Evangelion Gekijô-ban: Shito shinsei),Action|Animation|Mystery|Sci-Fi,1997
68952,Drag Me to Hell (2009),Drag Me to Hell,Comedy|Horror,2009
68954,Up (2009),Up,Adventure|Animation|Children|Drama,2009
68959,Fullmetal Alchemist the Movie: Conqueror of Shamballa (Gekijô-ban hagane no renkinjutsushi: Shanbara wo yuku mono) (2005),Fullmetal Alchemist the Movie: Conqueror of Shamballa (Gekijô-ban hagane no renkinjutsushi: Shanbara wo yuku mono),Action|Adventure|Animation|Drama,2005
69069,Fired Up (2009),Fired Up,Comedy,2009
69118,In the Electric Mist (2009),In the Electric Mist,Drama|Mystery,2009
69122,"Hangover, The (2009)","Hangover, The",Comedy|Crime,2009
69131,Killshot (2008),Killshot,Action|Crime|Drama|Thriller,2008
69134,Antichrist (2009),Antichrist,Drama|Fantasy,2009
69140,Sweeney Todd (2006),Sweeney Todd,Crime|Drama|Horror|Thriller,2006
69211,Boy Eats Girl (2005),Boy Eats Girl,Comedy|Horror,2005
69224,Marius and Jeanette (Marius et Jeannette) (1997),Marius and Jeanette (Marius et Jeannette),Comedy|Drama|Romance,1997
69227,Ernest Rides Again (1993),Ernest Rides Again,Children|Comedy,1993
69251,Special (2006),Special,Drama|Fantasy,2006
69275,Dead Snow (Død snø) (2009),Dead Snow (Død snø),Action|Adventure|Comedy|Horror,2009
69278,Land of the Lost (2009),Land of the Lost,Action|Adventure|Comedy|Sci-Fi,2009
69304,Imagine That (2009),Imagine That,Comedy|Drama|Fantasy,2009
69306,"Taking of Pelham 1 2 3, The (2009)","Taking of Pelham 1 2 3, The",Crime|Drama|Thriller,2009
69394,"Stoning of Soraya M., The (2008)","Stoning of Soraya M., The",Crime|Drama,2008
69406,"Proposal, The (2009)","Proposal, The",Comedy|Romance,2009
69436,Year One (2009),Year One,Adventure|Comedy,2009
69453,"Land That Time Forgot, The (1975)","Land That Time Forgot, The",Adventure|Sci-Fi,1975
69469,Garfield's Pet Force (2009),Garfield's Pet Force,Animation,2009
69481,"Hurt Locker, The (2008)","Hurt Locker, The",Action|Drama|Thriller|War,2008
69495,Breakfast with Scot (2007),Breakfast with Scot,Drama|Romance,2007
69516,"Limits of Control, The (2009)","Limits of Control, The",Crime|Drama|Film-Noir,2009
69524,Raiders of the Lost Ark: The Adaptation (1989),Raiders of the Lost Ark: The Adaptation,Action|Adventure|Thriller,1989
69526,Transformers: Revenge of the Fallen (2009),Transformers: Revenge of the Fallen,Action|Adventure|Sci-Fi|IMAX,2009
69529,Home (2009),Home,Documentary,2009
69604,Whatever Works (2009),Whatever Works,Comedy|Romance,2009
69606,Ghosts of Girlfriends Past (2009),Ghosts of Girlfriends Past,Comedy|Fantasy|Romance,2009
69640,Public Enemies (2009),Public Enemies,Crime|Drama|Thriller,2009
69644,Ice Age: Dawn of the Dinosaurs (2009),Ice Age: Dawn of the Dinosaurs,Action|Adventure|Animation|Children|Comedy|Romance,2009
69654,Prison Break: The Final Break (2009),Prison Break: The Final Break,Action|Drama|Thriller,2009
69685,Daria: Is It College Yet? (2002),Daria: Is It College Yet?,Animation|Comedy,2002
69712,My Sister's Keeper (2009),My Sister's Keeper,Drama,2009
69720,Hood of Horror (2006),Hood of Horror,Comedy|Drama|Horror,2006
69746,Watchmen: Tales of the Black Freighter (2009),Watchmen: Tales of the Black Freighter,Action|Adventure|Animation|Horror,2009
69757,(500) Days of Summer (2009),(500) Days of Summer,Comedy|Drama|Romance,2009
69784,Brüno (Bruno) (2009),Brüno (Bruno),Comedy,2009
69805,"Librarian, The: The Curse of the Judas Chalice (2008)","Librarian, The: The Curse of the Judas Chalice",Action|Adventure|Fantasy,2008
69844,Harry Potter and the Half-Blood Prince (2009),Harry Potter and the Half-Blood Prince,Adventure|Fantasy|Mystery|Romance|IMAX,2009
69849,Roots (1977),Roots,Drama|War,1977
69860,Eichmann (2007),Eichmann,Drama|War,2007
69904,Open Water 2: Adrift (2006),Open Water 2: Adrift,Drama|Thriller,2006
69951,"Imaginarium of Doctor Parnassus, The (2009)","Imaginarium of Doctor Parnassus, The",Drama|Fantasy,2009
69953,9to5: Days in Porn (a.k.a. 9 to 5: Days in Porn) (2008),9to5: Days in Porn (a.k.a. 9 to 5: Days in Porn),Documentary,2008
69988,Humpday (2009),Humpday,Comedy,2009
70015,Polytechnique (2009),Polytechnique,Crime|Drama,2009
70159,Orphan (2009),Orphan,Drama|Horror|Mystery|Thriller,2009
70183,"Ugly Truth, The (2009)","Ugly Truth, The",Comedy|Drama|Romance,2009
70206,"Collector, The (2009)","Collector, The",Crime|Horror|Thriller,2009
70208,"Perfect Getaway, A (2009)","Perfect Getaway, A",Horror|Thriller,2009
70286,District 9 (2009),District 9,Mystery|Sci-Fi|Thriller,2009
70293,Julie & Julia (2009),Julie & Julia,Comedy|Drama|Romance,2009
70301,Obsessed (2009),Obsessed,Crime|Drama|Thriller,2009
70305,Race to Witch Mountain (2009),Race to Witch Mountain,Adventure|Children|Fantasy|Sci-Fi|Thriller,2009
70334,Hannah Montana: The Movie (2009),Hannah Montana: The Movie,Comedy|Drama|Musical|Romance,2009
70336,G.I. Joe: The Rise of Cobra (2009),G.I. Joe: The Rise of Cobra,Action|Adventure|Sci-Fi|Thriller,2009
70361,12 Rounds (2009),12 Rounds,Action|Thriller,2009
70451,Max Manus (2008),Max Manus,Action|Drama|War,2008
70492,Winds of the Wasteland (1936),Winds of the Wasteland,Western,1936
70521,Lost in Austen (2008),Lost in Austen,Drama|Fantasy|Romance|Sci-Fi,2008
70533,Evangelion: 1.0 You Are (Not) Alone (Evangerion shin gekijôban: Jo) (2007),Evangelion: 1.0 You Are (Not) Alone (Evangerion shin gekijôban: Jo),Action|Animation|Sci-Fi,2007
70545,"Deal, The (2008)","Deal, The",Comedy,2008
70565,"Goods: Live Hard, Sell Hard, The (2009)","Goods: Live Hard, Sell Hard, The",Comedy,2009
70599,"Time Traveler's Wife, The (2009)","Time Traveler's Wife, The",Drama|Romance|Sci-Fi,2009
70637,I Can't Think Straight (2007),I Can't Think Straight,Drama|Romance,2007
70641,Miss March (2009),Miss March,Comedy,2009
70663,"I Love You, Beth Cooper (2009)","I Love You, Beth Cooper",Comedy|Romance,2009
70687,Paper Heart (2009),Paper Heart,Comedy|Documentary|Drama|Romance,2009
70697,G-Force (2009),G-Force,Action|Adventure|Children|Fantasy,2009
70703,Christopher Columbus: The Discovery (1992),Christopher Columbus: The Discovery,Adventure,1992
70708,Tetro (2009),Tetro,Drama|Mystery,2009
70728,Bronson (2009),Bronson,Action|Comedy|Drama|Thriller,2009
70862,It Might Get Loud (2008),It Might Get Loud,Documentary,2008
70932,My Life in Ruins (2009),My Life in Ruins,Comedy,2009
70946,Troll 2 (1990),Troll 2,Fantasy|Horror,1990
70984,Taking Woodstock (2009),Taking Woodstock,Comedy,2009
70990,If These Walls Could Talk (1996),If These Walls Could Talk,Drama,1996
70994,Halloween II (2009),Halloween II,Horror|Thriller,2009
71033,"Secret in Their Eyes, The (El secreto de sus ojos) (2009)","Secret in Their Eyes, The (El secreto de sus ojos)",Crime|Drama|Mystery|Romance|Thriller,2009
71057,9 (2009),9,Adventure|Animation|Sci-Fi,2009
71106,Frequently Asked Questions About Time Travel (2009),Frequently Asked Questions About Time Travel,Comedy|Sci-Fi,2009
71108,"White Ribbon, The (Das weiße Band) (2009)","White Ribbon, The (Das weiße Band)",Drama|Mystery,2009
71129,Green Lantern: First Flight (2009),Green Lantern: First Flight,Action|Adventure|Animation|Fantasy|Sci-Fi,2009
71131,"Most Hated Family in America, The (2007)","Most Hated Family in America, The",Documentary,2007
71135,Pandorum (2009),Pandorum,Horror|Sci-Fi|Thriller,2009
71147,Death of a Cyclist (Muerte de un ciclista) (1955),Death of a Cyclist (Muerte de un ciclista),Drama,1955
71156,"Men Who Stare at Goats, The (2009)","Men Who Stare at Goats, The",Action|Comedy|Drama,2009
71160,"Hunt For Gollum, The (2009)","Hunt For Gollum, The",Action|Adventure|Fantasy,2009
71205,Jennifer's Body (2009),Jennifer's Body,Comedy|Horror|Sci-Fi|Thriller,2009
71211,"Informant!, The (2009)","Informant!, The",Comedy|Crime|Drama|Thriller,2009
71248,Extract (2009),Extract,Comedy,2009
71252,"Final Destination, The (Final Destination 4) (Final Destination in 3-D, The) (2009)","Final Destination, The (Final Destination 4) (Final Destination in 3-D, The)",Horror|Thriller,2009
71254,Gamer (2009),Gamer,Action|Sci-Fi|Thriller,2009
71264,Cloudy with a Chance of Meatballs (2009),Cloudy with a Chance of Meatballs,Animation|Children|Fantasy|IMAX,2009
71268,Tyler Perry's I Can Do Bad All by Myself (2009),Tyler Perry's I Can Do Bad All by Myself,Comedy|Drama,2009
71282,"Food, Inc. (2008)","Food, Inc.",Documentary,2008
71302,Attack of the 50 Foot Woman (1958),Attack of the 50 Foot Woman,Comedy|Sci-Fi,1958
71304,Thirst (Bakjwi) (2009),Thirst (Bakjwi),Drama|Horror,2009
71327,Bright Star (2009),Bright Star,Drama|Romance,2009
71341,Blood Creek (a.k.a. Town Creek) (2009),Blood Creek (a.k.a. Town Creek),Horror,2009
71379,Paranormal Activity (2009),Paranormal Activity,Horror|Thriller,2009
71429,World's Greatest Dad (2009),World's Greatest Dad,Comedy|Drama,2009
71438,Still Walking (Aruitemo aruitemo) (2008),Still Walking (Aruitemo aruitemo),Drama,2008
71453,"Blood of the Beasts (Sang des bêtes, Le) (1949)","Blood of the Beasts (Sang des bêtes, Le)",Documentary|Drama,1949
71462,"Cove, The (2009)","Cove, The",Documentary,2009
71464,"Serious Man, A (2009)","Serious Man, A",Comedy|Drama,2009
71466,City Island (2009),City Island,Comedy|Drama,2009
71468,Ink (2009),Ink,Action|Fantasy|Sci-Fi,2009
71484,Metropia (2009),Metropia,Animation|Sci-Fi,2009
71494,"Haunted World of El Superbeasto, The (2009)","Haunted World of El Superbeasto, The",Action|Animation|Comedy|Horror|Thriller,2009
71500,Trick 'r Treat (2007),Trick 'r Treat,Comedy|Horror|Thriller,2007
71518,Whip It (2009),Whip It,Comedy|Drama,2009
71520,"Invention of Lying, The (2009)","Invention of Lying, The",Comedy,2009
71530,Surrogates (2009),Surrogates,Action|Sci-Fi|Thriller,2009
71535,Zombieland (2009),Zombieland,Action|Comedy|Horror,2009
71550,Assassination of a High School President (2008),Assassination of a High School President,Comedy|Drama|Mystery,2008
71579,"Education, An (2009)","Education, An",Drama|Romance,2009
71619,Coco Before Chanel (Coco avant Chanel) (2009),Coco Before Chanel (Coco avant Chanel),Drama,2009
71640,Burma VJ: Reporting from a Closed Country (Burma VJ: Reporter i et lukket land) (2008),Burma VJ: Reporting from a Closed Country (Burma VJ: Reporter i et lukket land),Documentary,2008
71668,Couples Retreat (2009),Couples Retreat,Comedy|Romance,2009
71732,I Sell the Dead (2008),I Sell the Dead,Comedy|Horror,2008
71745,Where the Wild Things Are (2009),Where the Wild Things Are,Adventure|Children|Drama|Fantasy|IMAX,2009
71810,Legionnaire (1998),Legionnaire,Action|Adventure|Drama|War,1998
71823,"New York, I Love You (2009)","New York, I Love You",Drama|Romance,2009
71838,Law Abiding Citizen (2009),Law Abiding Citizen,Drama|Thriller,2009
71867,"Misfortunates, The (De helaasheid der dingen) (2009)","Misfortunates, The (De helaasheid der dingen)",Drama,2009
71899,Mary and Max (2009),Mary and Max,Animation|Comedy|Drama,2009
71902,Spread (2009),Spread,Drama|Romance,2009
71910,"Tournament, The (2009)","Tournament, The",Action,2009
71970,"Princess and the Pirate, The (1944)","Princess and the Pirate, The",Adventure|Comedy|Romance,1944
71999,Aelita: The Queen of Mars (Aelita) (1924),Aelita: The Queen of Mars (Aelita),Action|Adventure|Drama|Fantasy|Romance|Sci-Fi|Thriller,1924
72011,Up in the Air (2009),Up in the Air,Drama|Romance,2009
72104,Balance (1989),Balance,Animation|Drama|Mystery|Sci-Fi|Thriller,1989
72129,Saw VI (2009),Saw VI,Crime|Horror|Mystery|Thriller,2009
72142,Love Exposure (Ai No Mukidashi) (2008),Love Exposure (Ai No Mukidashi),Action|Comedy|Drama|Romance,2008
72165,Cirque du Freak: The Vampire's Assistant (2009),Cirque du Freak: The Vampire's Assistant,Action|Adventure|Comedy|Fantasy|Horror|Thriller,2009
72167,"Boondock Saints II: All Saints Day, The (2009)","Boondock Saints II: All Saints Day, The",Action|Crime|Drama|Thriller,2009
72171,Black Dynamite (2009),Black Dynamite,Action|Comedy,2009
72178,Welcome to Dongmakgol (2005),Welcome to Dongmakgol,Comedy|Drama|War,2005
72224,Gentlemen Broncos (2009),Gentlemen Broncos,Comedy,2009
72226,Fantastic Mr. Fox (2009),Fantastic Mr. Fox,Adventure|Animation|Children|Comedy|Crime,2009
72294,"Christmas Carol, A (2009)","Christmas Carol, A",Animation|Children|Drama|Fantasy|IMAX,2009
72308,Battlestar Galactica: The Plan (2009),Battlestar Galactica: The Plan,Action|Adventure|Drama|Sci-Fi,2009
72330,"Private Lives of Pippa Lee, The (2009)","Private Lives of Pippa Lee, The",Drama,2009
72356,Partly Cloudy (2009),Partly Cloudy,Animation|Children|Comedy|Fantasy,2009
72378,2012 (2009),2012,Action|Drama|Sci-Fi|Thriller,2009
72395,Precious (2009),Precious,Drama,2009
72405,Bad Lieutenant: Port of Call New Orleans (2009),Bad Lieutenant: Port of Call New Orleans,Crime|Drama,2009
72407,"Twilight Saga: New Moon, The (2009)","Twilight Saga: New Moon, The",Drama|Fantasy|Horror|Romance|Thriller,2009
72424,Derailed (2002),Derailed,Action|Thriller,2002
72479,"Messenger, The (2009)","Messenger, The",Drama|Romance|War,2009
72489,Ninja Assassin (2009),Ninja Assassin,Action|Crime|Drama|Thriller,2009
72554,Cell 211 (Celda 211) (2009),Cell 211 (Celda 211),Action|Drama,2009
72591,"Patriot, The (1998)","Patriot, The",Action|Thriller,1998
72601,Teenage Mutant Ninja Turtles: Turtles Forever (2009),Teenage Mutant Ninja Turtles: Turtles Forever,Action|Adventure|Animation|Comedy|Thriller,2009
72603,Merry Madagascar (2009),Merry Madagascar,Animation,2009
72605,Brothers (2009),Brothers,Drama|Thriller|War,2009
72624,Garage (2007),Garage,Drama,2007
72641,"Blind Side, The  (2009)","Blind Side, The",Drama,2009
72692,Mickey's Once Upon a Christmas (1999),Mickey's Once Upon a Christmas,Animation|Comedy|Fantasy,1999
72694,Shrink (2009),Shrink,Drama,2009
72696,Old Dogs (2009),Old Dogs,Comedy,2009
72701,Planet 51 (2009),Planet 51,Adventure|Animation|Children|Comedy|Sci-Fi,2009
72714,Earthlings (2006),Earthlings,Documentary,2006
72720,"Single Man, A (2009)","Single Man, A",Drama,2009
72731,"Lovely Bones, The (2009)","Lovely Bones, The",Crime|Drama|Fantasy|Horror|Thriller,2009
72733,Invictus (2009),Invictus,Drama,2009
72737,"Princess and the Frog, The (2009)","Princess and the Frog, The",Animation|Children|Fantasy|Musical|Romance,2009
72874,"Peacekeeper, The (1997)","Peacekeeper, The",Action,1997
72919,Did You Hear About the Morgans? (2009),Did You Hear About the Morgans?,Comedy|Crime|Drama|Romance,2009
72921,Snow White (1916),Snow White,Fantasy|Romance,1916
72982,Alice (2009),Alice,Action|Adventure|Fantasy,2009
72998,Avatar (2009),Avatar,Action|Adventure|Sci-Fi|IMAX,2009
73015,It's Complicated (2009),It's Complicated,Comedy|Romance,2009
73017,Sherlock Holmes (2009),Sherlock Holmes,Action|Crime|Mystery|Thriller,2009
73023,Crazy Heart (2009),Crazy Heart,Drama|Romance,2009
73042,Alvin and the Chipmunks: The Squeakquel (2009),Alvin and the Chipmunks: The Squeakquel,Animation|Children|Comedy|Musical,2009
73106,American Pie Presents: The Book of Love (American Pie 7: The Book of Love) (2009),American Pie Presents: The Book of Love (American Pie 7: The Book of Love),Comedy,2009
73160,Sorority Babes in the Slimeball Bowl-O-Rama (1988),Sorority Babes in the Slimeball Bowl-O-Rama,Comedy|Horror,1988
73211,Pontypool (2008),Pontypool,Horror|Thriller,2008
73266,Youth in Revolt (2009),Youth in Revolt,Comedy|Drama|Romance,2009
73268,Daybreakers (2010),Daybreakers,Action|Drama|Horror|Thriller,2010
73290,Hachiko: A Dog's Story (a.k.a. Hachi: A Dog's Tale) (2009),Hachiko: A Dog's Story (a.k.a. Hachi: A Dog's Tale),Drama,2009
73319,Leap Year (2010),Leap Year,Comedy|Romance,2010
73321,"Book of Eli, The (2010)","Book of Eli, The",Action|Adventure|Drama,2010
73323,"Girl Who Kicked the Hornet's Nest, The (Luftslottet som sprängdes) (2009)","Girl Who Kicked the Hornet's Nest, The (Luftslottet som sprängdes)",Action|Crime|Mystery,2009
73344,"Prophet, A (Un Prophète) (2009)","Prophet, A (Un Prophète)",Crime|Drama,2009
73386,Staten Island (2009),Staten Island,Crime|Drama,2009
73431,"Maiden Heist, The (2009)","Maiden Heist, The",Comedy|Crime,2009
73488,Blood: The Last Vampire (2009),Blood: The Last Vampire,Action|Horror|Thriller,2009
73499,MacGyver: Lost Treasure of Atlantis (1994),MacGyver: Lost Treasure of Atlantis,Action|Adventure,1994
73501,Pekka ja Pätkä Suezilla (1958),Pekka ja Pätkä Suezilla,Comedy,1958
73515,Bart Got a Room (2008),Bart Got a Room,Comedy|Romance,2008
73569,Project A 2 ('A' gai wak juk jap) (1987),Project A 2 ('A' gai wak juk jap),Action|Comedy|Crime,1987
73676,Robin-B-Hood (Bo bui gai wak) (2006),Robin-B-Hood (Bo bui gai wak),Action|Comedy|Drama,2006
73681,"Concert, Le (2009)","Concert, Le",Comedy|Drama,2009
73741,Ninja (2009),Ninja,Action|Crime|Drama|Thriller,2009
73804,Asterix at the Olympic Games (Astérix aux jeux olympiques) (2008),Asterix at the Olympic Games (Astérix aux jeux olympiques),Adventure|Children|Comedy|Fantasy,2008
73808,"Chaser, The (Chugyeogja) (2008)","Chaser, The (Chugyeogja)",Crime|Drama|Thriller,2008
73822,Meantime (1984),Meantime,Comedy|Drama,1984
73854,"Rudolph, the Red-Nosed Reindeer (1964)","Rudolph, the Red-Nosed Reindeer",Adventure|Animation|Children|Fantasy|Musical,1964
73858,"Dennis the Menace Christmas, A (2007)","Dennis the Menace Christmas, A",Comedy,2007
73876,Undisputed II: Last Man Standing (2006),Undisputed II: Last Man Standing,Action|Crime|Drama,2006
73881,3 Idiots (2009),3 Idiots,Comedy|Drama|Romance,2009
73929,Legion (2010),Legion,Action|Fantasy|Horror|Thriller,2010
74075,Stan Helsing (2009),Stan Helsing,Comedy|Horror,2009
74089,Peter Pan (1960),Peter Pan,Children|Fantasy|Musical,1960
74095,Wicked City (Yôjû toshi) (1987),Wicked City (Yôjû toshi),Animation|Fantasy|Horror|Sci-Fi,1987
74154,When in Rome (2010),When in Rome,Comedy|Romance,2010
74226,"Dream of Light (a.k.a. Quince Tree Sun, The) (Sol del membrillo, El) (1992)","Dream of Light (a.k.a. Quince Tree Sun, The) (Sol del membrillo, El)",Documentary|Drama,1992
74228,Triangle (2009),Triangle,Drama|Horror|Mystery|Thriller,2009
74275,I Love You Phillip Morris (2009),I Love You Phillip Morris,Comedy|Drama|Romance,2009
74282,Anne of Green Gables: The Sequel (a.k.a. Anne of Avonlea) (1987),Anne of Green Gables: The Sequel (a.k.a. Anne of Avonlea),Children|Drama|Romance,1987
74324,Temple Grandin (2010),Temple Grandin,Drama,2010
74342,"Captain Newman, M.D. (1963)","Captain Newman, M.D.",Comedy|Drama|War,1963
74370,"House of the Devil, The (2009)","House of the Devil, The",Horror|Thriller,2009
74450,Valentine's Day (2010),Valentine's Day,Comedy|Romance,2010
74452,"Wolfman, The (2010)","Wolfman, The",Horror|Thriller,2010
74458,Shutter Island (2010),Shutter Island,Drama|Mystery|Thriller,2010
74508,Persuasion (2007),Persuasion,Drama|Romance,2007
74510,"Girl Who Played with Fire, The (Flickan som lekte med elden) (2009)","Girl Who Played with Fire, The (Flickan som lekte med elden)",Action|Crime|Drama|Mystery|Thriller,2009
74530,Percy Jackson & the Olympians: The Lightning Thief (2010),Percy Jackson & the Olympians: The Lightning Thief,Adventure|Fantasy,2010
74532,Cop Out (2010),Cop Out,Action|Comedy|Crime,2010
74545,"Ghost Writer, The (2010)","Ghost Writer, The",Drama|Mystery|Thriller,2010
74553,"Secret of Kells, The (2009)","Secret of Kells, The",Animation|Fantasy,2009
74580,"Spy Next Door, The (2010)","Spy Next Door, The",Action|Children|Comedy,2010
74624,Agora (2009),Agora,Adventure|Drama|Romance,2009
74647,Motherhood (2009),Motherhood,Comedy,2009
74668,District 13: Ultimatum (Banlieue 13 - Ultimatum) (2009),District 13: Ultimatum (Banlieue 13 - Ultimatum),Action|Sci-Fi,2009
74677,"Yes Men Fix the World, The (2009)","Yes Men Fix the World, The",Documentary,2009
74683,Mike Bassett: England Manager (2001),Mike Bassett: England Manager,Comedy,2001
74685,"Crazies, The (2010)","Crazies, The",Action|Drama|Horror|Sci-Fi|Thriller,2010
74688,Dear John (2010),Dear John,Drama|Romance|War,2010
74696,Last Train Home (2009),Last Train Home,Documentary|Drama,2009
74698,Tooth Fairy (2010),Tooth Fairy,Comedy|Fantasy,2010
74727,Gentlemen of Fortune (Dzhentlmeny udachi) (1972),Gentlemen of Fortune (Dzhentlmeny udachi),Comedy|Crime|Drama|Mystery,1972
74750,[REC]² (2009),[REC]²,Horror|Thriller,2009
74754,"Room, The (2003)","Room, The",Comedy|Drama|Romance,2003
74789,Alice in Wonderland (2010),Alice in Wonderland,Adventure|Fantasy|IMAX,2010
74791,"Town Called Panic, A (Panique au village) (2009)","Town Called Panic, A (Panique au village)",Animation,2009
74795,Green Zone (2010),Green Zone,Action|Drama|Thriller|War,2010
74851,From Paris with Love (2010),From Paris with Love,Action|Crime,2010
74868,Dorian Gray (2009),Dorian Gray,Drama|Horror|Sci-Fi,2009
74916,Greenberg (2010),Greenberg,Comedy|Drama,2010
74946,She's Out of My League (2010),She's Out of My League,Comedy,2010
74948,Harry Brown (2009),Harry Brown,Crime|Drama|Thriller,2009
75341,Remember Me (2010),Remember Me,Drama|Romance,2010
75389,"Burrowers, The (2008)","Burrowers, The",Horror|Thriller|Western,2008
75395,Frozen (2010),Frozen,Drama|Horror|Thriller,2010
75416,Generation X (1996),Generation X,Action|Adventure|Sci-Fi,1996
75446,Little Ashes (2008),Little Ashes,Drama,2008
75803,Our Family Wedding (2010),Our Family Wedding,Comedy,2010
75805,"Bounty Hunter, The (2010)","Bounty Hunter, The",Action|Comedy|Romance,2010
75813,Leaves of Grass (2009),Leaves of Grass,Comedy|Crime|Drama|Thriller,2009
75816,Women in Trouble (2009),Women in Trouble,Comedy,2009
75947,Mondo Cane (1962),Mondo Cane,Documentary,1962
75985,Repo Men (2010),Repo Men,Action|Sci-Fi|Thriller,2010
76030,Case 39 (2009),Case 39,Horror|Thriller,2009
76054,Oceans (Océans) (2009),Oceans (Océans),Documentary|Drama,2009
76060,"Slammin' Salmon, The (2009)","Slammin' Salmon, The",Comedy,2009
76077,Hot Tub Time Machine (2010),Hot Tub Time Machine,Comedy|Sci-Fi,2010
76091,Mother (Madeo) (2009),Mother (Madeo),Crime|Drama|Mystery|Thriller,2009
76093,How to Train Your Dragon (2010),How to Train Your Dragon,Adventure|Animation|Children|Fantasy|IMAX,2010
76143,"Bone Man, The (Der Knochenmann) (2009)","Bone Man, The (Der Knochenmann)",Crime|Thriller,2009
76173,Micmacs (Micmacs à tire-larigot) (2009),Micmacs (Micmacs à tire-larigot),Comedy|Crime,2009
76175,Clash of the Titans (2010),Clash of the Titans,Action|Adventure|Drama|Fantasy,2010
76251,Kick-Ass (2010),Kick-Ass,Action|Comedy,2010
76293,Date Night (2010),Date Night,Action|Comedy|Romance,2010
76301,"Emperor's New Groove 2: Kronk's New Groove, The (2005)","Emperor's New Groove 2: Kronk's New Groove, The",Animation|Children|Comedy|Romance,2005
76738,Steam of Life (Miesten vuoro) (2010),Steam of Life (Miesten vuoro),Documentary,2010
76743,Mortadelo & Filemon: The Big Adventure (La gran aventura de Mortadelo y Filemón) (2003),Mortadelo & Filemon: The Big Adventure (La gran aventura de Mortadelo y Filemón),Action|Adventure|Comedy,2003
76751,American Drug War: The Last White Hope (2007),American Drug War: The Last White Hope,Crime|Documentary,2007
76763,"Runaways, The (2010)","Runaways, The",Drama|Musical,2010
77177,Wild China (2008),Wild China,Documentary,2008
77191,Death at a Funeral (2010),Death at a Funeral,Comedy,2010
77201,Valhalla Rising (2009),Valhalla Rising,Action|Drama|War,2009
77206,Diary of a Wimpy Kid (2010),Diary of a Wimpy Kid,Children|Comedy,2010
77233,"Union: The Business Behind Getting High, The (2007)","Union: The Business Behind Getting High, The",Comedy|Documentary,2007
77266,Disgrace (2008),Disgrace,Drama,2008
77364,"Losers, The (2010)","Losers, The",Action|Adventure|Drama|Mystery|Thriller,2010
77414,"Last Song, The (2010)","Last Song, The",Drama|Romance,2010
77421,Cyrus (2010),Cyrus,Comedy|Drama|Romance,2010
77427,"Human Centipede, The (First Sequence) (2009)","Human Centipede, The (First Sequence)",Horror,2009
77455,Exit Through the Gift Shop (2010),Exit Through the Gift Shop,Comedy|Documentary,2010
77561,Iron Man 2 (2010),Iron Man 2,Action|Adventure|Sci-Fi|Thriller|IMAX,2010
77667,MacGruber (2010),MacGruber,Action|Comedy,2010
77688,Three Men and a Cradle (3 hommes et un couffin) (1985),Three Men and a Cradle (3 hommes et un couffin),Comedy,1985
77709,"Sky Crawlers, The (Sukai kurora) (2008)","Sky Crawlers, The (Sukai kurora)",Adventure|Animation|Drama,2008
77795,Cargo (2009),Cargo,Sci-Fi,2009
77798,"Nightmare on Elm Street, A (2010)","Nightmare on Elm Street, A",Fantasy|Horror|Thriller,2010
77800,Four Lions (2010),Four Lions,Comedy|Drama,2010
77841,St Trinian's 2: The Legend of Fritton's Gold (2009),St Trinian's 2: The Legend of Fritton's Gold,Adventure|Comedy,2009
77846,12 Angry Men (1997),12 Angry Men,Crime|Drama,1997
77866,Robin Hood (2010),Robin Hood,Action|Adventure|Drama|Romance|War,2010
77881,Lovers & Leavers (Kuutamolla) (2002),Lovers & Leavers (Kuutamolla),Drama|Romance,2002
77893,Merantau (2009),Merantau,Action|Drama,2009
77931,Stingray Sam (2009),Stingray Sam,Comedy|Musical|Sci-Fi|Western,2009
78034,Cemetery Junction (2010),Cemetery Junction,Comedy|Drama|Romance,2010
78039,Blue Valentine (2010),Blue Valentine,Drama|Romance,2010
78041,Killers (2010),Killers,Action|Comedy,2010
78088,Buried (2010),Buried,Mystery|Thriller,2010
78103,Shake Hands with the Devil (2007),Shake Hands with the Devil,Drama|War,2007
78105,Prince of Persia: The Sands of Time (2010),Prince of Persia: The Sands of Time,Action|Adventure|Fantasy|Romance|IMAX,2010
78116,Please Give (2010),Please Give,Comedy|Drama,2010
78142,Baarìa (2009),Baarìa,Comedy|Drama|War,2009
78160,Ricky Gervais Live: Animals (2003),Ricky Gervais Live: Animals,Comedy,2003
78174,Sex and the City 2 (2010),Sex and the City 2,Comedy|Drama|Romance,2010
78209,Get Him to the Greek (2010),Get Him to the Greek,Comedy,2010
78218,Unthinkable (2010),Unthinkable,Drama|Thriller,2010
78264,"Back-up Plan, The (2010)","Back-up Plan, The",Comedy|Romance,2010
78266,Splice (2009),Splice,Horror|Sci-Fi|Thriller,2009
78316,Letters to Juliet (2010),Letters to Juliet,Drama|Romance,2010
78349,Exam (2009),Exam,Mystery|Thriller,2009
78467,Jonah Hex (2010),Jonah Hex,Action|Drama|Thriller|Western,2010
78469,"A-Team, The (2010)","A-Team, The",Action|Comedy|Thriller,2010
78499,Toy Story 3 (2010),Toy Story 3,Adventure|Animation|Children|Comedy|Fantasy|IMAX,2010
78544,Ricky Gervais Live 3: Fame (2007),Ricky Gervais Live 3: Fame,Comedy,2007
78574,Winter's Bone (2010),Winter's Bone,Drama|Thriller,2010
78620,"Scalphunters, The (1968)","Scalphunters, The",Comedy|Western,1968
78626,Barking Dogs Never Bite (Flandersui gae) (2000),Barking Dogs Never Bite (Flandersui gae),Comedy|Horror,2000
78637,Shrek Forever After (a.k.a. Shrek: The Final Chapter) (2010),Shrek Forever After (a.k.a. Shrek: The Final Chapter),Adventure|Animation|Children|Comedy|Fantasy|IMAX,2010
78703,TiMER (2009),TiMER,Comedy|Drama|Fantasy|Romance,2009
78746,Best Worst Movie (2009),Best Worst Movie,Documentary,2009
78772,"Twilight Saga: Eclipse, The (2010)","Twilight Saga: Eclipse, The",Fantasy|Romance|Thriller|IMAX,2010
78836,Enter the Void (2009),Enter the Void,Drama,2009
78893,"Last Airbender, The (2010)","Last Airbender, The",Action|Adventure|Fantasy,2010
78959,Endgame (2009),Endgame,Drama,2009
79006,Empire of Dreams: The Story of the 'Star Wars' Trilogy (2004),Empire of Dreams: The Story of the 'Star Wars' Trilogy,Documentary,2004
79008,South Park: Imaginationland (2008),South Park: Imaginationland,Animation|Comedy|Fantasy,2008
79057,Predators (2010),Predators,Action|Sci-Fi|Thriller,2010
79073,When You're Strange (2009),When You're Strange,Documentary,2009
79091,Despicable Me (2010),Despicable Me,Animation|Children|Comedy|Crime,2010
79132,Inception (2010),Inception,Action|Crime|Drama|Mystery|Sci-Fi|Thriller|IMAX,2010
79134,Grown Ups (2010),Grown Ups,Comedy,2010
79139,"Sorcerer's Apprentice, The (2010)","Sorcerer's Apprentice, The",Action|Adventure|Children|Comedy|Fantasy,2010
79185,Knight and Day (2010),Knight and Day,Action|Comedy|Romance,2010
79224,"Karate Kid, The (2010)","Karate Kid, The",Action|Children|Drama,2010
79242,"Kids Are All Right, The (2010)","Kids Are All Right, The",Comedy|Drama,2010
79251,"Serbian Film, A (Srpski film) (2010)","Serbian Film, A (Srpski film)",Horror|Thriller,2010
79259,Cherrybomb (2009),Cherrybomb,Drama|Thriller,2009
79274,Batman: Under the Red Hood (2010),Batman: Under the Red Hood,Action|Animation,2010
79293,Salt (2010),Salt,Action|Thriller,2010
79299,"No. 1 Ladies' Detective Agency, The (2008)","No. 1 Ladies' Detective Agency, The",Comedy|Crime|Mystery,2008
79333,Watch Out for the Automobile (Beregis avtomobilya) (1966),Watch Out for the Automobile (Beregis avtomobilya),Comedy|Crime|Romance,1966
79357,Mr. Nobody (2009),Mr. Nobody,Drama|Fantasy|Romance|Sci-Fi,2009
79428,Dinner for Schmucks (2010),Dinner for Schmucks,Comedy,2010
79501,Deadly Outlaw: Rekka (a.k.a. Violent Fire) (Jitsuroku Andô Noboru kyôdô-den: Rekka) (2002),Deadly Outlaw: Rekka (a.k.a. Violent Fire) (Jitsuroku Andô Noboru kyôdô-den: Rekka),Crime|Drama|Thriller,2002
79536,Hellsinki (Rööperi) (2009),Hellsinki (Rööperi),Crime,2009
79553,Ip Man 2 (2010),Ip Man 2,Action,2010
79572,Ramona and Beezus (2010),Ramona and Beezus,Children|Comedy,2010
79590,"Rebound, The (2009)","Rebound, The",Comedy|Romance,2009
79592,"Other Guys, The (2010)","Other Guys, The",Action|Comedy,2010
79677,"Two Escobars, The (2010)","Two Escobars, The",Crime|Documentary,2010
79684,Paper Man (2009),Paper Man,Comedy|Drama,2009
79695,"Expendables, The (2010)","Expendables, The",Action|Adventure|Thriller,2010
79702,Scott Pilgrim vs. the World (2010),Scott Pilgrim vs. the World,Action|Comedy|Fantasy|Musical|Romance,2010
79798,I Killed My Mother (J'ai tué ma mère) (2009),I Killed My Mother (J'ai tué ma mère),Drama,2009
79868,Heartless (2009),Heartless,Fantasy|Horror|Mystery|Thriller,2009
79879,Piranha (Piranha 3D) (2010),Piranha (Piranha 3D),Action|Horror|Thriller,2010
79895,"Extraordinary Adventures of Adèle Blanc-Sec, The (2010)","Extraordinary Adventures of Adèle Blanc-Sec, The",Action|Adventure|Fantasy|Mystery,2010
79897,Get Low (2009),Get Low,Comedy|Drama|Mystery,2009
79946,"Joneses, The (2009)","Joneses, The",Comedy|Drama,2009
80083,Dragon Ball Z: Dead Zone (Doragon bôru Z 1: Ora no Gohan wo kaese) (1989),Dragon Ball Z: Dead Zone (Doragon bôru Z 1: Ora no Gohan wo kaese),Action|Adventure|Animation|Fantasy|Sci-Fi,1989
80094,"Last Exorcism, The (2010)","Last Exorcism, The",Horror|Thriller,2010
80124,Sisters (Syostry) (2001),Sisters (Syostry),Action|Crime|Drama,2001
80126,"American, The (2010)","American, The",Drama|Thriller,2010
80139,Jackass 2.5 (2007),Jackass 2.5,Comedy|Documentary,2007
80162,"Horde, The (La Horde) (2009)","Horde, The (La Horde)",Action|Horror|Thriller,2009
80166,"Switch, The (2010)","Switch, The",Comedy|Romance,2010
80219,Machete (2010),Machete,Action|Adventure|Comedy|Crime|Thriller,2010
80241,Going the Distance (2010),Going the Distance,Comedy|Romance,2010
80363,Resident Evil: Afterlife (2010),Resident Evil: Afterlife,Action|Horror|Sci-Fi|Thriller|IMAX,2010
80454,Princess (Prinsessa) (2010),Princess (Prinsessa),Drama,2010
80463,"Social Network, The (2010)","Social Network, The",Drama,2010
80478,"Man Vanishes, A (Ningen Johatsu) (1967)","Man Vanishes, A (Ningen Johatsu)",Documentary|Drama|Mystery,1967
80489,"Town, The (2010)","Town, The",Crime|Drama|Thriller,2010
80549,Easy A (2010),Easy A,Comedy|Romance,2010
80551,Eat Pray Love (2010),Eat Pray Love,Drama|Romance,2010
80553,Howl (2010),Howl,Drama,2010
80572,I'm Still Here (2010),I'm Still Here,Comedy|Drama,2010
80584,"Patrik Age 1.5 (Patrik 1,5) (2008)","Patrik Age 1.5 (Patrik 1,5)",Comedy|Drama|Romance,2008
80586,Flipped (2010),Flipped,Comedy|Drama|Romance,2010
80590,Wall Street: Money Never Sleeps (2010),Wall Street: Money Never Sleeps,Drama,2010
80615,Legend of the Guardians: The Owls of Ga'Hoole (2010),Legend of the Guardians: The Owls of Ga'Hoole,Adventure|Animation|Fantasy|IMAX,2010
80693,It's Kind of a Funny Story (2010),It's Kind of a Funny Story,Comedy|Drama,2010
80727,Middle Men (2009),Middle Men,Comedy|Crime|Drama,2009
80748,Alice in Wonderland (1933),Alice in Wonderland,Adventure|Children|Fantasy,1933
80831,Let Me In (2010),Let Me In,Drama|Horror|Mystery,2010
80834,Sintel (2010),Sintel,Animation|Fantasy,2010
80839,Secretariat (2010),Secretariat,Adventure|Drama,2010
80846,Devil (2010),Devil,Horror|Mystery|Thriller,2010
80858,You Again (2010),You Again,Comedy,2010
80860,Life as We Know It (2010),Life as We Know It,Comedy|Romance,2010
80862,Catfish (2010),Catfish,Documentary|Mystery,2010
80864,You Will Meet a Tall Dark Stranger (2010),You Will Meet a Tall Dark Stranger,Comedy|Romance,2010
80880,Stone (2010),Stone,Drama|Thriller,2010
80906,Inside Job (2010),Inside Job,Documentary,2010
80917,Monsters (2010),Monsters,Drama|Sci-Fi,2010
80969,Never Let Me Go (2010),Never Let Me Go,Drama|Romance|Sci-Fi,2010
81018,"Illusionist, The (L'illusionniste) (2010)","Illusionist, The (L'illusionniste)",Animation,2010
81087,Luck by Chance (2009),Luck by Chance,Drama,2009
81132,Rubber (2010),Rubber,Action|Adventure|Comedy|Crime|Drama|Film-Noir|Horror|Mystery|Thriller|Western,2010
81156,Jackass 3D (2010),Jackass 3D,Action|Comedy|Documentary,2010
81158,Restrepo (2010),Restrepo,Documentary|War,2010
81191,Waiting for 'Superman' (2010),Waiting for 'Superman',Documentary,2010
81229,Red (2010),Red,Action|Comedy,2010
81257,In a Better World (Hævnen) (2010),In a Better World (Hævnen),Drama,2010
81383,Heartbreaker (L'Arnacoeur) (2010),Heartbreaker (L'Arnacoeur),Comedy|Romance,2010
81417,Paranormal Activity 2 (2010),Paranormal Activity 2,Horror|IMAX,2010
81456,Heartbeats (Les amours imaginaires) (2010),Heartbeats (Les amours imaginaires),Drama|Romance,2010
81512,Hereafter (2010),Hereafter,Drama|Fantasy,2010
81520,Undisputed III: Redemption (2010),Undisputed III: Redemption,Action|Crime|Drama,2010
81535,Saw VII 3D - The Final Chapter (2010),Saw VII 3D - The Final Chapter,Horror|Mystery|Thriller,2010
81537,Due Date (2010),Due Date,Comedy,2010
81562,127 Hours (2010),127 Hours,Adventure|Drama|Thriller,2010
81564,Megamind (2010),Megamind,Action|Animation|Children|Comedy|Sci-Fi|IMAX,2010
81591,Black Swan (2010),Black Swan,Drama|Thriller,2010
81681,I Shot Jesse James (1949),I Shot Jesse James,Drama|Romance|Western,1949
81782,Unstoppable (2010),Unstoppable,Action|Drama|Thriller,2010
81784,Morning Glory (2010),Morning Glory,Comedy|Drama|Romance,2010
81786,Certified Copy (Copie conforme) (2010),Certified Copy (Copie conforme),Drama,2010
81788,"Next Three Days, The (2010)","Next Three Days, The",Crime|Drama|Romance|Thriller,2010
81791,Somewhere (2010),Somewhere,Drama,2010
81819,Biutiful (2010),Biutiful,Drama,2010
81831,"First Beautiful Thing, The (La prima cosa bella) (2010)","First Beautiful Thing, The (La prima cosa bella)",Comedy|Drama,2010
81834,Harry Potter and the Deathly Hallows: Part 1 (2010),Harry Potter and the Deathly Hallows: Part 1,Action|Adventure|Fantasy|IMAX,2010
81845,"King's Speech, The (2010)","King's Speech, The",Drama,2010
81847,Tangled (2010),Tangled,Animation|Children|Comedy|Fantasy|Musical|Romance|IMAX,2010
81910,"Art of the Steal, The (2009)","Art of the Steal, The",Documentary,2009
81932,"Fighter, The (2010)","Fighter, The",Drama,2010
81949,"Romantics, The (2010)","Romantics, The",Comedy|Drama|Romance,2010
82041,"Loved Ones, The (2009)","Loved Ones, The",Horror,2009
82053,Casino Jack (2010),Casino Jack,Comedy|Crime,2010
82088,Vincent Wants to Sea (Vincent will meer) (2010),Vincent Wants to Sea (Vincent will meer),Drama,2010
82093,London Boulevard (2010),London Boulevard,Crime|Romance,2010
82095,Skyline (2010),Skyline,Sci-Fi|Thriller,2010
82152,Beastly (2011),Beastly,Drama|Fantasy|Romance,2011
82167,Love and Other Drugs (2010),Love and Other Drugs,Comedy|Drama|Romance,2010
82169,"Chronicles of Narnia: The Voyage of the Dawn Treader, The (2010)","Chronicles of Narnia: The Voyage of the Dawn Treader, The",Adventure|Children|Fantasy,2010
82202,"Tourist, The (2010)","Tourist, The",Drama|Thriller,2010
82242,Rare Exports: A Christmas Tale (Rare Exports) (2010),Rare Exports: A Christmas Tale (Rare Exports),Action|Comedy,2010
82366,Hatchet II (2010),Hatchet II,Comedy|Horror|Thriller,2010
82378,All Good Things (2010),All Good Things,Drama|Mystery|Thriller,2010
82459,True Grit (2010),True Grit,Western,2010
82461,Tron: Legacy (2010),Tron: Legacy,Action|Adventure|Sci-Fi|IMAX,2010
82499,How Do You Know (2010),How Do You Know,Comedy|Drama|Romance,2010
82527,Barney's Version (2010),Barney's Version,Drama,2010
82534,"Company Men, The (2010)","Company Men, The",Drama,2010
82641,"One-Armed Swordsman, The (Dubei dao) (1967)","One-Armed Swordsman, The (Dubei dao)",Action|Drama,1967
82667,I Saw the Devil (Akmareul boatda) (2010),I Saw the Devil (Akmareul boatda),Crime|Thriller,2010
82684,Trash Humpers (2009),Trash Humpers,Drama,2009
82744,Faster (2010),Faster,Action|Crime|Drama,2010
82765,Little Big Soldier (Da bing xiao jiang) (2010),Little Big Soldier (Da bing xiao jiang),Action|Adventure|Comedy|Drama|War,2010
82767,Rabbit Hole (2010),Rabbit Hole,Drama,2010
82848,One Week (1920),One Week,Comedy,1920
82852,Little Fockers (2010),Little Fockers,Comedy,2010
82854,Gulliver's Travels (2010),Gulliver's Travels,Adventure|Comedy|Fantasy,2010
82857,Sweetgrass (2009),Sweetgrass,Adventure|Documentary|Western,2009
83086,Burlesque (2010),Burlesque,Drama|Musical|Romance,2010
83132,"Secret World of Arrietty, The (Kari-gurashi no Arietti) (2010)","Secret World of Arrietty, The (Kari-gurashi no Arietti)",Animation|Children|Fantasy,2010
83134,Tucker & Dale vs Evil (2010),Tucker & Dale vs Evil,Comedy|Horror,2010
83177,Yogi Bear (2010),Yogi Bear,Children|Comedy,2010
83270,Made in Dagenham (2010),Made in Dagenham,Comedy|Drama,2010
83349,"Green Hornet, The (2011)","Green Hornet, The",Action|Comedy|Crime|Fantasy|Thriller|IMAX,2011
83369,"Way Back, The (2010)","Way Back, The",Drama,2010
83374,"Warrior's Way, The (2010)","Warrior's Way, The",Action|Fantasy|Western,2010
83480,Season of the Witch (2011),Season of the Witch,Adventure|Drama|Fantasy,2011
83601,Amer (2009),Amer,Drama|Horror,2009
83613,Cowboys & Aliens (2011),Cowboys & Aliens,Action|Sci-Fi|Thriller|Western|IMAX,2011
83796,Anything for Her (Pour elle) (2008),Anything for Her (Pour elle),Crime|Drama|Thriller,2008
83803,Day & Night (2010),Day & Night,Animation|Children,2010
83827,Marwencol (2010),Marwencol,Documentary,2010
83910,"Dilemma, The (2011)","Dilemma, The",Comedy|Drama,2011
83969,Down Argentine Way (1940),Down Argentine Way,Comedy|Drama|Romance,1940
83976,"Trip, The (2010)","Trip, The",Comedy|Drama,2010
84152,Limitless (2011),Limitless,Sci-Fi|Thriller,2011
84156,Happy People: A Year in the Taiga (2010),Happy People: A Year in the Taiga,Documentary,2010
84187,Evangelion: 2.0 You Can (Not) Advance (Evangerion shin gekijôban: Ha) (2009),Evangelion: 2.0 You Can (Not) Advance (Evangerion shin gekijôban: Ha),Action|Animation|Drama|Sci-Fi,2009
84189,I Spit on Your Grave (2010),I Spit on Your Grave,Crime|Horror|Thriller,2010
84240,Even the Rain (También la lluvia) (2010),Even the Rain (También la lluvia),Drama,2010
84246,It Happened on Fifth Avenue (1947),It Happened on Fifth Avenue,Comedy|Romance,1947
84273,Zeitgeist: Moving Forward (2011),Zeitgeist: Moving Forward,Documentary,2011
84374,No Strings Attached (2011),No Strings Attached,Comedy|Romance,2011
84392,"Lincoln Lawyer, The (2011)","Lincoln Lawyer, The",Crime|Drama|Thriller,2011
84414,All-Star Superman (2011),All-Star Superman,Action|Adventure|Animation|Sci-Fi,2011
84512,Girls About Town (1931),Girls About Town,Comedy,1931
84523,Kill! (Kiru) (1968),Kill! (Kiru),Action|Comedy|Drama,1968
84553,Pekka ja Pätkä salapoliiseina (1957),Pekka ja Pätkä salapoliiseina,Comedy,1957
84601,Unknown (2011),Unknown,Drama|Mystery|Thriller,2011
84615,Cedar Rapids (2011),Cedar Rapids,Comedy,2011
84637,Gnomeo & Juliet (2011),Gnomeo & Juliet,Adventure|Animation|Children|Comedy|Fantasy|Romance,2011
84696,Burke and Hare (2010),Burke and Hare,Comedy|Thriller,2010
84716,Castaway on the Moon (Kimssi pyoryugi) (2009),Castaway on the Moon (Kimssi pyoryugi),Comedy|Drama|Romance,2009
84772,Paul (2011),Paul,Adventure|Comedy|Sci-Fi,2011
84799,"Asphyx, The (1973)","Asphyx, The",Horror|Sci-Fi,1973
84844,Brother 2 (Brat 2) (2000),Brother 2 (Brat 2),Crime|Drama,2000
84847,Emma (2009),Emma,Comedy|Drama|Romance,2009
84942,Drive Angry (2011),Drive Angry,Action|Fantasy|Thriller,2011
84944,Rango (2011),Rango,Action|Adventure|Animation|Children|Comedy|Western,2011
84950,Take Me Home Tonight (2011),Take Me Home Tonight,Comedy|Drama,2011
84952,Confessions (Kokuhaku) (2010),Confessions (Kokuhaku),Drama|Horror,2010
84954,"Adjustment Bureau, The (2011)","Adjustment Bureau, The",Romance|Sci-Fi|Thriller,2011
85020,"Mechanic, The (2011)","Mechanic, The",Action|Drama|Thriller,2011
85022,Hall Pass (2011),Hall Pass,Comedy,2011
85025,"Eagle, The (2011)","Eagle, The",Adventure|Drama,2011
85056,I Am Number Four (2011),I Am Number Four,Action|Sci-Fi|Thriller|IMAX,2011
85131,Battle: Los Angeles (2011),Battle: Los Angeles,Action|Sci-Fi|War,2011
85179,Summer Wars (Samâ wôzu) (2009),Summer Wars (Samâ wôzu),Adventure|Animation|Comedy|Sci-Fi,2009
85213,"Sunset Limited, The (2011)","Sunset Limited, The",Drama,2011
85259,Winnie the Pooh and the Honey Tree (1966),Winnie the Pooh and the Honey Tree,Animation|Children,1966
85261,Mars Needs Moms (2011),Mars Needs Moms,Action|Adventure|Animation|Children|Comedy|Sci-Fi|IMAX,2011
85295,Scooby-Doo! Curse of the Lake Monster (2010),Scooby-Doo! Curse of the Lake Monster,Adventure|Children|Comedy|Mystery,2010
85316,Winnie the Pooh and Tigger Too (1974),Winnie the Pooh and Tigger Too,Animation|Children,1974
85334,Hard Ticket to Hawaii (1987),Hard Ticket to Hawaii,Action|Comedy,1987
85342,Elite Squad: The Enemy Within (Tropa de Elite 2 - O Inimigo Agora É Outro) (2010),Elite Squad: The Enemy Within (Tropa de Elite 2 - O Inimigo Agora É Outro),Action|Crime|Drama,2010
85354,Mesrine: Public Enemy #1 (L'ennemi public n°1) (2008),Mesrine: Public Enemy #1 (L'ennemi public n°1),Action|Crime,2008
85367,Just Go with It (2011),Just Go with It,Comedy|Romance,2011
85394,Cave of Forgotten Dreams (2010),Cave of Forgotten Dreams,Documentary,2010
85397,Red Riding Hood (2011),Red Riding Hood,Fantasy|Horror|Mystery|Thriller,2011
85399,"Big Mommas: Like Father, Like Son (2011)","Big Mommas: Like Father, Like Son",Comedy,2011
85401,Super (2010),Super,Action|Comedy|Drama,2010
85412,"Troll Hunter, The (Trolljegeren) (2010)","Troll Hunter, The (Trolljegeren)",Fantasy|Horror,2010
85414,Source Code (2011),Source Code,Action|Drama|Mystery|Sci-Fi|Thriller,2011
85438,Jane Eyre (2011),Jane Eyre,Drama|Romance,2011
85510,Sucker Punch (2011),Sucker Punch,Action|Fantasy|Thriller|IMAX,2011
85565,Chalet Girl (2011),Chalet Girl,Comedy|Romance,2011
85736,BURN-E (2008),BURN-E,Adventure|Animation|Children|Sci-Fi,2008
85774,Senna (2010),Senna,Documentary,2010
85780,Family Guy Presents: It's a Trap (2010),Family Guy Presents: It's a Trap,Animation|Comedy|Sci-Fi,2010
85788,Insidious (2010),Insidious,Fantasy|Horror|Thriller,2010
85796,Hobo with a Shotgun (2011),Hobo with a Shotgun,Action|Adventure|Crime|Thriller,2011
85881,Win Win (2011),Win Win,Comedy|Drama,2011
85885,Room in Rome (Habitación en Roma) (2010),Room in Rome (Habitación en Roma),Drama|Romance,2010
86000,Boy (2010),Boy,Comedy|Drama,2010
86014,Diary of a Wimpy Kid: Rodrick Rules (2011),Diary of a Wimpy Kid: Rodrick Rules,Comedy,2011
86028,Henry's Crime (2010),Henry's Crime,Comedy|Crime,2010
86059,Hop (2011),Hop,Animation|Children|Comedy,2011
86066,Playing the Victim (Izobrazhaya zhertvu) (2006),Playing the Victim (Izobrazhaya zhertvu),Comedy,2006
86068,Films to Keep You Awake: The Christmas Tale (Películas para no dormir: Cuento de navidad) (2005),Films to Keep You Awake: The Christmas Tale (Películas para no dormir: Cuento de navidad),Horror|Thriller,2005
86142,13 Assassins (Jûsan-nin no shikaku) (2010),13 Assassins (Jûsan-nin no shikaku),Action,2010
86190,Hanna (2011),Hanna,Action|Adventure|Mystery|Thriller,2011
86237,Connections (1978),Connections,Documentary,1978
86279,Into Eternity (2010),Into Eternity,Documentary,2010
86286,Daffy Duck's Quackbusters (1988),Daffy Duck's Quackbusters,Animation|Children|Comedy|Horror,1988
86290,American: The Bill Hicks Story (2009),American: The Bill Hicks Story,Comedy|Documentary,2009
86293,Arthur (2011),Arthur,Comedy,2011
86295,Scream 4 (2011),Scream 4,Comedy|Horror|Mystery|Thriller,2011
86298,Rio (2011),Rio,Adventure|Animation|Children|Comedy,2011
86320,Melancholia (2011),Melancholia,Drama|Sci-Fi,2011
86332,Thor (2011),Thor,Action|Adventure|Drama|Fantasy|IMAX,2011
86345,Louis C.K.: Hilarious (2010),Louis C.K.: Hilarious,Comedy,2010
86347,Louis C.K.: Chewed Up (2008),Louis C.K.: Chewed Up,Comedy,2008
86355,Atlas Shrugged: Part 1 (2011),Atlas Shrugged: Part 1,Drama|Mystery|Sci-Fi,2011
86377,Louis C.K.: Shameless (2007),Louis C.K.: Shameless,Comedy,2007
86487,Mildred Pierce (2011),Mildred Pierce,Drama,2011
86504,Voices from the List (2004),Voices from the List,Documentary,2004
86548,Water for Elephants (2011),Water for Elephants,Drama|Romance,2011
86593,African Cats (2011),African Cats,Adventure|Documentary,2011
86628,Kill the Irishman (2011),Kill the Irishman,Action|Crime,2011
86644,"Fast Five (Fast and the Furious 5, The) (2011)","Fast Five (Fast and the Furious 5, The)",Action|Crime|Drama|Thriller|IMAX,2011
86668,Louis Theroux: Law & Disorder (2008),Louis Theroux: Law & Disorder,Documentary,2008
86721,Idiots and Angels (2008),Idiots and Angels,Animation|Drama|Fantasy,2008
86781,Incendies (2010),Incendies,Drama|Mystery|War,2010
86815,Soul Surfer (2011),Soul Surfer,Action|Drama,2011
86817,Something Borrowed (2011),Something Borrowed,Comedy|Drama|Romance,2011
86833,Bridesmaids (2011),Bridesmaids,Comedy,2011
86835,Priest (2011),Priest,Action|Horror|Sci-Fi|Thriller,2011
86864,Mothra (Mosura) (1961),Mothra (Mosura),Adventure|Fantasy|Sci-Fi,1961
86880,Pirates of the Caribbean: On Stranger Tides (2011),Pirates of the Caribbean: On Stranger Tides,Action|Adventure|Fantasy|IMAX,2011
86882,Midnight in Paris (2011),Midnight in Paris,Comedy|Fantasy|Romance,2011
86892,The Man from Nowhere (2010),The Man from Nowhere,Action|Crime|Thriller,2010
86898,"Tree of Life, The (2011)","Tree of Life, The",Drama,2011
86911,"Hangover Part II, The (2011)","Hangover Part II, The",Comedy,2011
86922,Nothing to Declare (Rien à déclarer) (2010),Nothing to Declare (Rien à déclarer),Comedy,2010
86960,Across the Hall (2009),Across the Hall,Thriller,2009
87028,"Roommate, The (2011)","Roommate, The",Drama|Thriller,2011
87192,Attack the Block (2011),Attack the Block,Action|Comedy|Sci-Fi,2011
87194,The Way (2010),The Way,Adventure|Comedy|Drama,2010
87197,Let the Bullets Fly (2010),Let the Bullets Fly,Action|Comedy,2010
87222,Kung Fu Panda 2 (2011),Kung Fu Panda 2,Action|Adventure|Animation|Children|Comedy|IMAX,2011
87232,X-Men: First Class (2011),X-Men: First Class,Action|Adventure|Sci-Fi|Thriller|War,2011
87234,Submarine (2010),Submarine,Comedy|Drama|Romance,2010
87287,American Grindhouse (2010),American Grindhouse,Documentary,2010
87298,Everything Must Go (2010),Everything Must Go,Comedy|Drama,2010
87304,Beginners (2010),Beginners,Drama,2010
87306,Super 8 (2011),Super 8,Mystery|Sci-Fi|Thriller|IMAX,2011
87413,Bernie (1996),Bernie,Comedy|Drama,1996
87430,Green Lantern (2011),Green Lantern,Action|Adventure|Sci-Fi,2011
87444,Elektra Luxx (2010),Elektra Luxx,Comedy,2010
87483,Mr. Popper's Penguins (2011),Mr. Popper's Penguins,Comedy,2011
87485,Bad Teacher (2011),Bad Teacher,Comedy,2011
87520,Transformers: Dark of the Moon (2011),Transformers: Dark of the Moon,Action|Adventure|Sci-Fi|War|IMAX,2011
87522,Larry Crowne (2011),Larry Crowne,Comedy|Drama|Romance,2011
87529,Your Highness (2011),Your Highness,Action|Adventure|Comedy|Fantasy,2011
87660,Too Big to Fail (2011),Too Big to Fail,Drama,2011
87785,Takers (2010),Takers,Action|Crime|Thriller,2010
87834,My Life as McDull (Mak dau goo si) (2001),My Life as McDull (Mak dau goo si),Animation|Comedy|Drama,2001
87867,Zookeeper (2011),Zookeeper,Comedy,2011
87869,Horrible Bosses (2011),Horrible Bosses,Comedy|Crime,2011
87876,Cars 2 (2011),Cars 2,Adventure|Animation|Children|Comedy|IMAX,2011
87960,Between the Folds (2008),Between the Folds,Documentary,2008
88069,Delhi Belly (2011),Delhi Belly,Comedy|Crime,2011
88094,Upside Down: The Creation Records Story (2010),Upside Down: The Creation Records Story,Documentary,2010
88108,Monte Carlo (2011),Monte Carlo,Adventure|Comedy|Romance,2011
88125,Harry Potter and the Deathly Hallows: Part 2 (2011),Harry Potter and the Deathly Hallows: Part 2,Action|Adventure|Drama|Fantasy|Mystery|IMAX,2011
88129,Drive (2011),Drive,Crime|Drama|Film-Noir|Thriller,2011
88140,Captain America: The First Avenger (2011),Captain America: The First Avenger,Action|Adventure|Sci-Fi|Thriller|War,2011
88163,"Crazy, Stupid, Love. (2011)","Crazy, Stupid, Love.",Comedy|Drama|Romance,2011
88179,One Day (2011),One Day,Drama|Romance,2011
88235,"Guard, The (2011)","Guard, The",Comedy|Crime,2011
88267,Winnie the Pooh (2011),Winnie the Pooh,Animation|Children|Comedy,2011
88272,"Woman, The (2011)","Woman, The",Horror,2011
88327,"New One-Armed Swordsman, The (Xin du bi dao) (1971)","New One-Armed Swordsman, The (Xin du bi dao)",Action|Drama|War,1971
88345,Mike's New Car (2002),Mike's New Car,Animation|Comedy,2002
88356,"Smurfs, The (2011)","Smurfs, The",Animation|Children|Comedy,2011
88405,Friends with Benefits (2011),Friends with Benefits,Comedy|Romance,2011
88448,Paper Birds (Pájaros de papel) (2010),Paper Birds (Pájaros de papel),Comedy|Drama,2010
88515,Blitz (2011),Blitz,Action|Crime|Thriller,2011
88593,"Yellow Sea, The (a.k.a. The Murderer) (Hwanghae) (2010)","Yellow Sea, The (a.k.a. The Murderer) (Hwanghae)",Crime|Drama|Thriller,2010
88672,Our Idiot Brother (2011),Our Idiot Brother,Comedy,2011
88697,SUBWAYStories: Tales from the Underground (1997),SUBWAYStories: Tales from the Underground,Drama,1997
88699,Death Race 2 (2010),Death Race 2,Action|Sci-Fi|Thriller,2010
88744,Rise of the Planet of the Apes (2011),Rise of the Planet of the Apes,Action|Drama|Sci-Fi|Thriller,2011
88746,Terri (2011),Terri,Comedy,2011
88785,"Change-Up, The (2011)","Change-Up, The",Comedy,2011
88810,"Help, The (2011)","Help, The",Drama,2011
88812,30 Minutes or Less (2011),30 Minutes or Less,Action|Comedy|Crime,2011
88911,My Afternoons with Margueritte (La tête en friche) (2010),My Afternoons with Margueritte (La tête en friche),Comedy,2010
88932,Final Destination 5 (2011),Final Destination 5,Horror|Thriller|IMAX,2011
88954,"Very Harold & Kumar 3D Christmas, A (2011)","Very Harold & Kumar 3D Christmas, A",Comedy,2011
89028,Don't Be Afraid of the Dark (2010),Don't Be Afraid of the Dark,Horror|Thriller,2010
89030,Fright Night (2011),Fright Night,Comedy|Horror,2011
89039,Another Earth (2011),Another Earth,Drama|Romance|Sci-Fi,2011
89047,Hesher (2010),Hesher,Drama,2010
89072,Stake Land (2010),Stake Land,Horror,2010
89085,"Debt, The (2011)","Debt, The",Drama|Thriller,2011
89087,Colombiana (2011),Colombiana,Action|Adventure|Drama|Thriller,2011
89090,Bill Cunningham New York (2011),Bill Cunningham New York,Documentary,2011
89118,"Skin I Live In, The (La piel que habito) (2011)","Skin I Live In, The (La piel que habito)",Drama,2011
89190,Conan the Barbarian (2011),Conan the Barbarian,Action|Adventure|Fantasy,2011
89208,Walled In (2009),Walled In,Horror|Thriller,2009
89281,Birdemic: Shock and Terror (2010),Birdemic: Shock and Terror,Romance|Thriller,2010
89305,"Inbetweeners Movie, The (2011)","Inbetweeners Movie, The",Adventure|Comedy,2011
89343,Red State (2011),Red State,Action|Crime|Horror|Thriller,2011
89386,Pearl Jam Twenty (2011),Pearl Jam Twenty,Documentary|Musical,2011
89388,I Don't Know How She Does It (2011),I Don't Know How She Does It,Comedy,2011
89427,Shark Night 3D (2011),Shark Night 3D,Horror|Thriller,2011
89470,Contagion (2011),Contagion,Sci-Fi|Thriller|IMAX,2011
89492,Moneyball (2011),Moneyball,Drama,2011
89580,Neds (2010),Neds,Drama,2010
89582,Cold Fish (Tsumetai nettaigyo) (2010),Cold Fish (Tsumetai nettaigyo),Drama|Thriller,2010
89586,Phineas and Ferb the Movie: Across the 2nd Dimension (2011),Phineas and Ferb the Movie: Across the 2nd Dimension,Adventure|Animation|Children,2011
89678,Northanger Abbey (2007),Northanger Abbey,Drama|Romance,2007
89745,"Avengers, The (2012)","Avengers, The",Action|Adventure|Sci-Fi|IMAX,2012
89753,Tinker Tailor Soldier Spy (2011),Tinker Tailor Soldier Spy,Drama|Film-Noir|Thriller,2011
89759,"Separation, A (Jodaeiye Nader az Simin) (2011)","Separation, A (Jodaeiye Nader az Simin)",Drama,2011
89761,"Dangerous Method, A (2011)","Dangerous Method, A",Drama|Thriller,2011
89774,Warrior (2011),Warrior,Drama,2011
89804,"Ides of March, The (2011)","Ides of March, The",Drama,2011
89837,Kill List (2011),Kill List,Horror|Mystery|Thriller,2011
89840,Killer Elite (2011),Killer Elite,Action|Thriller,2011
89862,Bellflower (2011),Bellflower,Action|Drama|Romance,2011
89864,50/50 (2011),50/50,Comedy|Drama,2011
89898,Generation P (2011),Generation P,Comedy|Drama|Sci-Fi,2011
89904,The Artist (2011),The Artist,Comedy|Drama|Romance,2011
89939,Gigi (1949),Gigi,Comedy,1949
89945,BlinkyTM (2011),BlinkyTM,Horror|Sci-Fi,2011
90057,Take Shelter (2011),Take Shelter,Drama,2011
90243,Three Outlaw Samurai (Sanbiki no samurai) (1964),Three Outlaw Samurai (Sanbiki no samurai),Action|Drama,1964
90245,Antonio Gaudí (1985),Antonio Gaudí,Documentary,1985
90249,Real Steel (2011),Real Steel,Action|Drama|Sci-Fi|IMAX,2011
90343,Footloose (2011),Footloose,Comedy|Drama|Musical,2011
90345,"Thing, The (2011)","Thing, The",Horror|Mystery|Sci-Fi|Thriller,2011
90353,Beautiful Boy (2010),Beautiful Boy,Drama,2010
90357,Tyrannosaur (2011),Tyrannosaur,Drama,2011
90374,Martha Marcy May Marlene (2011),Martha Marcy May Marlene,Drama|Thriller,2011
90376,We Need to Talk About Kevin (2011),We Need to Talk About Kevin,Drama|Thriller,2011
90384,Behind Enemy Lines II: Axis of Evil (2006),Behind Enemy Lines II: Axis of Evil,Action|Thriller|War,2006
90403,"Three Musketeers, The (2011)","Three Musketeers, The",Action|Adventure,2011
90405,In Time (2011),In Time,Crime|Sci-Fi|Thriller,2011
90428,Margaret (2011),Margaret,Drama,2011
90430,Carnage (2011),Carnage,Comedy|Drama,2011
90439,Margin Call (2011),Margin Call,Drama|Thriller,2011
90469,Paranormal Activity 3 (2011),Paranormal Activity 3,Horror,2011
90471,Puncture (2011),Puncture,Drama,2011
90522,Johnny English Reborn (2011),Johnny English Reborn,Adventure|Comedy|Thriller,2011
90524,Abduction (2011),Abduction,Action|Drama|Mystery|Thriller,2011
90528,This Must Be the Place (2011),This Must Be the Place,Crime|Drama|Thriller,2011
90531,Shame (2011),Shame,Drama,2011
90576,What's Your Number? (2011),What's Your Number?,Comedy|Romance,2011
90600,Headhunters (Hodejegerne) (2011),Headhunters (Hodejegerne),Action|Crime|Thriller,2011
90603,Batman: Year One (2011),Batman: Year One,Action|Animation|Crime,2011
90630,Miss Representation (2011),Miss Representation,Documentary,2011
90647,Puss in Boots (2011),Puss in Boots,Adventure|Animation|Comedy|Fantasy|IMAX,2011
90717,Tower Heist (2011),Tower Heist,Action|Comedy|Crime,2011
90719,J. Edgar (2011),J. Edgar,Drama,2011
90738,"Double, The (2011)","Double, The",Action|Crime|Drama|Mystery|Thriller,2011
90746,"Adventures of Tintin, The (2011)","Adventures of Tintin, The",Action|Animation|Mystery|IMAX,2011
90769,Starsuckers (2009),Starsuckers,Documentary,2009
90809,Tomboy (2011),Tomboy,Drama,2011
90863,George Harrison: Living in the Material World (2011),George Harrison: Living in the Material World,Documentary,2011
90866,Hugo (2011),Hugo,Children|Drama|Mystery,2011
90888,Immortals (2011),Immortals,Action|Drama|Fantasy,2011
90890,Jack and Jill (2011),Jack and Jill,Comedy,2011
90943,Into the Abyss (2011),Into the Abyss,Documentary,2011
90945,"Sign of Four, The (1987)","Sign of Four, The",Adventure|Crime|Drama,1987
91077,"Descendants, The (2011)","Descendants, The",Comedy|Drama,2011
91079,Like Crazy (2011),Like Crazy,Drama|Romance,2011
91094,"Muppets, The (2011)","Muppets, The",Children|Comedy|Musical,2011
91104,"Twilight Saga: Breaking Dawn - Part 1, The (2011)","Twilight Saga: Breaking Dawn - Part 1, The",Adventure|Drama|Fantasy|Romance,2011
91126,War Horse (2011),War Horse,Drama|War,2011
91128,"Rum Diary, The (2011)","Rum Diary, The",Comedy|Drama|Thriller,2011
91233,Lifted (2006),Lifted,Animation|Comedy|Sci-Fi,2006
91261,Hipsters (Stilyagi) (2008),Hipsters (Stilyagi),Drama|Musical|Romance,2008
91266,Another Cinderella Story (2008),Another Cinderella Story,Children|Comedy|Musical|Romance,2008
91273,Bunraku (2010),Bunraku,Action|Drama|Fantasy,2010
91323,"Sitter, The (2011)","Sitter, The",Comedy,2011
91325,Extremely Loud and Incredibly Close (2011),Extremely Loud and Incredibly Close,Drama,2011
91337,Play the Game (2009),Play the Game,Comedy|Romance,2009
91353,Asterix in America (a.k.a Asterix Conquers America) (Astérix et les Indiens) (1994),Asterix in America (a.k.a Asterix Conquers America) (Astérix et les Indiens),Adventure|Animation|Children|Comedy,1994
91355,Asterix and the Vikings (Astérix et les Vikings) (2006),Asterix and the Vikings (Astérix et les Vikings),Adventure|Animation|Children|Comedy|Fantasy,2006
91386,Happy Feet Two (2011),Happy Feet Two,Animation|Children|Comedy|IMAX,2011
91414,Arthur Christmas (2011),Arthur Christmas,Animation|Children|Comedy|Drama,2011
91470,Violet & Daisy (2011),Violet & Daisy,Action|Drama,2011
91483,Bullet to the Head (2012),Bullet to the Head,Action|Crime|Film-Noir,2012
91485,"Expendables 2, The (2012)","Expendables 2, The",Action|Adventure,2012
91488,"Snowman, The (1982)","Snowman, The",Animation|Children|Musical,1982
91500,The Hunger Games (2012),The Hunger Games,Action|Adventure|Drama|Sci-Fi|Thriller,2012
91529,"Dark Knight Rises, The (2012)","Dark Knight Rises, The",Action|Adventure|Crime|IMAX,2012
91535,"Bourne Legacy, The (2012)","Bourne Legacy, The",Action|Adventure|Drama|Thriller|IMAX,2012
91542,Sherlock Holmes: A Game of Shadows (2011),Sherlock Holmes: A Game of Shadows,Action|Adventure|Comedy|Crime|Mystery|Thriller,2011
91571,Coriolanus (2011),Coriolanus,Drama|Thriller,2011
91622,Young Adult (2011),Young Adult,Comedy|Drama,2011
91628,New Year's Eve (2011),New Year's Eve,Comedy|Romance,2011
91630,Mission: Impossible - Ghost Protocol (2011),Mission: Impossible - Ghost Protocol,Action|Adventure|Thriller|IMAX,2011
91653,We Bought a Zoo (2011),We Bought a Zoo,Comedy|Drama,2011
91658,"Girl with the Dragon Tattoo, The (2011)","Girl with the Dragon Tattoo, The",Drama|Thriller,2011
91660,"Darkest Hour, The (2011)","Darkest Hour, The",Action|Horror|Sci-Fi|Thriller,2011
91666,Last Holiday (1950),Last Holiday,Comedy|Drama|Romance,1950
91671,Alvin and the Chipmunks: Chipwrecked (2011),Alvin and the Chipmunks: Chipwrecked,Animation|Comedy,2011
91688,Salvation Boulevard (2011),Salvation Boulevard,Comedy|Thriller,2011
91690,Friends with Kids (2011),Friends with Kids,Comedy,2011
91784,Girl Walks Into a Bar (2011),Girl Walks Into a Bar,Comedy|Drama|Fantasy,2011
91842,Contraband (2012),Contraband,Action|Crime|Drama|Thriller,2012
91860,"Way South, The (De weg naar het zuiden) (1981)","Way South, The (De weg naar het zuiden)",Documentary,1981
91869,Being Elmo: A Puppeteer's Journey (2011),Being Elmo: A Puppeteer's Journey,Documentary,2011
91873,Joyful Noise (2012),Joyful Noise,Comedy|Musical,2012
91890,"Iron Lady, The (2011)","Iron Lady, The",Drama,2011
91935,Albatross (2011),Albatross,Drama,2011
91947,"Revenant, The (2009)","Revenant, The",Comedy|Horror,2009
91974,Underworld: Awakening (2012),Underworld: Awakening,Action|Fantasy|Horror|IMAX,2012
91976,"Grey, The (2012)","Grey, The",Action|Drama,2012
91978,Man on a Ledge (2012),Man on a Ledge,Crime|Thriller,2012
91981,Sacrifice (Zhao shi gu er) (2010),Sacrifice (Zhao shi gu er),Drama,2010
92008,Haywire (2011),Haywire,Action|Thriller,2011
92046,Contact High (2009),Contact High,Comedy,2009
92048,"Whistleblower, The (2010)","Whistleblower, The",Drama|Thriller,2010
92094,Einstein and Eddington (2008),Einstein and Eddington,Drama,2008
92192,Apollo 18 (2011),Apollo 18,Horror|Sci-Fi|Thriller,2011
92198,Seeking Justice (2011),Seeking Justice,Action|Drama|Thriller,2011
92234,Red Tails (2012),Red Tails,Action|Adventure|Drama|War,2012
92243,"Flowers of War, The (Jin líng shí san chai) (2011)","Flowers of War, The (Jin líng shí san chai)",Drama|War,2011
92259,Intouchables (2011),Intouchables,Comedy|Drama,2011
92264,One for the Money (2012),One for the Money,Action|Comedy|Crime,2012
92309,"Innkeepers, The (2011)","Innkeepers, The",Horror|Thriller,2011
92348,Puss in Boots (Nagagutsu o haita neko) (1969),Puss in Boots (Nagagutsu o haita neko),Adventure|Animation|Children|Comedy|Fantasy|Romance,1969
92391,Grave Encounters (2011),Grave Encounters,Horror,2011
92420,Chronicle (2012),Chronicle,Action|Sci-Fi|Thriller,2012
92422,"Woman in Black, The (2012)","Woman in Black, The",Drama|Horror|Thriller,2012
92427,Woman in Love (Rubbeldiekatz) (2011),Woman in Love (Rubbeldiekatz),Comedy,2011
92439,"Art of Getting By, The (2011)","Art of Getting By, The",Drama|Romance,2011
92475,All Watched Over by Machines of Loving Grace (2011),All Watched Over by Machines of Loving Grace,Documentary,2011
92494,Dylan Moran: Monster (2004),Dylan Moran: Monster,Comedy|Documentary,2004
92507,Safe House (2012),Safe House,Action|Crime|Mystery|Thriller,2012
92509,"Vow, The (2012)","Vow, The",Drama|Romance,2012
92535,Louis C.K.: Live at the Beacon Theater (2011),Louis C.K.: Live at the Beacon Theater,Comedy,2011
92637,Pitfall (Otoshiana) (1962),Pitfall (Otoshiana),Crime|Drama|Fantasy,1962
92643,Monsieur Lazhar (2011),Monsieur Lazhar,Children|Comedy|Drama,2011
92665,"For a Good Time, Call... (2012)","For a Good Time, Call...",Comedy|Drama|Romance,2012
92674,Janie Jones (2010),Janie Jones,Drama|Musical,2010
92681,Journey 2: The Mysterious Island (2012),Journey 2: The Mysterious Island,Action|Adventure|Comedy|Sci-Fi|IMAX,2012
92694,Perfect Sense (2011),Perfect Sense,Drama|Romance|Sci-Fi,2011
92730,Rollo and the Woods Sprite (Rölli ja metsänhenki) (2001),Rollo and the Woods Sprite (Rölli ja metsänhenki),Children|Fantasy,2001
92760,"Atomic Brain, The (1963)","Atomic Brain, The",Horror|Sci-Fi,1963
92938,Ghost Rider: Spirit of Vengeance (2012),Ghost Rider: Spirit of Vengeance,Action|Fantasy|Thriller,2012
92954,Prayers for Bobby (2009),Prayers for Bobby,Drama,2009
93006,"Very Potter Musical, A (2009)","Very Potter Musical, A",Comedy|Musical,2009
93008,"Very Potter Sequel, A (2010)","Very Potter Sequel, A",Comedy|Musical,2010
93022,Miss Nobody (2010),Miss Nobody,Comedy|Crime,2010
93040,"Civil War, The (1990)","Civil War, The",Documentary|War,1990
93114,Ro.Go.Pa.G. (1963),Ro.Go.Pa.G.,Comedy|Drama,1963
93134,"Women on the 6th Floor, The (Les Femmes du 6ème Étage) (2010)","Women on the 6th Floor, The (Les Femmes du 6ème Étage)",Comedy,2010
93139,Mega Shark vs. Crocosaurus (2010),Mega Shark vs. Crocosaurus,Action|Adventure|Horror,2010
93193,Red Hill (2010),Red Hill,Crime|Thriller|Western,2010
93208,Mickey's The Prince and the Pauper (1990),Mickey's The Prince and the Pauper,Animation|Children,1990
93242,Gone (2012),Gone,Drama|Thriller,2012
93270,Project X (2012),Project X,Comedy,2012
93272,Dr. Seuss' The Lorax (2012),Dr. Seuss' The Lorax,Animation|Fantasy|Musical|IMAX,2012
93287,"Big Year, The (2011)","Big Year, The",Comedy,2011
93297,Act of Valor (2012),Act of Valor,Action|Thriller|War,2012
93320,Trailer Park Boys (1999),Trailer Park Boys,Comedy|Crime,1999
93326,This Means War (2012),This Means War,Action|Comedy|Romance,2012
93363,John Carter (2012),John Carter,Action|Adventure|Sci-Fi|IMAX,2012
93443,Goon (2011),Goon,Comedy|Drama,2011
93502,"Ledge, The (2011)","Ledge, The",Drama|Thriller,2011
93510,21 Jump Street (2012),21 Jump Street,Action|Comedy|Crime,2012
93512,"Jeff, Who Lives at Home (2012)","Jeff, Who Lives at Home",Comedy|Drama,2012
93563,Lockout (2012),Lockout,Action|Sci-Fi|Thriller,2012
93598,"Snowtown (Snowtown Murders, The) (2011)","Snowtown (Snowtown Murders, The)",Crime|Drama|Thriller,2011
93610,Space Battleship Yamato (2010),Space Battleship Yamato,Action|Adventure|Drama,2010
93721,Jiro Dreams of Sushi (2011),Jiro Dreams of Sushi,Documentary,2011
93723,Damsels in Distress (2011),Damsels in Distress,Comedy|Romance,2011
93740,Salmon Fishing in the Yemen (2011),Salmon Fishing in the Yemen,Comedy|Drama|Romance,2011
93766,Wrath of the Titans (2012),Wrath of the Titans,Action|Adventure|Fantasy|IMAX,2012
93790,Detachment (2011),Detachment,Drama,2011
93805,Iron Sky (2012),Iron Sky,Action|Comedy|Sci-Fi,2012
93819,Absentia (2011),Absentia,Horror,2011
93831,American Reunion (American Pie 4) (2012),American Reunion (American Pie 4),Comedy,2012
93838,The Raid: Redemption (2011),The Raid: Redemption,Action|Crime,2011
93840,"Cabin in the Woods, The (2012)","Cabin in the Woods, The",Comedy|Horror|Sci-Fi|Thriller,2012
93855,God Bless America (2011),God Bless America,Comedy|Drama,2011
93980,"Three Stooges, The (2012)","Three Stooges, The",Comedy,2012
93982,"Raven, The (2012)","Raven, The",Mystery|Thriller,2012
93988,North & South (2004),North & South,Drama|Romance,2004
94011,"Big Bang, The (2011)","Big Bang, The",Action|Thriller,2011
94015,Mirror Mirror (2012),Mirror Mirror,Adventure|Comedy|Fantasy,2012
94018,Battleship (2012),Battleship,Action|Sci-Fi|Thriller|IMAX,2012
94070,"Best Exotic Marigold Hotel, The (2011)","Best Exotic Marigold Hotel, The",Comedy|Drama,2011
94122,Comic-Con Episode IV: A Fan's Hope (2011),Comic-Con Episode IV: A Fan's Hope,Documentary,2011
94130,Bully (2011),Bully,Documentary,2011
94150,Hysteria (2011),Hysteria,Comedy|Romance,2011
94160,Dante's Inferno: An Animated Epic (2010),Dante's Inferno: An Animated Epic,Action|Animation|Fantasy,2010
94262,"Atomic Submarine, The (1959)","Atomic Submarine, The",Sci-Fi|Thriller,1959
94266,"Five-Year Engagement, The (2012)","Five-Year Engagement, The",Comedy|Romance,2012
94323,Think Like a Man (2012),Think Like a Man,Comedy,2012
94325,"Lucky One, The (2012)","Lucky One, The",Drama,2012
94405,Safe (2012),Safe,Action|Crime|Thriller,2012
94478,Dark Shadows (2012),Dark Shadows,Comedy|Horror|IMAX,2012
94494,96 Minutes (2011) ,96 Minutes (2011),Drama|Thriller,1999
94503,"Decoy Bride, The (2011)","Decoy Bride, The",Comedy|Romance,2011
94661,Rocket Singh: Salesman of the Year (2009),Rocket Singh: Salesman of the Year,Comedy|Drama,2009
94677,"Dictator, The (2012)","Dictator, The",Comedy,2012
94735,Walking with Monsters (2005),Walking with Monsters,Documentary,2005
94777,Men in Black III (M.III.B.) (M.I.B.³) (2012),Men in Black III (M.III.B.) (M.I.B.³),Action|Comedy|Sci-Fi|IMAX,2012
94780,Snow White and the Huntsman (2012),Snow White and the Huntsman,Action|Adventure|Drama,2012
94799,Sound of My Voice (2011),Sound of My Voice,Drama|Mystery|Sci-Fi,2011
94810,Eva (2011),Eva,Drama|Fantasy|Sci-Fi,2011
94833,"Pirates! Band of Misfits, The (2012)","Pirates! Band of Misfits, The",Adventure|Animation|Children|Comedy,2012
94864,Prometheus (2012),Prometheus,Action|Horror|Sci-Fi|IMAX,2012
94867,"Pact, The (2012)","Pact, The",Horror|Mystery|Thriller,2012
94896,Bernie (2011),Bernie,Comedy|Crime|Drama,2011
94919,Inhale (2010),Inhale,Drama|Thriller,2010
94931,Take This Waltz (2011),Take This Waltz,Drama|Romance,2011
94953,Wanderlust (2012),Wanderlust,Comedy,2012
94959,Moonrise Kingdom (2012),Moonrise Kingdom,Comedy|Drama|Romance,2012
94985,Get the Gringo (2012),Get the Gringo,Action|Crime|Drama|Thriller,2012
95004,Superman/Doomsday (2007) ,Superman/Doomsday (2007),Action|Animation,1999
95067,"Thousand Words, A (2012)","Thousand Words, A",Comedy|Drama,2012
95088,Safety Not Guaranteed (2012),Safety Not Guaranteed,Comedy|Drama,2012
95105,Madagascar 3: Europe's Most Wanted (2012),Madagascar 3: Europe's Most Wanted,Adventure|Animation|Children|Comedy|IMAX,2012
95135,Your Sister's Sister (2011),Your Sister's Sister,Comedy|Drama,2011
95145,Dragon Ball: The Curse Of The Blood Rubies (Doragon bôru: Shenron no densetsu) (1986),Dragon Ball: The Curse Of The Blood Rubies (Doragon bôru: Shenron no densetsu),Action|Adventure|Animation|Children,1986
95147,Dragon Ball: Sleeping Princess in Devil's Castle (Doragon bôru: Majinjô no nemuri hime) (1987),Dragon Ball: Sleeping Princess in Devil's Castle (Doragon bôru: Majinjô no nemuri hime),Action|Adventure|Animation|Children,1987
95149,Superman/Batman: Public Enemies (2009),Superman/Batman: Public Enemies,Action|Animation|Fantasy,2009
95163,Dragon Ball: Mystical Adventure (Doragon bôru: Makafushigi dai bôken) (1988),Dragon Ball: Mystical Adventure (Doragon bôru: Makafushigi dai bôken),Action|Adventure|Animation|Children,1988
95165,Dragon Ball Z the Movie: The World's Strongest (a.k.a. Dragon Ball Z: The Strongest Guy in The World) (Doragon bôru Z: Kono yo de ichiban tsuyoi yatsu) (1990),Dragon Ball Z the Movie: The World's Strongest (a.k.a. Dragon Ball Z: The Strongest Guy in The World) (Doragon bôru Z: Kono yo de ichiban tsuyoi yatsu),Action|Adventure|Animation|Sci-Fi|Thriller,1990
95167,Brave (2012),Brave,Action|Adventure|Animation|Children,2012
95170,Beauty and the Beast: The Enchanted Christmas (1997),Beauty and the Beast: The Enchanted Christmas,Animation|Children|Fantasy|Musical,1997
95175,Front of the Class (2008),Front of the Class,Drama,2008
95182,Dragon Ball Z the Movie: The Tree of Might (Doragon bôru Z 3: Chikyû marugoto chô kessen) (1990),Dragon Ball Z the Movie: The Tree of Might (Doragon bôru Z 3: Chikyû marugoto chô kessen),Action|Adventure|Animation|Sci-Fi,1990
95193,Pocahontas II: Journey to a New World (1998) ,Pocahontas II: Journey to a New World (1998),Adventure|Animation|Children,1999
95199,What to Expect When You're Expecting (2012),What to Expect When You're Expecting,Comedy|Drama|Romance,2012
95201,To Rome with Love (2012),To Rome with Love,Comedy,2012
95207,Abraham Lincoln: Vampire Hunter (2012),Abraham Lincoln: Vampire Hunter,Action|Fantasy|Horror|Thriller,2012
95218,First Position (2011),First Position,Documentary,2011
95307,Rock of Ages (2012),Rock of Ages,Comedy|Drama|Musical|IMAX,2012
95309,Seeking a Friend for the End of the World (2012),Seeking a Friend for the End of the World,Comedy|Drama|Romance,2012
95311,Presto (2008),Presto,Animation|Children|Comedy|Fantasy,2008
95313,Jack-Jack Attack (2005),Jack-Jack Attack,Adventure|Animation|Children|Comedy,2005
95377,One Man Band (2005),One Man Band,Animation|Comedy|Musical,2005
95441,Ted (2012),Ted,Comedy|Fantasy,2012
95449,Magic Mike (2012),Magic Mike,Drama|Romance,2012
95473,Dragon Ball Z: The Return of Cooler (Doragon bôru Z 6: Gekitotsu! Hyakuoku pawâ no senshi) (1992),Dragon Ball Z: The Return of Cooler (Doragon bôru Z 6: Gekitotsu! Hyakuoku pawâ no senshi),Action|Adventure|Animation,1992
95475,Dragon Ball Z: Cooler's Revenge (Doragon bôru Z 5: Tobikkiri no saikyô tai saikyô) (1991),Dragon Ball Z: Cooler's Revenge (Doragon bôru Z 5: Tobikkiri no saikyô tai saikyô),Action|Adventure|Animation,1991
95497,Dragon Ball Z: Super Android 13! (Doragon bôru Z 7: Kyokugen batoru!! San dai sûpâ saiyajin) (1992),Dragon Ball Z: Super Android 13! (Doragon bôru Z 7: Kyokugen batoru!! San dai sûpâ saiyajin),Action|Adventure|Animation,1992
95499,Dragon Ball Z: Broly - The Legendary Super Saiyan (Doragon bôru Z 8: Moetsukiro!! Nessen retsusen-chô gekisen) (1993),Dragon Ball Z: Broly - The Legendary Super Saiyan (Doragon bôru Z 8: Moetsukiro!! Nessen retsusen-chô gekisen),Action|Adventure|Animation,1993
95508,Cleanskin (2012),Cleanskin,Crime|Drama|Thriller,2012
95510,"Amazing Spider-Man, The (2012)","Amazing Spider-Man, The",Action|Adventure|Sci-Fi|IMAX,2012
95519,Dragon Ball Z: Bojack Unbound (Doragon bôru Z 9: Ginga girigiri!! Butchigiri no sugoi yatsu) (1993),Dragon Ball Z: Bojack Unbound (Doragon bôru Z 9: Ginga girigiri!! Butchigiri no sugoi yatsu),Action|Adventure|Animation|Fantasy,1993
95543,Ice Age 4: Continental Drift (2012),Ice Age 4: Continental Drift,Adventure|Animation|Comedy,2012
95558,Beasts of the Southern Wild (2012),Beasts of the Southern Wild,Drama|Fantasy,2012
95583,Savages (2012),Savages,Crime|Drama|Thriller,2012
95624,"Firm, The (2009)","Firm, The",Drama,2009
95633,Spirit Camp (2009),Spirit Camp,Horror,2009
95654,Geri's Game (1997),Geri's Game,Animation|Children,1997
95690,Some Guy Who Kills People (2011),Some Guy Who Kills People,Comedy|Thriller,2011
95717,Treasure Island (2012),Treasure Island,Adventure,2012
95720,"Watch, The (2012)","Watch, The",Comedy|Sci-Fi,2012
95738,"Adventures of Mary-Kate and Ashley, The: The Case of the Christmas Caper (1995)","Adventures of Mary-Kate and Ashley, The: The Case of the Christmas Caper",Children|Musical|Mystery,1995
95744,2 Days in New York (2012),2 Days in New York,Comedy,2012
95761,Killer Joe (2011),Killer Joe,Crime|Thriller,2011
95771,Dragon Ball Z: Broly Second Coming (Doragon bôru Z 10: Kiken na futari! Sûpâ senshi wa nemurenai) (1994),Dragon Ball Z: Broly Second Coming (Doragon bôru Z 10: Kiken na futari! Sûpâ senshi wa nemurenai),Action|Adventure|Animation,1994
95780,Dragon Ball Z: Bio-Broly (Doragon bôru Z 11: Sûpâ senshi gekiha! Katsu no wa ore da) (1994),Dragon Ball Z: Bio-Broly (Doragon bôru Z 11: Sûpâ senshi gekiha! Katsu no wa ore da),Action|Adventure|Animation,1994
95796,Anaconda: The Offspring (2008),Anaconda: The Offspring,Action|Horror|Sci-Fi|Thriller,2008
95839,"Christmas Carol, A (1999)","Christmas Carol, A",Drama|Fantasy,1999
95843,Goodbye Charlie (1964),Goodbye Charlie,Comedy|Fantasy|Romance,1964
95858,For the Birds (2000),For the Birds,Animation|Children|Comedy,2000
95873,Ruby Sparks (2012),Ruby Sparks,Comedy|Fantasy|Romance,2012
95875,Total Recall (2012),Total Recall,Action|Sci-Fi|Thriller,2012
95939,"Angels' Share, The (2012)","Angels' Share, The",Comedy|Drama,2012
95949,"Immature, The (Immaturi) (2011)","Immature, The (Immaturi)",Comedy,2011
95965,Dragon Ball Z: Bardock - The Father of Goku (Doragon bôru Z: Tatta hitori no saishuu kessen - Furiiza ni itonda Z senshi Kakarotto no chichi) (1990),Dragon Ball Z: Bardock - The Father of Goku (Doragon bôru Z: Tatta hitori no saishuu kessen - Furiiza ni itonda Z senshi Kakarotto no chichi),Action|Adventure|Animation,1990
96004,Dragon Ball Z: The History of Trunks (Doragon bôru Z: Zetsubô e no hankô!! Nokosareta chô senshi - Gohan to Torankusu) (1993),Dragon Ball Z: The History of Trunks (Doragon bôru Z: Zetsubô e no hankô!! Nokosareta chô senshi - Gohan to Torankusu),Action|Adventure|Animation,1993
96007,Dragon Ball GT: A Hero's Legacy (Doragon bôru GT: Gokû gaiden! Yûki no akashi wa sû-shin-chû) (1997),Dragon Ball GT: A Hero's Legacy (Doragon bôru GT: Gokû gaiden! Yûki no akashi wa sû-shin-chû),Action|Adventure|Animation,1997
96020,Sidewalls (Medianeras) (2011),Sidewalls (Medianeras),Drama,2011
96079,Skyfall (2012),Skyfall,Action|Adventure|Thriller|IMAX,2012
96084,Hands Over the City (Le mani sulla città) (1963),Hands Over the City (Le mani sulla città),Drama,1963
96110,"Campaign, The (2012)","Campaign, The",Comedy,2012
96114,Brake (2012),Brake,Crime|Thriller,2012
96121,Hope Springs (2012),Hope Springs,Comedy|Drama,2012
96150,"Queen of Versailles, The (2012)","Queen of Versailles, The",Documentary,2012
96281,ParaNorman (2012),ParaNorman,Adventure|Animation|Comedy,2012
96283,Diary of a Wimpy Kid: Dog Days (2012),Diary of a Wimpy Kid: Dog Days,Children|Comedy,2012
96373,Broken (2012),Broken,Drama,2012
96411,6 Days to Air: The Making of South Park (2011),6 Days to Air: The Making of South Park,Documentary,2011
96417,Premium Rush (2012),Premium Rush,Action|Thriller,2012
96430,"Odd Life of Timothy Green, The (2012)","Odd Life of Timothy Green, The",Comedy|Drama|Fantasy,2012
96432,Lawless (2012),Lawless,Crime|Drama,2012
96448,Piranha 3DD (a.k.a. Piranha DD) (2012),Piranha 3DD (a.k.a. Piranha DD),Comedy|Horror,2012
96471,Prime Suspect 3 (1993),Prime Suspect 3,Crime|Drama|Mystery,1993
96488,Searching for Sugar Man (2012),Searching for Sugar Man,Documentary,2012
96518,Prime Suspect 6: The Last Witness (2003),Prime Suspect 6: The Last Witness,Drama|Thriller,2003
96520,Prime Suspect: The Lost Child (1995),Prime Suspect: The Lost Child,Drama|Mystery,1995
96530,Conception (2011),Conception,Comedy|Romance,2011
96563,Paradise Lost 3: Purgatory (2011),Paradise Lost 3: Purgatory,Documentary,2011
96567,"Words, The (2012)","Words, The",Drama|Romance,2012
96588,Pitch Perfect (2012),Pitch Perfect,Comedy|Musical,2012
96606,Samsara (2011),Samsara,Documentary,2011
96608,Runaway Brain (1995) ,Runaway Brain (1995),Animation|Comedy|Sci-Fi,1999
96610,Looper (2012),Looper,Action|Crime|Sci-Fi,2012
96616,That's My Boy (2012),That's My Boy,Comedy,2012
96655,Robot & Frank (2012),Robot & Frank,Comedy|Drama|Sci-Fi,2012
96691,Resident Evil: Retribution (2012),Resident Evil: Retribution,Action|Horror|Sci-Fi|IMAX,2012
96726,Lola Versus (2012),Lola Versus,Comedy|Romance,2012
96728,"Master, The (2012)","Master, The",Drama,2012
96737,Dredd (2012),Dredd,Action|Sci-Fi,2012
96811,End of Watch (2012),End of Watch,Crime|Drama|Thriller,2012
96815,V/H/S (2012),V/H/S,Horror|Thriller,2012
96821,"Perks of Being a Wallflower, The (2012)","Perks of Being a Wallflower, The",Drama|Romance,2012
96829,"Hunt, The (Jagten) (2012)","Hunt, The (Jagten)",Drama,2012
96832,Holy Motors (2012),Holy Motors,Drama|Fantasy|Musical|Mystery|Sci-Fi,2012
96861,Taken 2 (2012),Taken 2,Action|Crime|Drama|Thriller,2012
96917,House at the End of the Street (2012),House at the End of the Street,Horror|Thriller,2012
96935,My Left Eye Sees Ghosts (Ngo joh aan gin diy gwai) (2002),My Left Eye Sees Ghosts (Ngo joh aan gin diy gwai),Comedy|Fantasy|Romance,2002
96945,Love Lasts Three Years (L'amour dure trois ans) (2011),Love Lasts Three Years (L'amour dure trois ans),Comedy|Drama|Romance,2011
96964,"Tall Man, The (2012)","Tall Man, The",Crime|Drama|Mystery,2012
96975,LOL (2012),LOL,Comedy|Drama|Romance,2012
97024,Rust and Bone (De rouille et d'os) (2012),Rust and Bone (De rouille et d'os),Drama|Romance,2012
97168,Marley (2012),Marley,Documentary,2012
97172,Frankenweenie (2012),Frankenweenie,Animation|Comedy|Horror|IMAX,2012
97188,Sinister (2012),Sinister,Horror|Thriller,2012
97194,"Thing: Terror Takes Shape, The (1998)","Thing: Terror Takes Shape, The",Documentary,1998
97225,Hotel Transylvania (2012),Hotel Transylvania,Animation|Children|Comedy,2012
97230,Side by Side (2012),Side by Side,Documentary,2012
97285,Take Aim at the Police Van (Sono gosôsha wo nerae: 'Jûsangô taihisen' yori) (1960),Take Aim at the Police Van (Sono gosôsha wo nerae: 'Jûsangô taihisen' yori),Action|Crime|Mystery,1960
97304,Argo (2012),Argo,Drama|Thriller,2012
97306,Seven Psychopaths (2012),Seven Psychopaths,Comedy|Crime,2012
97328,Liberal Arts (2012),Liberal Arts,Comedy|Drama,2012
97470,Catch .44 (2011),Catch .44,Action|Drama|Thriller,2011
97643,[REC]³ 3 Génesis (2012),[REC]³ 3 Génesis,Horror|Thriller,2012
97665,Asterix & Obelix: God Save Britannia (Astérix et Obélix: Au service de Sa Majesté) (2012),Asterix & Obelix: God Save Britannia (Astérix et Obélix: Au service de Sa Majesté),Adventure|Comedy,2012
97701,Paranormal Activity 4 (2012),Paranormal Activity 4,Horror|IMAX,2012
97742,Alex Cross (2012),Alex Cross,Action|Crime|Mystery|Thriller,2012
97752,Cloud Atlas (2012),Cloud Atlas,Drama|Sci-Fi|IMAX,2012
97757,'Hellboy': The Seeds of Creation (2004),'Hellboy': The Seeds of Creation,Action|Adventure|Comedy|Documentary|Fantasy,2004
97785,Silent Hill: Revelation 3D (2012),Silent Hill: Revelation 3D,Horror|Mystery|Thriller,2012
97836,Here Comes the Boom (2012),Here Comes the Boom,Action|Comedy,2012
97858,Mental (2012),Mental,Comedy|Drama,2012
97860,Killing Them Softly (2012),Killing Them Softly,Crime|Drama|Thriller,2012
97866,"Imposter, The (2012)","Imposter, The",Documentary,2012
97870,"Sessions, The (Surrogate, The) (2012)","Sessions, The (Surrogate, The)",Drama,2012
97904,Smashed (2012),Smashed,Comedy|Drama,2012
97913,Wreck-It Ralph (2012),Wreck-It Ralph,Animation|Comedy,2012
97921,Silver Linings Playbook (2012),Silver Linings Playbook,Comedy|Drama,2012
97923,Flight (2012),Flight,Drama,2012
97936,Anna Karenina (2012),Anna Karenina,Drama,2012
97938,Life of Pi (2012),Life of Pi,Adventure|Drama|IMAX,2012
97950,"Man with the Iron Fists, The (2012)","Man with the Iron Fists, The",Action|Adventure|Crime,2012
97988,"Bay, The (2012)","Bay, The",Horror|Sci-Fi|Thriller,2012
98061,Himizu (2011),Himizu,Children|Crime|Drama,2011
98083,Jackass 3.5 (2011),Jackass 3.5,Comedy|Documentary,2011
98122,Indie Game: The Movie (2012),Indie Game: The Movie,Documentary,2012
98124,"Batman: The Dark Knight Returns, Part 1 (2012)","Batman: The Dark Knight Returns, Part 1",Action|Animation|Sci-Fi,2012
98154,Lincoln (2012),Lincoln,Drama|War,2012
98160,Nature Calls (2012),Nature Calls,Comedy,2012
98175,Vamps (2012),Vamps,Comedy|Horror|Romance,2012
98203,"Twilight Saga: Breaking Dawn - Part 2, The (2012)","Twilight Saga: Breaking Dawn - Part 2, The",Adventure|Drama|Fantasy|Romance|IMAX,2012
98230,10 Years (2011),10 Years,Comedy|Drama|Romance,2011
98239,Red Dawn (2012),Red Dawn,Action|War,2012
98243,Rise of the Guardians (2012),Rise of the Guardians,Adventure|Animation|Children|Fantasy|IMAX,2012
98279,"Fantastic Fear of Everything, A (2012)","Fantastic Fear of Everything, A",Comedy,2012
98296,Deadfall (2012),Deadfall,Crime|Drama|Thriller,2012
98361,Byzantium (2012),Byzantium,Drama|Fantasy|Thriller,2012
98491,Paperman (2012),Paperman,Animation|Comedy|Romance,2012
98499,"Fearless Hyena, The (Xiao quan guai zhao) (1979)","Fearless Hyena, The (Xiao quan guai zhao)",Action|Comedy,1979
98503,Half a Loaf of Kung Fu (Dian zhi gong fu gan chian chan) (1980),Half a Loaf of Kung Fu (Dian zhi gong fu gan chian chan),Action|Comedy,1980
98585,Hitchcock (2012),Hitchcock,Drama,2012
98604,From Up on Poppy Hill (Kokuriko-zaka kara) (2011),From Up on Poppy Hill (Kokuriko-zaka kara),Animation|Drama|Romance,2011
98607,Redline (2009),Redline,Action|Animation|Sci-Fi,2009
98623,Winners and Sinners (Qi mou miao ji: Wu fu xing) (1983),Winners and Sinners (Qi mou miao ji: Wu fu xing),Action|Comedy|Crime,1983
98633,My Lucky Stars (Fuk sing go jiu) (1985),My Lucky Stars (Fuk sing go jiu),Action|Comedy,1985
98697,"Money Money Money (L'aventure, c'est l'aventure) (1972)","Money Money Money (L'aventure, c'est l'aventure)",Adventure|Comedy,1972
98799,"Liar's Autobiography: The Untrue Story of Monty Python's Graham Chapman, A (2012)","Liar's Autobiography: The Untrue Story of Monty Python's Graham Chapman, A",Animation|Comedy,2012
98809,"Hobbit: An Unexpected Journey, The (2012)","Hobbit: An Unexpected Journey, The",Adventure|Fantasy|IMAX,2012
98836,Hyde Park on Hudson (2012),Hyde Park on Hudson,Comedy|Drama,2012
98908,How to Make Love to a Woman (2010),How to Make Love to a Woman,Comedy|Romance,2010
98961,Zero Dark Thirty (2012),Zero Dark Thirty,Action|Drama|Thriller,2012
99005,Fire with Fire (2012),Fire with Fire,Action|Crime|Drama,2012
99007,Warm Bodies (2013),Warm Bodies,Comedy|Horror|Romance,2013
99030,Wrong (2012),Wrong,Comedy|Drama,2012
99087,Playing for Keeps (2012),Playing for Keeps,Comedy|Romance,2012
99106,"Guilt Trip, The (2012)","Guilt Trip, The",Comedy,2012
99112,Jack Reacher (2012),Jack Reacher,Action|Crime|Thriller,2012
99114,Django Unchained (2012),Django Unchained,Action|Drama|Western,2012
99117,This Is 40 (2012),This Is 40,Drama,2012
99122,I Bought a Vampire Motorcycle (1990),I Bought a Vampire Motorcycle,Comedy|Horror,1990
99130,Ice Cream Man (1995),Ice Cream Man,Comedy|Horror,1995
99145,"Impossible, The (Imposible, Lo) (2012)","Impossible, The (Imposible, Lo)",Drama|Thriller,2012
99149,"Misérables, Les (2012)","Misérables, Les",Drama|Musical|Romance|IMAX,2012
99191,Campfire Tales (1997),Campfire Tales,Horror,1997
99415,Parental Guidance (2012),Parental Guidance,Comedy,2012
99437,John Dies at the End (2012),John Dies at the End,Comedy|Fantasy|Horror,2012
99532,"Misérables, Les (2000)","Misérables, Les",Drama|Romance,2000
99574,Promised Land (2012),Promised Land,Drama,2012
99636,English Vinglish (2012),English Vinglish,Comedy|Drama,2012
99638,Fish Story (Fisshu sutôrî) (2009),Fish Story (Fisshu sutôrî),Comedy,2009
99721,Texas Chainsaw 3D (2013),Texas Chainsaw 3D,Horror|Mystery|Thriller,2013
99728,Gangster Squad (2013),Gangster Squad,Action|Crime|Drama,2013
99750,"Iceman, The (2012)","Iceman, The",Crime|Drama|Thriller,2012
99764,It's Such a Beautiful Day (2012),It's Such a Beautiful Day,Animation|Comedy|Drama|Fantasy|Sci-Fi,2012
99813,"Batman: The Dark Knight Returns, Part 2 (2013)","Batman: The Dark Knight Returns, Part 2",Action|Animation,2013
99846,Everything or Nothing: The Untold Story of 007 (2012),Everything or Nothing: The Untold Story of 007,Documentary,2012
99853,Codependent Lesbian Space Alien Seeks Same (2011),Codependent Lesbian Space Alien Seeks Same,Comedy|Romance|Sci-Fi,2011
99910,"Last Stand, The (2013)","Last Stand, The",Action|Crime|Thriller,2013
99917,Upstream Color (2013),Upstream Color,Romance|Sci-Fi|Thriller,2013
99992,Shadow Dancer (2012),Shadow Dancer,Crime|Drama|Thriller,2012
100044,Human Planet (2011),Human Planet,Documentary,2011
100068,Comme un chef (2012),Comme un chef,Comedy,2012
100083,Movie 43 (2013),Movie 43,Comedy,2013
100106,"Pervert's Guide to Ideology, The (2012)","Pervert's Guide to Ideology, The",Documentary,2012
100159,Sightseers (2012),Sightseers,Comedy,2012
100163,Hansel & Gretel: Witch Hunters (2013),Hansel & Gretel: Witch Hunters,Action|Fantasy|Horror|IMAX,2013
100194,Jim Jefferies: Fully Functional (EPIX) (2012),Jim Jefferies: Fully Functional (EPIX),Comedy,2012
100226,Why Stop Now (2012),Why Stop Now,Comedy|Drama,2012
100277,Tabu (2012),Tabu,Drama|Romance,2012
100302,Upside Down (2012),Upside Down,Drama|Romance|Sci-Fi,2012
100304,"Liability, The (2012)","Liability, The",Action|Thriller,2012
100306,Angst  (1983),Angst,Drama|Horror,1983
100326,Stand Up Guys (2012),Stand Up Guys,Comedy|Crime,2012
100383,Side Effects (2013),Side Effects,Crime|Drama|Mystery|Thriller,2013
100390,Identity Thief (2013),Identity Thief,Comedy|Crime,2013
100397,"ABCs of Death, The (2012)","ABCs of Death, The",Horror,2012
100487,Beautiful Creatures (2013),Beautiful Creatures,Drama|Fantasy|Romance,2013
100498,"Good Day to Die Hard, A (2013)","Good Day to Die Hard, A",Action|Crime|Thriller|IMAX,2013
100507,21 and Over (2013),21 and Over,Comedy,2013
100527,Safe Haven (2013),Safe Haven,Drama|Mystery|Romance,2013
100553,Frozen Planet (2011),Frozen Planet,Documentary,2011
100556,"Act of Killing, The (2012)","Act of Killing, The",Documentary,2012
100579,Universal Soldier: Day of Reckoning (2012),Universal Soldier: Day of Reckoning,Action|Sci-Fi|Thriller,2012
100611,Escape from Planet Earth (2013),Escape from Planet Earth,Adventure|Animation|Comedy|Sci-Fi,2013
100714,Before Midnight (2013),Before Midnight,Drama|Romance,2013
100737,Snitch (2013),Snitch,Action|Drama|Thriller,2013
100810,Dark Skies (2013),Dark Skies,Horror|Sci-Fi|Thriller,2013
100843,Oh Boy (A Coffee in Berlin) (2012),Oh Boy (A Coffee in Berlin),Comedy|Drama,2012
100882,Journey to the West: Conquering the Demons (Daai wa sai you chi Chui mo chun kei) (2013),Journey to the West: Conquering the Demons (Daai wa sai you chi Chui mo chun kei),Adventure|Comedy|Fantasy|Romance|IMAX,2013
100906,Maniac Cop 2 (1990),Maniac Cop 2,Action|Horror|Thriller,1990
101025,Jack the Giant Slayer (2013),Jack the Giant Slayer,Adventure|Fantasy|IMAX,2013
101070,Wadjda (2012),Wadjda,Drama,2012
101072,"Unintentional Kidnapping of Mrs. Elfriede Ott, The (Die Unabsichtliche Entführung der Frau Elfriede Ott) (2010)","Unintentional Kidnapping of Mrs. Elfriede Ott, The (Die Unabsichtliche Entführung der Frau Elfriede Ott)",Comedy,2010
101074,"Legend of Sleepy Hollow, The (1949)","Legend of Sleepy Hollow, The",Animation|Comedy|Horror|Musical,1949
101076,G.I. Joe: Retaliation (2013),G.I. Joe: Retaliation,Action|Adventure|Sci-Fi|Thriller|IMAX,2013
101088,Stoker (2013),Stoker,Drama|Mystery|Thriller,2013
101112,Oz the Great and Powerful (2013),Oz the Great and Powerful,Action|Adventure|Fantasy|IMAX,2013
101142,"Croods, The (2013)","Croods, The",Adventure|Animation|Comedy,2013
101283,"Incredible Burt Wonderstone, The (2013)","Incredible Burt Wonderstone, The",Comedy,2013
101360,"Call, The (2013)","Call, The",Drama|Thriller,2013
101362,Olympus Has Fallen (2013),Olympus Has Fallen,Action|Thriller,2013
101415,"First Time, The (2012)","First Time, The",Comedy|Drama|Romance,2012
101423,Mezzo Forte (1998),Mezzo Forte,Action|Animation|Comedy,1998
101525,"Place Beyond the Pines, The (2012)","Place Beyond the Pines, The",Crime|Drama,2012
101529,"Brass Teapot, The (2012)","Brass Teapot, The",Comedy|Fantasy|Thriller,2012
101531,Phil Spector (2013),Phil Spector,Drama,2013
101577,"Host, The (2013)","Host, The",Action|Adventure|Romance,2013
101612,Admission (2013),Admission,Comedy|Romance,2013
101739,Evil Dead (2013),Evil Dead,Horror,2013
101741,Trance (2013),Trance,Crime|Thriller,2013
101765,"Perfect Plan, A (Plan parfait, Un) (2012)","Perfect Plan, A (Plan parfait, Un)",Adventure|Comedy|Romance,2012
101864,Oblivion (2013),Oblivion,Action|Adventure|Sci-Fi|IMAX,2013
101884,Dark Tide (2012),Dark Tide,Adventure|Drama|Thriller,2012
101895,42 (2013),42,Drama,2013
101962,Wolf Children (Okami kodomo no ame to yuki) (2012),Wolf Children (Okami kodomo no ame to yuki),Animation|Fantasy,2012
101973,Disconnect (2012),Disconnect,Drama|Thriller,2012
102007,"Invincible Iron Man, The (2007)","Invincible Iron Man, The",Animation,2007
102025,Yongary: Monster from the Deep (1967),Yongary: Monster from the Deep,Children|Horror|Sci-Fi,1967
102033,Pain & Gain (2013),Pain & Gain,Action|Comedy|Crime,2013
102058,Hulk Vs. (2009),Hulk Vs.,Animation,2009
102066,Resolution (2012),Resolution,Horror|Thriller,2012
102070,Grabbers (2012),Grabbers,Comedy|Horror|Sci-Fi,2012
102084,Justice League: Doom (2012) ,Justice League: Doom (2012),Action|Animation|Fantasy,1999
102088,"Grandmaster, The (Yi dai zong shi) (2013)","Grandmaster, The (Yi dai zong shi)",Action|Drama|IMAX,2013
102123,This Is the End (2013),This Is the End,Action|Comedy,2013
102125,Iron Man 3 (2013),Iron Man 3,Action|Sci-Fi|Thriller|IMAX,2013
102165,"English Teacher, The (2013)","English Teacher, The",Comedy|Drama,2013
102194,Mud (2012),Mud,Adventure|Crime|Drama,2012
102217,Bill Hicks: Revelations (1993),Bill Hicks: Revelations,Comedy,1993
102278,Pawn (2013),Pawn,Crime|Thriller,2013
102338,Shaolin Temple (Shao Lin si) (1976),Shaolin Temple (Shao Lin si),Action|Adventure|Drama,1976
102378,Syrup (2013),Syrup,Comedy|Drama,2013
102407,"Great Gatsby, The (2013)","Great Gatsby, The",Drama,2013
102445,Star Trek Into Darkness (2013),Star Trek Into Darkness,Action|Adventure|Sci-Fi|IMAX,2013
102481,"Internship, The (2013)","Internship, The",Comedy,2013
102590,Darkon (2006),Darkon,Documentary|Fantasy,2006
102602,Mimino (1977),Mimino,Comedy,1977
102666,Ivan Vasilievich: Back to the Future (Ivan Vasilievich menyaet professiyu) (1973),Ivan Vasilievich: Back to the Future (Ivan Vasilievich menyaet professiyu),Adventure|Comedy,1973
102684,Only God Forgives (2013),Only God Forgives,Drama|Thriller,2013
102686,"Hangover Part III, The (2013)","Hangover Part III, The",Comedy,2013
102716,"Fast & Furious 6 (Fast and the Furious 6, The) (2013)","Fast & Furious 6 (Fast and the Furious 6, The)",Action|Crime|Thriller|IMAX,2013
102720,Epic (2013),Epic,Adventure|Animation|Fantasy,2013
102735,Captain America (1979),Captain America,Action|Drama,1979
102742,Tie Xi Qu: West of the Tracks (Tiexi qu) (2003),Tie Xi Qu: West of the Tracks (Tiexi qu),Documentary,2003
102747,"Rink, The (1916)","Rink, The",Comedy,1916
102749,Captain America II: Death Too Soon (1979),Captain America II: Death Too Soon,Action|Crime,1979
102760,Down Terrace (2009),Down Terrace,Comedy|Crime|Drama,2009
102800,Frances Ha (2012),Frances Ha,Comedy|Drama,2012
102802,"Lords of Salem, The (2012)","Lords of Salem, The",Horror|Thriller,2012
102819,Behind the Candelabra (2013),Behind the Candelabra,Drama,2013
102823,As I Was Moving Ahead Occasionally I Saw Brief Glimpses of Beauty (2000),As I Was Moving Ahead Occasionally I Saw Brief Glimpses of Beauty,Documentary,2000
102852,With Great Power: The Stan Lee Story (2012),With Great Power: The Stan Lee Story,Documentary,2012
102880,After Earth (2013),After Earth,Action|Adventure|Sci-Fi|IMAX,2013
102903,Now You See Me (2013),Now You See Me,Crime|Mystery|Thriller,2013
102984,Inhuman Resources (Redd Inc.) (2012),Inhuman Resources (Redd Inc.),Horror|Thriller,2012
102993,"Way, Way Back, The (2013)","Way, Way Back, The",Comedy|Drama,2013
103027,Much Ado About Nothing (2012),Much Ado About Nothing,Comedy|Drama|Romance,2012
103042,Man of Steel (2013),Man of Steel,Action|Adventure|Fantasy|Sci-Fi|IMAX,2013
103048,"Kings of Summer, The (2013)","Kings of Summer, The",Comedy,2013
103075,"Purge, The (2013)","Purge, The",Crime|Horror|Thriller,2013
103085,Rapture-Palooza (2013),Rapture-Palooza,Comedy|Fantasy,2013
103107,20 Feet from Stardom (Twenty Feet from Stardom) (2013),20 Feet from Stardom (Twenty Feet from Stardom),Documentary,2013
103137,"Bling Ring, The (2013)","Bling Ring, The",Crime|Drama,2013
103141,Monsters University (2013),Monsters University,Adventure|Animation|Comedy,2013
103171,Schlussmacher (2013),Schlussmacher,Comedy,2013
103210,Fullmetal Alchemist: The Sacred Star of Milos (2011),Fullmetal Alchemist: The Sacred Star of Milos,Action|Adventure|Animation,2011
103219,Maniac (2012),Maniac,Horror|Thriller,2012
103221,Not Suitable for Children (2012),Not Suitable for Children,Comedy|Romance,2012
103228,Pacific Rim (2013),Pacific Rim,Action|Adventure|Sci-Fi|IMAX,2013
103233,LEGO Batman: The Movie - DC Heroes Unite (2013),LEGO Batman: The Movie - DC Heroes Unite,Action|Adventure|Animation,2013
103235,"Best Offer, The (Migliore offerta, La) (2013)","Best Offer, The (Migliore offerta, La)",Thriller,2013
103245,Adam and Eve (National Lampoon's Adam & Eve) (2005),Adam and Eve (National Lampoon's Adam & Eve),Comedy|Drama|Romance,2005
103249,World War Z (2013),World War Z,Action|Drama|Horror|IMAX,2013
103253,Elysium (2013),Elysium,Action|Drama|Sci-Fi|IMAX,2013
103335,Despicable Me 2 (2013),Despicable Me 2,Animation|Children|Comedy|IMAX,2013
103339,White House Down (2013),White House Down,Action|Drama|Thriller|IMAX,2013
103341,"World's End, The (2013)","World's End, The",Action|Comedy|Sci-Fi,2013
103366,Redemption (Hummingbird) (2013),Redemption (Hummingbird),Action|Crime|Thriller,2013
103372,"Heat, The (2013)","Heat, The",Action|Comedy|Crime,2013
103384,"Lone Ranger, The (2013)","Lone Ranger, The",Action|Adventure|Western|IMAX,2013
103449,Passion (2012),Passion,Crime|Drama|Mystery|Thriller,2012
103483,V/H/S/2 (2013),V/H/S/2,Horror|Thriller,2013
103502,"Knot, The (2012)","Knot, The",Comedy|Romance,2012
103539,The Spectacular Now (2013),The Spectacular Now,Comedy|Drama|Romance,2013
103543,"Lifeguard, The (2013)","Lifeguard, The",Comedy|Drama,2013
103596,Sharknado (2013),Sharknado,Sci-Fi,2013
103602,Craig Ferguson: I'm Here To Help (2013),Craig Ferguson: I'm Here To Help,Comedy|Documentary,2013
103606,Stuck in Love (2012),Stuck in Love,Comedy|Drama|Romance,2012
103609,Class Act (1992),Class Act,Comedy,1992
103624,Fruitvale Station (2013),Fruitvale Station,Drama,2013
103655,R.I.P.D. (2013),R.I.P.D.,Action|Comedy|Fantasy,2013
103685,"Field in England, A (2013)","Field in England, A",Drama|Fantasy|Thriller|War,2013
103688,"Conjuring, The (2013)","Conjuring, The",Horror|Thriller,2013
103755,Turbo (2013),Turbo,Adventure|Animation|Children|Comedy|Fantasy,2013
103772,"Wolverine, The (2013)","Wolverine, The",Action|Adventure|Fantasy|Sci-Fi,2013
103801,Drinking Buddies (2013),Drinking Buddies,Comedy|Drama|Romance,2013
103810,Red 2 (2013),Red 2,Action|Comedy|Crime|Thriller,2013
103819,Coffee Town (2013),Coffee Town,Comedy,2013
103865,Revenge for Jolly! (2012),Revenge for Jolly!,Comedy|Drama,2012
103883,2 Guns (2013),2 Guns,Action|Comedy|Crime,2013
103980,Blue Jasmine (2013),Blue Jasmine,Drama,2013
103984,"Great Beauty, The (Grande Bellezza, La) (2013)","Great Beauty, The (Grande Bellezza, La)",Comedy|Drama,2013
104017,3 dev adam (Three Giant Men) (1973) ,3 dev adam (Three Giant Men) (1973),Action|Adventure|Sci-Fi,1999
104069,Louis C.K.: Oh My God (2013),Louis C.K.: Oh My God,Comedy,2013
104074,Percy Jackson: Sea of Monsters (2013),Percy Jackson: Sea of Monsters,Adventure|Children|Fantasy,2013
104076,"Smurfs 2, The (2013)","Smurfs 2, The",Animation|Children|Comedy,2013
104078,Alan Partridge: Alpha Papa (2013),Alan Partridge: Alpha Papa,Comedy,2013
104129,Man of Tai Chi (2013),Man of Tai Chi,Action|IMAX,2013
104141,Batman: Mystery of the Batwoman (2003),Batman: Mystery of the Batwoman,Action|Animation|Children|Crime,2003
104211,We're the Millers (2013),We're the Millers,Comedy|Crime,2013
104218,Grown Ups 2 (2013),Grown Ups 2,Comedy,2013
104241,Kick-Ass 2 (2013),Kick-Ass 2,Action|Comedy|Crime,2013
104243,Riddick (2013),Riddick,Action|Sci-Fi|Thriller|IMAX,2013
104245,Planes (2013),Planes,Adventure|Animation|Comedy,2013
104272,Blackfish (2013),Blackfish,Documentary,2013
104283,"Wind Rises, The (Kaze tachinu) (2013)","Wind Rises, The (Kaze tachinu)",Animation|Drama|Romance,2013
104303,Jobs (2013),Jobs,Drama,2013
104337,Lee Daniels' The Butler (2013),Lee Daniels' The Butler,Drama,2013
104339,In a World... (2013),In a World...,Comedy,2013
104374,About Time (2013),About Time,Drama|Fantasy|Romance,2013
104419,Justice League: Crisis on Two Earths (2010),Justice League: Crisis on Two Earths,Action|Animation|Sci-Fi,2010
104457,You're Next (2011),You're Next,Horror|Thriller,2011
104644,Maria Bamford: The Special Special Special! (2012),Maria Bamford: The Special Special Special!,Comedy,2012
104760,Getaway (2013),Getaway,Action|Crime,2013
104780,"Mystery of the Third Planet, The (Tayna tretey planety) (1981)","Mystery of the Third Planet, The (Tayna tretey planety)",Adventure|Animation|Sci-Fi,1981
104837,Rage of Honor (1987),Rage of Honor,Action|Crime,1987
104841,Gravity (2013),Gravity,Action|Sci-Fi|IMAX,2013
104863,What If (2013),What If,Comedy|Drama|Romance,2013
104875,"History of Future Folk, The (2012)","History of Future Folk, The",Adventure|Comedy|Musical|Sci-Fi,2012
104879,Prisoners (2013),Prisoners,Drama|Mystery|Thriller,2013
104906,Austenland (2013),Austenland,Comedy|Romance,2013
104908,Insidious: Chapter 2 (2013),Insidious: Chapter 2,Horror|Thriller,2013
104913,Rush (2013),Rush,Action|Drama,2013
104925,"Family, The (2013)","Family, The",Action|Comedy|Crime,2013
104944,Short Term 12 (2013),Short Term 12,Drama,2013
105020,Collision Course (1989),Collision Course,Action|Comedy|Thriller,1989
105037,"To Do List, The (2013)","To Do List, The",Comedy,2013
105121,Inescapable (2012),Inescapable,Action|Drama|War,2012
105197,Nebraska (2013),Nebraska,Adventure|Drama,2013
105211,Enough Said (2013),Enough Said,Comedy|Drama|Romance,2013
105213,Don Jon (2013),Don Jon,Comedy|Drama|Romance,2013
105246,Mood Indigo (L'écume des jours) (2013),Mood Indigo (L'écume des jours),Drama|Fantasy,2013
105250,"Century of the Self, The (2002)","Century of the Self, The",Documentary,2002
105254,Crystal Fairy & the Magical Cactus and 2012 (2013),Crystal Fairy & the Magical Cactus and 2012,Adventure|Comedy,2013
105325,Bad Milo (Bad Milo!) (2013),Bad Milo (Bad Milo!),Comedy|Horror,2013
105351,Runner Runner (2013),Runner Runner,Crime|Drama|Thriller,2013
105355,Blue Is the Warmest Color (La vie d'Adèle) (2013),Blue Is the Warmest Color (La vie d'Adèle),Drama|Romance,2013
105468,Cloudy with a Chance of Meatballs 2 (2013),Cloudy with a Chance of Meatballs 2,Animation|Children|Comedy|Fantasy,2013
105504,Captain Phillips (2013),Captain Phillips,Adventure|Drama|Thriller|IMAX,2013
105540,"All Dogs Christmas Carol, An (1998)","All Dogs Christmas Carol, An",Animation|Children|Comedy|Musical,1998
105585,Machete Kills (Machete 2) (2013),Machete Kills (Machete 2),Action|Crime|Thriller,2013
105593,Filth (2013),Filth,Comedy|Crime|Drama,2013
105653,Escape Plan (2013),Escape Plan,Action|Mystery|Thriller,2013
105720,"Thief of Paris, The (Le voleur) (1967)","Thief of Paris, The (Le voleur)",Comedy|Crime|Drama,1967
105731,Carrie (2013),Carrie,Drama|Horror,2013
105746,UnHung Hero (2013),UnHung Hero,Documentary,2013
105755,"Counselor, The (2013)","Counselor, The",Crime|Drama|Thriller,2013
105801,Escape From Tomorrow (2013),Escape From Tomorrow,Drama|Fantasy|Horror,2013
105835,"Double, The (2013)","Double, The",Comedy|Drama|Thriller,2013
105844,12 Years a Slave (2013),12 Years a Slave,Drama,2013
105954,All Is Lost (2013),All Is Lost,Action|Adventure|Drama,2013
106002,Ender's Game (2013),Ender's Game,Action|Adventure|Sci-Fi|IMAX,2013
106062,Jackass Presents: Bad Grandpa (2013),Jackass Presents: Bad Grandpa,Comedy,2013
106072,Thor: The Dark World (2013),Thor: The Dark World,Action|Adventure|Fantasy|IMAX,2013
106100,Dallas Buyers Club (2013),Dallas Buyers Club,Drama,2013
106144,"Selfish Giant, The (2013)","Selfish Giant, The",Drama,2013
106330,Last Vegas (2013),Last Vegas,Comedy|Drama|Romance,2013
106438,Philomena (2013),Philomena,Comedy|Drama,2013
106441,"Book Thief, The (2013)","Book Thief, The",Children|Drama|War,2013
106487,The Hunger Games: Catching Fire (2013),The Hunger Games: Catching Fire,Action|Adventure|Sci-Fi|IMAX,2013
106489,"Hobbit: The Desolation of Smaug, The (2013)","Hobbit: The Desolation of Smaug, The",Adventure|Fantasy|IMAX,2013
106491,47 Ronin (2013),47 Ronin,Action|Adventure|Fantasy,2013
106540,Delivery Man (2013),Delivery Man,Comedy,2013
106542,Charlie Countryman (2013),Charlie Countryman,Action|Comedy|Romance,2013
106594,Red Flag (2012),Red Flag,Comedy|Drama|Romance,2012
106642,"Day of the Doctor, The (2013)","Day of the Doctor, The",Adventure|Drama|Sci-Fi,2013
106648,Guilty of Romance (Koi no tsumi) (2011) ,Guilty of Romance (Koi no tsumi) (2011),Crime|Drama|Horror,1999
106696,Frozen (2013),Frozen,Adventure|Animation|Comedy|Fantasy|Musical|Romance,2013
106766,Inside Llewyn Davis (2013),Inside Llewyn Davis,Drama,2013
106782,"Wolf of Wall Street, The (2013)","Wolf of Wall Street, The",Comedy|Crime|Drama,2013
106785,Homefront (2013),Homefront,Action|Crime|Thriller,2013
106839,Mandela: Long Walk to Freedom (2013),Mandela: Long Walk to Freedom,Drama,2013
106873,Evangelion: 3.0 You Can (Not) Redo (2012),Evangelion: 3.0 You Can (Not) Redo,Action|Animation|Drama,2012
106883,All is Bright (2013),All is Bright,Comedy|Drama,2013
106889,Tim's Vermeer (2013),Tim's Vermeer,Documentary,2013
106916,American Hustle (2013),American Hustle,Crime|Drama,2013
106918,"Secret Life of Walter Mitty, The (2013)","Secret Life of Walter Mitty, The",Adventure|Comedy|Drama,2013
106920,Her (2013),Her,Drama|Romance|Sci-Fi,2013
106927,RoboGeisha (Robo-geisha) (2009),RoboGeisha (Robo-geisha),Action|Comedy|Sci-Fi,2009
107013,"Christmas Carol, A (1977)","Christmas Carol, A",Drama|Fantasy,1977
107069,Lone Survivor (2013),Lone Survivor,Action|Drama|Thriller|War,2013
107141,Saving Mr. Banks (2013),Saving Mr. Banks,Comedy|Drama,2013
107159,Zatoichi and the Chest of Gold (Zatôichi senryô-kubi) (Zatôichi 6) (1964),Zatoichi and the Chest of Gold (Zatôichi senryô-kubi) (Zatôichi 6),Action|Drama,1964
107314,Oldboy (2013),Oldboy,Action|Drama|Mystery,2013
107338,Dampfnudelblues (2013),Dampfnudelblues,Comedy|Crime,2013
107348,Anchorman 2: The Legend Continues (2013),Anchorman 2: The Legend Continues,Comedy,2013
107406,Snowpiercer (2013),Snowpiercer,Action|Drama|Sci-Fi,2013
107408,Only Old Men Are Going to Battle (V boy idut odni stariki) (1973),Only Old Men Are Going to Battle (V boy idut odni stariki),Comedy|Drama|War,1973
107410,Guest from the Future (Gostya iz buduschego) (1985),Guest from the Future (Gostya iz buduschego),Adventure|Drama|Sci-Fi,1985
107412,"Kidnapping, Caucasian Style (Kavkazskaya plennitsa) (1967)","Kidnapping, Caucasian Style (Kavkazskaya plennitsa)",Comedy|Romance,1967
107436,Haunter (2013),Haunter,Horror|Mystery|Thriller,2013
107447,Wrong Cops (2013),Wrong Cops,Comedy|Crime,2013
107449,"Muppet Christmas: Letters to Santa, A (2008)","Muppet Christmas: Letters to Santa, A",Children|Comedy,2008
107462,Ninja: Shadow of a Tear (2013),Ninja: Shadow of a Tear,Action|Crime|Thriller,2013
107565,"Fuck You, Goethe (Fack Ju Göhte) (2013)","Fuck You, Goethe (Fack Ju Göhte)",Comedy,2013
107630,High School (2010),High School,Comedy,2010
107702,Grudge Match (2013),Grudge Match,Comedy,2013
107723,Highlander: The Search for Vengeance (2007),Highlander: The Search for Vengeance,Action|Adventure|Fantasy,2007
107771,Only Lovers Left Alive (2013),Only Lovers Left Alive,Drama|Horror|Romance,2013
107780,Cats (1998),Cats,Musical,1998
107846,MacGyver: Trail to Doomsday (1994),MacGyver: Trail to Doomsday,Action|Adventure,1994
107945,Bad Karma (2012),Bad Karma,Thriller,2012
107951,Hunting Elephants (2013),Hunting Elephants,Comedy|Crime,2013
107953,Dragon Ball Z: Battle of Gods (2013),Dragon Ball Z: Battle of Gods,Action|Animation|Fantasy|IMAX,2013
107962,Freezer (2014),Freezer,Action|Thriller,2014
107997,We Are What We Are (2013),We Are What We Are,Drama|Horror|Mystery|Thriller,2013
107999,Dragon ball Z 04: Lord Slug (1991),Dragon ball Z 04: Lord Slug,Animation|Children,1991
108078,Chinese Puzzle (Casse-tête chinois) (2013),Chinese Puzzle (Casse-tête chinois),Comedy|Romance,2013
108090,Dragon Ball: The Path to Power (Doragon bôru: Saikyô e no michi) (1996),Dragon Ball: The Path to Power (Doragon bôru: Saikyô e no michi),Action|Adventure|Animation|Children,1996
108156,Ride Along (2014),Ride Along,Action|Comedy,2014
108188,Jack Ryan: Shadow Recruit (2014),Jack Ryan: Shadow Recruit,Action|Drama|Thriller|IMAX,2014
108190,Divergent (2014),Divergent,Adventure|Romance|Sci-Fi|IMAX,2014
108192,Hotel Chevalier (Part 1 of 'The Darjeeling Limited') (2007),Hotel Chevalier (Part 1 of 'The Darjeeling Limited'),Drama,2007
108540,Ernest & Célestine (Ernest et Célestine) (2012),Ernest & Célestine (Ernest et Célestine),Adventure|Animation|Children|Comedy|Drama|Romance,2012
108601,Drift (2013),Drift,Drama,2013
108689,"I, Frankenstein (2014)","I, Frankenstein",Action|Fantasy|Sci-Fi|IMAX,2014
108715,Better Living Through Chemistry (2014),Better Living Through Chemistry,Comedy|Drama,2014
108727,Nymphomaniac: Volume I (2013),Nymphomaniac: Volume I,Drama,2013
108729,Enemy (2013),Enemy,Mystery|Thriller,2013
108795,Wonder Woman (2009),Wonder Woman,Action|Adventure|Animation|Fantasy,2009
108928,"Monuments Men, The (2014)","Monuments Men, The",Action|Drama|War,2014
108932,The Lego Movie (2014),The Lego Movie,Action|Adventure|Animation|Children|Comedy|Fantasy,2014
108945,RoboCop (2014),RoboCop,Action|Crime|Sci-Fi|IMAX,2014
108949,"Art of the Steal, The (2013)","Art of the Steal, The",Crime,2013
108981,Nymphomaniac: Volume II (2013),Nymphomaniac: Volume II,Drama|Mystery,2013
109042,Knights of Badassdom (2013),Knights of Badassdom,Adventure|Comedy|Fantasy,2013
109161,Venus in Fur (La Vénus à la fourrure) (2013),Venus in Fur (La Vénus à la fourrure),Drama,2013
109183,Date and Switch (2014),Date and Switch,Comedy,2014
109187,"Zero Theorem, The (2013)","Zero Theorem, The",Drama|Fantasy|Sci-Fi,2013
109191,Winter's Tale (2014),Winter's Tale,Drama|Fantasy|Mystery,2014
109241,On the Other Side of the Tracks (De l'autre côté du périph) (2012),On the Other Side of the Tracks (De l'autre côté du périph),Action|Comedy|Crime,2012
109282,GLOW: The Story of the Gorgeous Ladies of Wrestling (2012),GLOW: The Story of the Gorgeous Ladies of Wrestling,Documentary,2012
109295,Cold Comes the Night (2013),Cold Comes the Night,Crime|Drama|Thriller,2013
109313,Chouchou (2003),Chouchou,Comedy,2003
109317,Someone Marry Barry (2014),Someone Marry Barry,Comedy,2014
109372,About Last Night (2014),About Last Night,Comedy|Romance,2014
109374,"Grand Budapest Hotel, The (2014)","Grand Budapest Hotel, The",Comedy|Drama,2014
109383,"Oversimplification of Her Beauty, An (2012)","Oversimplification of Her Beauty, An",Animation|Comedy|Drama|Romance,2012
109416,Bring It On: Fight to the Finish (2009),Bring It On: Fight to the Finish,Comedy,2009
109483,That Awkward Moment (2014),That Awkward Moment,Comedy|Romance,2014
109487,Interstellar (2014),Interstellar,Sci-Fi|IMAX,2014
109569,3 Days to Kill (2014),3 Days to Kill,Action|Crime|Drama,2014
109576,Welcome to the Jungle (2013),Welcome to the Jungle,Comedy,2013
109578,Non-Stop (2014),Non-Stop,Action|Mystery|Thriller,2014
109596,Wrinkles (Arrugas) (2011),Wrinkles (Arrugas),Animation|Drama,2011
109633,"Garden of Words, The (Koto no ha no niwa) (2013)","Garden of Words, The (Koto no ha no niwa)",Animation|Romance,2013
109673,300: Rise of an Empire (2014),300: Rise of an Empire,Action|Drama|War|IMAX,2014
109687,Particle Fever (2013),Particle Fever,Documentary,2013
109723,"Bag Man, The (2014)","Bag Man, The",Crime|Drama|Thriller,2014
109846,Mr. Peabody & Sherman (2014),Mr. Peabody & Sherman,Adventure|Animation|Comedy,2014
109848,Under the Skin (2013),Under the Skin,Horror|Sci-Fi|Thriller,2013
109850,Need for Speed (2014),Need for Speed,Action|Crime|Drama|IMAX,2014
109853,Barefoot (2014),Barefoot,Comedy|Drama|Romance,2014
109864,Veronica Mars (2014),Veronica Mars,Comedy|Crime|Drama,2014
109895,Bad Words (2013),Bad Words,Comedy,2013
109897,Son of God (2014),Son of God,Drama,2014
109941,Puss in Boots: The Three Diablos (2012),Puss in Boots: The Three Diablos,Animation|Comedy,2012
109968,Why Don't You Play In Hell? (Jigoku de naze warui) (2013),Why Don't You Play In Hell? (Jigoku de naze warui),Action|Drama,2013
109971,Ocho apellidos vascos (2014),Ocho apellidos vascos,Comedy,2014
110102,Captain America: The Winter Soldier (2014),Captain America: The Winter Soldier,Action|Adventure|Sci-Fi|IMAX,2014
110127,Noah (2014),Noah,Adventure|Drama|IMAX,2014
110130,"Nut Job, The (2014)","Nut Job, The",Adventure|Animation|Children|Comedy,2014
110281,King of Comedy (Hei kek ji wong) (1999),King of Comedy (Hei kek ji wong),Comedy|Drama|Romance,1999
110286,13 Sins (2014),13 Sins,Horror|Thriller,2014
110297,Muppets Most Wanted (2014),Muppets Most Wanted,Adventure|Comedy|Crime,2014
110330,Me and you (io e te) (2012),Me and you (io e te),Drama,2012
110350,Free to Play (2014),Free to Play,Documentary,2014
110387,"Unknown Known, The (2013)","Unknown Known, The",Documentary,2013
110501,The Raid 2: Berandal (2014),The Raid 2: Berandal,Action|Crime|Thriller,2014
110541,"Brain Smasher... A Love Story (Bouncer and the Lady, The) (1993)","Brain Smasher... A Love Story (Bouncer and the Lady, The)",Action|Comedy,1993
110553,The Amazing Spider-Man 2 (2014),The Amazing Spider-Man 2,Action|Sci-Fi|IMAX,2014
110586,Calvary (2014),Calvary,Comedy|Drama,2014
110591,Oculus (2013),Oculus,Horror,2013
110603,God's Not Dead (2014),God's Not Dead,Drama,2014
110611,Cold in July (2014),Cold in July,Drama|Thriller,2014
110655,Rio 2 (2014),Rio 2,Adventure|Animation|Children|Comedy,2014
110669,"Honest Liar, An (2014)","Honest Liar, An",Comedy|Documentary,2014
110718,Fading Gigolo (2013),Fading Gigolo,Comedy,2013
110730,Transcendence (2014),Transcendence,Drama|Sci-Fi|IMAX,2014
110746,Hatchet III (2013),Hatchet III,Comedy|Horror,2013
110771,"Other Woman, The (2014)","Other Woman, The",Comedy|Romance,2014
110773,"Haunted House 2, A (2014)","Haunted House 2, A",Comedy|Horror,2014
110781,Mulan II (2004),Mulan II,Action|Animation|Children|Comedy|Musical,2004
110826,Brick Mansions (2014),Brick Mansions,Action|Crime|Drama,2014
110882,Locke (2013),Locke,Drama,2013
111113,Neighbors (2014),Neighbors,Comedy,2014
111146,Alpha and Omega 3: The Great Wolf Games (2014),Alpha and Omega 3: The Great Wolf Games,Action|Adventure|Animation|Children|Comedy,2014
111320,Mom's Night Out (2014),Mom's Night Out,Comedy,2014
111360,Lucy (2014),Lucy,Action|Sci-Fi,2014
111362,X-Men: Days of Future Past (2014),X-Men: Days of Future Past,Action|Adventure|Sci-Fi,2014
111364,Godzilla (2014),Godzilla,Action|Adventure|Sci-Fi|IMAX,2014
111375,Walk of Shame (2014),Walk of Shame,Comedy,2014
111384,Blue Ruin (2013),Blue Ruin,Thriller,2013
111443,Chef (2014),Chef,Comedy,2014
111551,Afflicted (2013),Afflicted,Horror|Sci-Fi|Thriller,2013
111617,Blended (2014),Blended,Comedy,2014
111622,Begin Again (2013),Begin Again,Comedy|Romance,2013
111659,Maleficent (2014),Maleficent,Action|Adventure|Children|IMAX,2014
111663,Zombeavers (2014),Zombeavers,Action|Comedy|Horror,2014
111680,At Middleton (2013),At Middleton,Comedy|Romance,2013
111732,"Dance of Reality, The (Danza de la realidad, La) (2013)","Dance of Reality, The (Danza de la realidad, La)",Drama|Fantasy,2013
111743,A Million Ways to Die in the West (2014),A Million Ways to Die in the West,Comedy|Western,2014
111759,Edge of Tomorrow (2014),Edge of Tomorrow,Action|Sci-Fi|IMAX,2014
111781,Mission: Impossible - Rogue Nation (2015),Mission: Impossible - Rogue Nation,Action|Adventure|Thriller,2015
111785,Midnight Chronicles (2009),Midnight Chronicles,Action|Adventure|Fantasy,2009
111795,Million Dollar Arm (2014),Million Dollar Arm,Comedy|Drama,2014
111800,G.B.F. (2013),G.B.F.,Comedy,2013
111817,Jimi: All Is by My Side (2013),Jimi: All Is by My Side,Drama,2013
111844,Bad Asses (Bad Ass 2) (2014),Bad Asses (Bad Ass 2),Action|Drama,2014
111913,Lilting (2014),Lilting,Drama,2014
111921,The Fault in Our Stars (2014),The Fault in Our Stars,Drama|Romance,2014
112006,Tangled Ever After (2012),Tangled Ever After,Action|Animation|Children,2012
112070,Maps to the Stars (2014),Maps to the Stars,Drama,2014
112138,22 Jump Street (2014),22 Jump Street,Action|Comedy|Crime,2014
112171,"Equalizer, The (2014)","Equalizer, The",Action|Crime|Thriller,2014
112175,How to Train Your Dragon 2 (2014),How to Train Your Dragon 2,Action|Adventure|Animation,2014
112183,Birdman: Or (The Unexpected Virtue of Ignorance) (2014),Birdman: Or (The Unexpected Virtue of Ignorance),Comedy|Drama,2014
112290,Boyhood (2014),Boyhood,Drama,2014
112303,Think Like a Man Too (2014),Think Like a Man Too,Comedy|Romance,2014
112316,Jersey Boys (2014),Jersey Boys,Drama|Musical,2014
112326,Nick Fury: Agent of S.H.I.E.L.D. (1998),Nick Fury: Agent of S.H.I.E.L.D.,Action|Sci-Fi,1998
112334,"Internet's Own Boy: The Story of Aaron Swartz, The (2014)","Internet's Own Boy: The Story of Aaron Swartz, The",Documentary,2014
112370,Transformers: Age of Extinction (2014),Transformers: Age of Extinction,Action|Adventure|Sci-Fi,2014
112421,Frank (2014),Frank,Comedy|Drama|Mystery,2014
112450,They Came Together (2014),They Came Together,Comedy|Romance,2014
112454,Honey (Miele) (2013),Honey (Miele),Drama,2013
112460,Planes: Fire & Rescue (2014),Planes: Fire & Rescue,Adventure|Animation|Comedy,2014
112497,Tammy (2014),Tammy,Comedy,2014
112512,Colourful (Karafuru) (2010),Colourful (Karafuru),Animation|Drama|Fantasy|Mystery,2010
112515,"Babadook, The (2014)","Babadook, The",Drama|Horror|Thriller,2014
112552,Whiplash (2014),Whiplash,Drama,2014
112556,Gone Girl (2014),Gone Girl,Drama|Thriller,2014
112580,"Angriest Man in Brooklyn, The (2014)","Angriest Man in Brooklyn, The",Comedy|Drama,2014
112623,Dawn of the Planet of the Apes (2014),Dawn of the Planet of the Apes,Sci-Fi,2014
112727,Deliver Us from Evil (2014),Deliver Us from Evil,Crime|Horror|Thriller,2014
112749,And So It Goes (2014),And So It Goes,Comedy|Drama|Romance,2014
112788,Sex Tape (2014),Sex Tape,Comedy,2014
112804,I Origins (2014),I Origins,Drama|Sci-Fi,2014
112818,"Purge: Anarchy, The (2014)","Purge: Anarchy, The",Action|Horror|Thriller,2014
112852,Guardians of the Galaxy (2014),Guardians of the Galaxy,Action|Adventure|Sci-Fi,2014
112868,"Signal, The (2014)","Signal, The",Sci-Fi|Thriller,2014
112897,The Expendables 3 (2014),The Expendables 3,Action|Adventure,2014
112911,Hercules (2014),Hercules,Action|Adventure,2014
112940,A Most Wanted Man (2014),A Most Wanted Man,Thriller,2014
113159,Life After Beth (2014),Life After Beth,Comedy|Horror|Romance,2014
113186,Felony (2013),Felony,Thriller,2013
113207,Get on Up (2014),Get on Up,Drama|Musical,2014
113225,Magic in the Moonlight (2014),Magic in the Moonlight,Comedy|Drama|Romance,2014
113252,Housebound (2014),Housebound,Comedy|Horror|Thriller,2014
113275,The Hundred-Foot Journey (2014),The Hundred-Foot Journey,Comedy|Drama,2014
113278,Batman: Assault on Arkham (2014),Batman: Assault on Arkham,Action|Animation|Crime|Thriller,2014
113280,White Frog (2012),White Frog,Drama,2012
113313,"Den, The (2013)","Den, The",Horror|Thriller,2013
113345,Jupiter Ascending (2015),Jupiter Ascending,Action|Adventure|Sci-Fi,2015
113348,Teenage Mutant Ninja Turtles (2014),Teenage Mutant Ninja Turtles,Action|Adventure|Comedy,2014
113350,I'll Follow You Down (2013),I'll Follow You Down,Drama|Mystery|Sci-Fi,2013
113374,"Old Lady and the Pigeons, The (La vieille dame et les pigeons) (1997)","Old Lady and the Pigeons, The (La vieille dame et les pigeons)",Animation|Comedy,1997
113378,"Giver, The (2014)","Giver, The",Drama|Sci-Fi,2014
113394,"Pretty One, The (2013)","Pretty One, The",Comedy|Drama,2013
113416,Revenge of the Green Dragons (2014),Revenge of the Green Dragons,Action|Crime|Drama,2014
113453,Let's Be Cops (2014),Let's Be Cops,Comedy|Crime,2014
113532,"Inbetweeners 2, The (2014)","Inbetweeners 2, The",Comedy,2014
113565,"Sacrament, The (2013)","Sacrament, The",Horror|Thriller,2013
113573,Sin City: A Dame to Kill For (2014),Sin City: A Dame to Kill For,Action|Crime|Thriller,2014
113604,If I Stay (2014),If I Stay,Drama,2014
113705,"Two Days, One Night (Deux jours, une nuit) (2014)","Two Days, One Night (Deux jours, une nuit)",Drama,2014
113741,Coherence (2013),Coherence,Drama|Mystery|Sci-Fi|Thriller,2013
113780,"As Above, So Below (2014)","As Above, So Below",Horror|Thriller,2014
113829,"One I Love, The (2014)","One I Love, The",Comedy|Drama|Romance,2014
113849,Headshot (2011),Headshot,Crime|Drama|Thriller,2011
113862,"Guest, The (2014)","Guest, The",Thriller,2014
114028,Pride (2014),Pride,Comedy|Drama,2014
114044,Honeymoon (2014),Honeymoon,Horror,2014
114060,The Drop (2014),The Drop,Crime|Drama|Thriller,2014
114066,"20,000 Days on Earth (2014)","20,000 Days on Earth",Documentary|Drama|Musical,2014
114074,The Skeleton Twins (2014),The Skeleton Twins,Drama,2014
114126,Beautiful Losers (2008),Beautiful Losers,Documentary,2008
114180,"Maze Runner, The (2014)","Maze Runner, The",Action|Mystery|Sci-Fi,2014
114184,Camp X-Ray (2014),Camp X-Ray,Drama,2014
114246,"Walk Among the Tombstones, A (2014)","Walk Among the Tombstones, A",Action|Crime|Mystery|Thriller,2014
114265,Laggies (2014),Laggies,Comedy|Romance,2014
114335,La cravate (1957),La cravate,(no genres listed),1957
114396,Cesar Chavez (2014),Cesar Chavez,Drama,2014
114494,Who Am I (Kein System Ist Sicher) (2014),Who Am I (Kein System Ist Sicher),Thriller,2014
114554,"Tale of Princess Kaguya, The (Kaguyahime no monogatari) (2013)","Tale of Princess Kaguya, The (Kaguyahime no monogatari)",Animation|Drama|Fantasy,2013
114601,This Is Where I Leave You (2014),This Is Where I Leave You,Comedy|Drama,2014
114627,Angel's Egg (Tenshi no tamago) (1985),Angel's Egg (Tenshi no tamago),Animation|Drama|Fantasy,1985
114662,American Sniper (2014),American Sniper,Action|War,2014
114670,Tusk (2014),Tusk,Comedy|Drama|Horror,2014
114678,Hector and the Search for Happiness (2014),Hector and the Search for Happiness,Adventure|Comedy|Drama,2014
114707,Horns (2014),Horns,Horror|Mystery,2014
114713,Annabelle (2014),Annabelle,Horror,2014
114762,Two Night Stand (2014),Two Night Stand,Comedy|Romance,2014
114795,Dracula Untold (2014),Dracula Untold,Action|Drama|Fantasy,2014
114818,Stretch (2014),Stretch,Action|Comedy|Crime,2014
114847,Autómata (Automata) (2014),Autómata (Automata),Sci-Fi|Thriller,2014
114925,"Captive, The (2014)","Captive, The",Crime|Drama|Thriller,2014
114935,Predestination (2014),Predestination,Action|Mystery|Sci-Fi|Thriller,2014
115065,Justin and the Knights of Valour (2013),Justin and the Knights of Valour,Adventure|Animation,2013
115111,Ward 13 (2003),Ward 13,Action|Animation|Comedy|Horror,2003
115122,What We Do in the Shadows (2014),What We Do in the Shadows,Comedy|Horror,2014
115149,John Wick (2014),John Wick,Action|Thriller,2014
115151,Plastic (2014),Plastic,Action|Crime,2014
115170,"Judge, The (2014)","Judge, The",Drama,2014
115203,"Culture High, The (2014)","Culture High, The",Documentary,2014
115210,Fury (2014),Fury,Action|Drama|War,2014
115216,"Salvation, The (2014)","Salvation, The",Drama|Western,2014
115231,St. Vincent (2014),St. Vincent,Comedy,2014
115502,"Rewrite, The (2014)","Rewrite, The",Comedy|Romance,2014
115569,Nightcrawler (2014),Nightcrawler,Crime|Drama|Thriller,2014
115617,Big Hero 6 (2014),Big Hero 6,Action|Animation|Comedy,2014
115664,The Book of Life (2014),The Book of Life,Adventure|Animation|Romance,2014
115667,"Love, Rosie (2014)","Love, Rosie",Comedy|Romance,2014
115680,Time Lapse (2014),Time Lapse,Crime|Drama|Sci-Fi|Thriller,2014
115713,Ex Machina (2015),Ex Machina,Drama|Sci-Fi|Thriller,2015
115727,Crippled Avengers (Can que) (Return of the 5 Deadly Venoms) (1981),Crippled Avengers (Can que) (Return of the 5 Deadly Venoms),Action|Adventure,1981
115819,Mr Hublot (2013),Mr Hublot,Animation|Comedy,2013
115828,Copenhagen (2014),Copenhagen,Adventure|Drama|Romance,2014
115877,"Simpsons: The Longest Daycare, The (2012)","Simpsons: The Longest Daycare, The",Animation|Comedy,2012
115969,Generation War (2013),Generation War,Drama|War,2013
116044,Christmas in Connecticut (1992),Christmas in Connecticut,Comedy|Romance,1992
116138,Leviathan (2014),Leviathan,Drama,2014
116169,Reign of Assassins (2010),Reign of Assassins,Action,2010
116207,Zulu (2013),Zulu,Crime|Drama|Thriller,2013
116411,Tangerines (2013),Tangerines,Drama,2013
116413,Life Partners (2014),Life Partners,Comedy|Romance,2014
116419,Drive Hard (2014),Drive Hard,Action|Comedy|Crime,2014
116505,New Kids Nitro (2011),New Kids Nitro,Action|Comedy,2011
116529,Stalingrad (2013),Stalingrad,Action|Drama|War|IMAX,2013
116668,Dead Snow 2: Red vs. Dead (2014) ,Dead Snow 2: Red vs. Dead (2014),Action|Comedy|Horror,1999
116718,Volga - Volga (1938),Volga - Volga,Comedy|Musical,1938
116724,You Are the Apple of My Eye (2011),You Are the Apple of My Eye,Comedy|Drama|Romance,2011
116738,DeadHeads (2011),DeadHeads,Adventure|Comedy|Horror,2011
116797,The Imitation Game (2014),The Imitation Game,Drama|Thriller|War,2014
116799,Inherent Vice (2014),Inherent Vice,Comedy|Crime|Drama|Mystery|Romance,2014
116817,Rudderless (2014),Rudderless,Comedy|Drama,2014
116823,The Hunger Games: Mockingjay - Part 1 (2014),The Hunger Games: Mockingjay - Part 1,Adventure|Sci-Fi|Thriller,2014
116849,Sex Ed (2014),Sex Ed,Comedy|Romance,2014
116887,Exodus: Gods and Kings (2014),Exodus: Gods and Kings,Action|Adventure|Drama,2014
116897,Wild Tales (2014),Wild Tales,Comedy|Drama|Thriller,2014
116941,Jetsons: The Movie (1990),Jetsons: The Movie,Animation|Children|Comedy|Musical|Sci-Fi,1990
116963,Ski School (1991),Ski School,Comedy,1991
116977,Dumb and Dumber To (2014),Dumb and Dumber To,Comedy,2014
116985,The Longest Week (2014),The Longest Week,Comedy|Drama,2014
117107,Miss Meadows (2014),Miss Meadows,Drama,2014
117109,Too Many Cooks (2014),Too Many Cooks,Comedy,2014
117133,Painted Skin (2008),Painted Skin,Action|Drama|Thriller,2008
117176,The Theory of Everything (2014),The Theory of Everything,Drama|Romance,2014
117192,Doctor Who: The Time of the Doctor (2013),Doctor Who: The Time of the Doctor,Adventure|Drama,2013
117364,Virunga (2014),Virunga,Documentary|War,2014
117368,The Madagascar Penguins in a Christmas Caper (2005),The Madagascar Penguins in a Christmas Caper,Animation|Comedy,2005
117444,Song of the Sea (2014),Song of the Sea,Animation|Children|Fantasy,2014
117466,In the Heart of the Sea (2015),In the Heart of the Sea,Action|Adventure|Drama,2015
117511,Hello Ladies: The Movie (2014),Hello Ladies: The Movie,Comedy,2014
117529,Jurassic World (2015),Jurassic World,Action|Adventure|Drama|Sci-Fi|Thriller,2015
117531,Watermark (2014),Watermark,Documentary,2014
117533,Citizenfour (2014),Citizenfour,Documentary,2014
117545,Asterix: The Land of the Gods (Astérix: Le domaine des dieux) (2014),Asterix: The Land of the Gods (Astérix: Le domaine des dieux),Animation,2014
117572,Hit by Lightning (2014),Hit by Lightning,Comedy|Crime|Romance,2014
117590,Horrible Bosses 2 (2014),Horrible Bosses 2,Comedy|Crime,2014
117630,Double Trouble (1992),Double Trouble,Action|Comedy|Crime|Romance,1992
117646,Dragonheart 2: A New Beginning (2000),Dragonheart 2: A New Beginning,Action|Adventure|Comedy|Drama|Fantasy|Thriller,2000
117849,La Belle Verte (1996),La Belle Verte,Comedy,1996
117851,Penguins of Madagascar (2014),Penguins of Madagascar,Adventure|Animation|Children|Comedy,2014
117867,'71 (2014),'71,Action|Drama|Thriller|War,2014
117877,The Rabbi's Cat (Le chat du rabbin) (2011),The Rabbi's Cat (Le chat du rabbin),Adventure|Animation,2011
117881,Still Alice (2014),Still Alice,Drama,2014
117887,Paddington (2014),Paddington,Children|Comedy,2014
117895,Maze Runner: Scorch Trials (2015),Maze Runner: Scorch Trials,Action|Thriller,2015
117922,Ice Age: A Mammoth Christmas (2011),Ice Age: A Mammoth Christmas,Adventure|Animation|Children,2011
118082,The Voices (2014),The Voices,Comedy|Crime|Thriller,2014
118166,Courier (1987),Courier,Comedy|Drama|Romance,1987
118198,The Green Prince (2014),The Green Prince,Documentary|Drama|Thriller,2014
118248,Dying of the Light (2014),Dying of the Light,Drama|Thriller,2014
118270,Hellbenders (2012),Hellbenders,Comedy|Horror|Thriller,2012
118290,Omega Doom (1996),Omega Doom,Sci-Fi,1996
118326,By the Gun (2014),By the Gun,Crime|Drama|Thriller,2014
118354,Kill the Messenger (2014),Kill the Messenger,Crime|Drama|Mystery|Thriller,2014
118512,Bring It On: In It To Win It (2007),Bring It On: In It To Win It,Comedy,2007
118530,Fans (1999),Fans,Comedy,1999
118572,The Mule (2014),The Mule,Comedy|Crime|Drama,2014
118696,The Hobbit: The Battle of the Five Armies (2014),The Hobbit: The Battle of the Five Armies,Adventure|Fantasy,2014
118700,Selma (2014),Selma,Drama,2014
118702,Unbroken (2014),Unbroken,Drama|War,2014
118706,Black Sea (2015),Black Sea,Adventure|Mystery|Thriller,2015
118784,Good Copy Bad Copy (2007),Good Copy Bad Copy,Documentary,2007
118814,Playing It Cool (2014),Playing It Cool,Comedy|Romance,2014
118834,National Lampoon's Bag Boy (2007),National Lampoon's Bag Boy,Comedy,2007
118862,Closer to the Moon (2013),Closer to the Moon,Comedy|Drama,2013
118880,"Girl Walks Home Alone at Night, A (2014)","Girl Walks Home Alone at Night, A",Horror|Romance|Thriller,2014
118888,Dave Chappelle: For What it's Worth (2004),Dave Chappelle: For What it's Worth,Comedy,2004
118894,Scooby-Doo! Abracadabra-Doo (2010),Scooby-Doo! Abracadabra-Doo,Animation|Children|Mystery,2010
118896,Mommy (2014),Mommy,Drama,2014
118900,Wild (2014),Wild,Drama,2014
118924,Top Five (2014),Top Five,Comedy,2014
118930,Bill Burr: I'm Sorry You Feel That Way (2014),Bill Burr: I'm Sorry You Feel That Way,Comedy,2014
118985,Big Eyes (2014),Big Eyes,Drama,2014
118997,Into the Woods (2014),Into the Woods,Children|Comedy|Fantasy|Musical,2014
119068,"Men, Women & Children (2014)","Men, Women & Children",Comedy|Drama,2014
119141,The Interview (2014),The Interview,Action|Comedy,2014
119145,Kingsman: The Secret Service (2015),Kingsman: The Secret Service,Action|Adventure|Comedy|Crime,2015
119153,Bill Burr: You People Are All the Same (2012),Bill Burr: You People Are All the Same,Comedy,2012
119155,Night at the Museum: Secret of the Tomb (2014),Night at the Museum: Secret of the Tomb,Adventure|Children|Comedy|Fantasy,2014
119167,Paradox (2010),Paradox,Sci-Fi|Thriller,2010
119218,The Punisher: Dirty Laundry (2012),The Punisher: Dirty Laundry,Action|Crime|Drama,2012
119655,Seventh Son (2014),Seventh Son,Adventure|Children|Fantasy,2014
119714,Corner Gas: The Movie (2014),Corner Gas: The Movie,Comedy,2014
119828,A Man Called Blade (1977),A Man Called Blade,Action|Drama|Thriller|Western,1977
119964,A Merry Friggin' Christmas (2014),A Merry Friggin' Christmas,Comedy,2014
120130,Into the Forest of Fireflies' Light (2011),Into the Forest of Fireflies' Light,Animation|Drama|Fantasy,2011
120138,PK (2014),PK,Comedy|Drama|Fantasy|Mystery|Romance,2014
120466,Chappie (2015),Chappie,Action|Thriller,2015
120478,The Salt of the Earth (2014),The Salt of the Earth,Documentary,2014
120625,The Fool (2014),The Fool,Drama,2014
120635,Taken 3 (2015),Taken 3,Action|Crime|Thriller,2015
120637,Blackhat (2015),Blackhat,Action|Crime|Drama|Mystery|Thriller,2015
120761,By the Law (1926),By the Law,Drama,1926
120783,Son of a Gun (2014),Son of a Gun,Action|Crime|Drama,2014
120799,Terminator Genisys (2015),Terminator Genisys,Action|Adventure|Sci-Fi|Thriller,2015
120807,John Mulaney: New In Town (2012),John Mulaney: New In Town,Comedy,2012
120813,Patton Oswalt: My Weakness Is Strong (2009),Patton Oswalt: My Weakness Is Strong,Comedy,2009
120827,The Hound of the Baskervilles (1988),The Hound of the Baskervilles,Crime|Drama|Horror|Mystery,1988
120919,Man on High Heels (2014),Man on High Heels,Action|Comedy,2014
121007,Space Buddies (2009),Space Buddies,Adventure|Children|Fantasy|Sci-Fi,2009
121035,Houdini (2014),Houdini,Drama,2014
121097,To Grandmother's House We Go (1992),To Grandmother's House We Go,Adventure|Children|Comedy,1992
121099,101 Dalmatians II: Patch's London Adventure (2003),101 Dalmatians II: Patch's London Adventure,Animation|Children,2003
121129,The Hungover Games (2014),The Hungover Games,Comedy,2014
121169,The Duke of Burgundy (2014),The Duke of Burgundy,Drama,2014
121171,Red Army (2014),Red Army,Documentary,2014
121231,It Follows (2014),It Follows,Horror,2014
121253,The Town that Dreaded Sundown (2014),The Town that Dreaded Sundown,Horror|Thriller,2014
121338,Carry on Cabby (1963),Carry on Cabby,Adventure|Comedy|Romance,1963
121342,Carry on Cruising (1962),Carry on Cruising,Comedy|Romance,1962
121372,Bill Burr: Let It Go (2010),Bill Burr: Let It Go,Comedy,2010
121374,Bill Burr: Why Do I Do This? (2008),Bill Burr: Why Do I Do This?,Comedy,2008
121469,Killer Movie (2008),Killer Movie,Comedy|Horror|Mystery|Thriller,2008
121715,Sebastian Maniscalco: What's Wrong with People? (2012),Sebastian Maniscalco: What's Wrong with People?,Comedy,2012
121781,Stuart Little 3: Call of the Wild (2005),Stuart Little 3: Call of the Wild,Animation|Children|Comedy|Fantasy,2005
122092,Guy X (2005),Guy X,Comedy|War,2005
122246,Tooth Fairy 2 (2012),Tooth Fairy 2,Children|Comedy,2012
122260,The Diary of Anne Frank (2009),The Diary of Anne Frank,Drama|War,2009
122433,The Deadly Bees (1967),The Deadly Bees,Horror|Mystery|Thriller,1967
122490,Wicked Blood (2014),Wicked Blood,Action|Drama|Thriller,2014
122627,Oblivion 2: Backlash (1996),Oblivion 2: Backlash,Sci-Fi,1996
122882,Mad Max: Fury Road (2015),Mad Max: Fury Road,Action|Adventure|Sci-Fi|Thriller,2015
122884,Insidious: Chapter 3 (2015),Insidious: Chapter 3,Fantasy|Horror|Thriller,2015
122886,Star Wars: Episode VII - The Force Awakens (2015),Star Wars: Episode VII - The Force Awakens,Action|Adventure|Fantasy|Sci-Fi|IMAX,2015
122888,Ben-hur (2016),Ben-hur,(no genres listed),2016
122890,Warcraft (2016),Warcraft,Action|Adventure|Fantasy,2016
122892,Avengers: Age of Ultron (2015),Avengers: Age of Ultron,Action|Adventure|Sci-Fi,2015
122896,Pirates of the Caribbean: Dead Men Tell No Tales (2017),Pirates of the Caribbean: Dead Men Tell No Tales,(no genres listed),2017
122898,Justice League (2017),Justice League,Action|Adventure|Sci-Fi,2017
122900,Ant-Man (2015),Ant-Man,Action|Adventure|Sci-Fi,2015
122902,Fantastic Four (2015),Fantastic Four,Action|Adventure|Fantasy|Sci-Fi,2015
122904,Deadpool (2016),Deadpool,Action|Adventure|Comedy|Sci-Fi,2016
122906,Black Panther (2017),Black Panther,Action|Adventure|Sci-Fi,2017
122912,Avengers: Infinity War - Part I (2018),Avengers: Infinity War - Part I,Action|Adventure|Sci-Fi,2018
122916,Thor: Ragnarok (2017),Thor: Ragnarok,Action|Adventure|Sci-Fi,2017
122918,Guardians of the Galaxy 2 (2017),Guardians of the Galaxy 2,Action|Adventure|Sci-Fi,2017
122920,Captain America: Civil War (2016),Captain America: Civil War,Action|Sci-Fi|Thriller,2016
122922,Doctor Strange (2016),Doctor Strange,Action|Adventure|Sci-Fi,2016
122924,X-Men: Apocalypse (2016),X-Men: Apocalypse,Action|Adventure|Fantasy|Sci-Fi,2016
122926,Untitled Spider-Man Reboot (2017),Untitled Spider-Man Reboot,Action|Adventure|Fantasy,2017
122932,Elsa & Fred (2014),Elsa & Fred,Children|Comedy|Romance,2014
123200,Jim Jefferies: I Swear to God (2009),Jim Jefferies: I Swear to God,Comedy,2009
123310,Tornado! (1996),Tornado!,Action,1996
123545,The Blue Lagoon (1949),The Blue Lagoon,Drama|Romance,1949
123553,In the Name of the King III (2014),In the Name of the King III,Action|Adventure|Drama|Fantasy,2014
123947,Cake (2014),Cake,Drama,2014
124273,Kevin Smith: Too Fat For 40 (2010),Kevin Smith: Too Fat For 40,Comedy,2010
124404,"Snowflake, the White Gorilla (2011)","Snowflake, the White Gorilla",Adventure|Animation|Children|Comedy,2011
124484,Kenny & Company (1976),Kenny & Company,Comedy|Drama,1976
124851,Delirium (2014),Delirium,Adventure|Romance|Sci-Fi,2014
124853,Why Man Creates (1968),Why Man Creates,Animation|Documentary,1968
124859,The Gambler (2014),The Gambler,Crime|Drama|Thriller,2014
125221,The Beast of Hollow Mountain (1956),The Beast of Hollow Mountain,Horror|Sci-Fi|Western,1956
125914,Mortdecai (2015),Mortdecai,Adventure|Comedy|Mystery|Romance,2015
125916,Fifty Shades of Grey (2015),Fifty Shades of Grey,Drama|Romance,2015
125970,Halloweentown (1998),Halloweentown,Adventure|Children|Comedy|Fantasy,1998
125974,Halloweentown High (2004),Halloweentown High,Adventure|Children|Comedy|Fantasy,2004
126088,A Flintstones Christmas Carol (1994),A Flintstones Christmas Carol,Animation|Children|Comedy,1994
126090,Hedgehog in the Fog (1975),Hedgehog in the Fog,Animation,1975
126142,The Cave of the Golden Rose (1991),The Cave of the Golden Rose,Adventure|Children|Fantasy,1991
126420,American Heist (2015),American Heist,Action,2015
126426,Solyaris (1968),Solyaris,Drama|Sci-Fi,1968
126430,The Pacific (2010),The Pacific,Action|Adventure|Drama|War,2010
126482,Strange Magic (2015),Strange Magic,Animation|Children|Fantasy|Musical,2015
126548,The DUFF (2015),The DUFF,Comedy,2015
126577,"Daddy, I'm A Zombie (2012)","Daddy, I'm A Zombie",Animation|Comedy|Fantasy,2012
126921,The Fox and the Hound 2 (2006),The Fox and the Hound 2,Adventure|Animation|Children|Comedy,2006
127052,Operation 'Y' & Other Shurik's Adventures (1965),Operation 'Y' & Other Shurik's Adventures,Comedy|Crime|Romance,1965
127096,Project Almanac (2015),Project Almanac,Sci-Fi|Thriller,2015
127098,Louis C.K.: Live at The Comedy Store (2015),Louis C.K.: Live at The Comedy Store,Comedy,2015
127108,Brooklyn (2015),Brooklyn,Drama|Romance,2015
127114,The End of the Tour (2015),The End of the Tour,Drama,2015
127116,Experimenter (2015),Experimenter,Drama,2015
127130,Mistress America (2015),Mistress America,Comedy,2015
127132,Zipper (2015),Zipper,Drama|Thriller,2015
127134,A Walk in the Woods (2015),A Walk in the Woods,Adventure|Comedy|Drama,2015
127136,True Story (2015),True Story,Drama|Mystery|Thriller,2015
127146,Kurt Cobain: Montage of Heck (2015),Kurt Cobain: Montage of Heck,Documentary,2015
127152,Going Clear: Scientology and the Prison of Belief (2015),Going Clear: Scientology and the Prison of Belief,Documentary,2015
127164,"What Happened, Miss Simone? (2015)","What Happened, Miss Simone?",Documentary,2015
127172,A Story of Children and Film (2013),A Story of Children and Film,Documentary,2013
127180,"Story of Film: An Odyssey, The (2011)","Story of Film: An Odyssey, The",Documentary,2011
127184,Eden (2014),Eden,Drama,2014
127194,The D Train (2015),The D Train,Comedy,2015
127198,Dope (2015),Dope,Comedy|Drama,2015
127202,Me and Earl and the Dying Girl (2015),Me and Earl and the Dying Girl,Drama,2015
127204,The Overnight (2015),The Overnight,Comedy,2015
127212,The Stanford Prison Experiment (2015),The Stanford Prison Experiment,Drama|Thriller,2015
127298,A Pigeon Sat on a Branch Reflecting on Existence (2014),A Pigeon Sat on a Branch Reflecting on Existence,Comedy|Drama,2014
127319,The Loft (2014),The Loft,Thriller,2014
127323,Vice (2015),Vice,Action|Adventure|Sci-Fi|Thriller,2015
127390,Family Guy Presents: Blue Harvest (2007),Family Guy Presents: Blue Harvest,Animation|Comedy,2007
128087,Trinity and Sartana Are Coming (1972),Trinity and Sartana Are Coming,Comedy|Western,1972
128089,Kevin Hart: I'm a Grown Little Man (2009),Kevin Hart: I'm a Grown Little Man,Comedy,2009
128097,Jim Norton: American Degenerate (2013),Jim Norton: American Degenerate,Comedy,2013
128099,Jim Jefferies: BARE (2014),Jim Jefferies: BARE,Comedy,2014
128197,Hard Promises (1991),Hard Promises,Comedy|Romance,1991
128360,The Hateful Eight (2015),The Hateful Eight,Western,2015
128366,Patton Oswalt: Tragedy Plus Comedy Equals Time (2014),Patton Oswalt: Tragedy Plus Comedy Equals Time,Comedy,2014
128488,Wild Card (2015),Wild Card,Action|Crime|Drama|Thriller,2015
128512,Paper Towns (2015),Paper Towns,Drama|Mystery|Romance,2015
128520,The Wedding Ringer (2015),The Wedding Ringer,Comedy,2015
128542,Wyrmwood (2015),Wyrmwood,Action|Horror|Sci-Fi,2015
128592,The Boy Next Door (2015),The Boy Next Door,Mystery|Thriller,2015
128594,Boy Meets Girl (2015),Boy Meets Girl,Comedy|Drama|Romance,2015
128620,Victoria (2015),Victoria,Crime|Drama|Romance,2015
128695,The Dark Valley (2014),The Dark Valley,Western,2014
128736,I'm Here (2010),I'm Here,Drama,2010
128832,The Last Five Years (2014),The Last Five Years,Comedy|Drama|Musical|Romance,2014
128838,Crimson Peak (2015),Crimson Peak,Horror,2015
128842,Dragonheart 3: The Sorcerer's Curse (2015),Dragonheart 3: The Sorcerer's Curse,Action|Adventure|Fantasy,2015
128852,Chris Rock: Bigger & Blacker (1999),Chris Rock: Bigger & Blacker,Comedy,1999
128900,The Natural Love (1996),The Natural Love,Documentary,1996
128902,The Forgotten Space (2010),The Forgotten Space,Documentary,2010
128908,Cloudburst (2011),Cloudburst,Adventure|Comedy|Drama,2011
128914,Tom Segura: Completely Normal (2014),Tom Segura: Completely Normal,Comedy,2014
128944,"Honey, We Shrunk Ourselves (1997)","Honey, We Shrunk Ourselves",Action|Adventure|Children|Comedy|Sci-Fi,1997
128968,Stitch! The Movie (2003),Stitch! The Movie,Animation|Children|Comedy,2003
128975,Hot Tub Time Machine 2 (2015),Hot Tub Time Machine 2,Comedy|Sci-Fi,2015
128991,Johnny Express (2014),Johnny Express,Animation|Comedy|Sci-Fi,2014
129011,Eddie Izzard: Glorious (1997),Eddie Izzard: Glorious,Comedy,1997
129229,Northmen - A Viking Saga (2014),Northmen - A Viking Saga,Action|Adventure,2014
129250,Superfast! (2015),Superfast!,(no genres listed),2015
129313,Reality (2014),Reality,Comedy,2014
129333,Julia (2014),Julia,Horror|Thriller,2014
129354,Focus (2015),Focus,Comedy|Crime|Drama|Romance,2015
129397,Marvel One-Shot: Item 47 (2012),Marvel One-Shot: Item 47,Action|Fantasy|Sci-Fi,2012
129428,The Second Best Exotic Marigold Hotel (2015),The Second Best Exotic Marigold Hotel,Comedy|Drama,2015
129514,George Carlin: It's Bad for Ya! (2008),George Carlin: It's Bad for Ya!,Comedy,2008
129657,Tracers (2015),Tracers,Action,2015
129659,"McFarland, USA (2015)","McFarland, USA",Drama,2015
129737,Unfinished Business (2015),Unfinished Business,Comedy,2015
129779,Ghost in the Shell Arise - Border 1: Ghost Pain (2013),Ghost in the Shell Arise - Border 1: Ghost Pain,Action|Animation|Sci-Fi,2013
129937,Run All Night (2015),Run All Night,Action|Crime|Drama|Thriller,2015
130050,Digging Up the Marrow (2014),Digging Up the Marrow,Drama|Fantasy|Horror|Mystery|Thriller,2014
130052,Clown (2014),Clown,Drama|Horror,2014
130073,Cinderella (2015),Cinderella,Children|Drama|Fantasy|Romance,2015
130083,Kidnapping Mr. Heineken (2015),Kidnapping Mr. Heineken,Action|Crime|Drama|Thriller,2015
130087,The Cobbler (2015),The Cobbler,Comedy|Drama|Fantasy,2015
130444,Ruby Red (2013),Ruby Red,Adventure|Children|Fantasy|Sci-Fi,2013
130450,Pan (2015),Pan,Adventure|Children|Fantasy,2015
130452,While We're Young (2014),While We're Young,Comedy|Drama,2014
130482,Too Late for Tears (1949),Too Late for Tears,Crime|Drama|Film-Noir|Mystery|Thriller,1949
130490,Insurgent (2015),Insurgent,Action|Sci-Fi|Thriller,2015
130498,La vérité si je mens ! (1997),La vérité si je mens !,Comedy,1997
130518,The Amazing Screw-On Head (2006),The Amazing Screw-On Head,Action|Adventure|Animation|Comedy|Sci-Fi,2006
130520,Home (2015),Home,Adventure|Animation|Children|Comedy|Fantasy|Sci-Fi,2015
130576,Midnight Special (2015),Midnight Special,Drama|Sci-Fi,2015
130578,"Gunman, The (2015)","Gunman, The",Action|Thriller,2015
130634,Furious 7 (2015),Furious 7,Action|Crime|Thriller,2015
130686,The Final Girls (2015),The Final Girls,Comedy|Horror,2015
130840,Spring (2015),Spring,Horror|Romance|Sci-Fi,2015
130842,Power/Rangers (2015),Power/Rangers,Action|Adventure|Sci-Fi,2015
130970,George Carlin: Life Is Worth Losing (2005),George Carlin: Life Is Worth Losing,Comedy,2005
130976,Legend No. 17 (2013),Legend No. 17,Drama,2013
130978,Love and Pigeons (1985),Love and Pigeons,Comedy|Romance,1985
131013,Get Hard (2015),Get Hard,Comedy|Crime,2015
131023,That Sugar Film (2014),That Sugar Film,Documentary,2014
131098,Saving Santa (2013),Saving Santa,Animation|Children|Comedy,2013
131104,The Brain (1969),The Brain,Comedy|Crime,1969
131130,Tom and Jerry: A Nutcracker Tale (2007),Tom and Jerry: A Nutcracker Tale,Animation|Comedy,2007
131237,What Men Talk About (2010),What Men Talk About,Comedy,2010
131439,Kill Me Three Times (2014),Kill Me Three Times,Thriller,2014
131480,Poker Night (2014),Poker Night,Action|Crime|Thriller,2014
131578,Reckless Kelly (1994),Reckless Kelly,Comedy,1994
131610,Willy/Milly (1986),Willy/Milly,Comedy|Fantasy,1986
131656,Shaun the Sheep Movie (2015),Shaun the Sheep Movie,Adventure|Animation|Children|Comedy,2015
131714,Last Knights (2015),Last Knights,Action|Adventure,2015
131724,The Jinx: The Life and Deaths of Robert Durst (2015),The Jinx: The Life and Deaths of Robert Durst,Documentary,2015
131739,Batman vs. Robin (2015),Batman vs. Robin,Action|Adventure|Animation,2015
131749,Libre et assoupi (2014),Libre et assoupi,Comedy,2014
131796,Woman in Gold (2015),Woman in Gold,Drama,2015
131826,Iliza Shlesinger: Freezing Hot (2015),Iliza Shlesinger: Freezing Hot,Comedy,2015
131920,The Road Within (2014),The Road Within,Comedy|Drama,2014
131934,The Malibu Bikini Shop (1986),The Malibu Bikini Shop,Comedy,1986
132046,Tomorrowland (2015),Tomorrowland,Action|Adventure|Children|Mystery|Sci-Fi,2015
132084,Let It Be Me (1995),Let It Be Me,(no genres listed),1995
132153,Buzzard (2015),Buzzard,Comedy|Drama|Horror,2015
132157,Paul Blart: Mall Cop 2 (2015),Paul Blart: Mall Cop 2,Action|Comedy|Crime,2015
132333,Seve (2014),Seve,Documentary|Drama,2014
132335,Breathe (2014),Breathe,Drama,2014
132362,Patlabor 2: The Movie (1993),Patlabor 2: The Movie,Action|Animation|Sci-Fi,1993
132422,Da Sweet Blood of Jesus (2014),Da Sweet Blood of Jesus,Comedy|Romance|Thriller,2014
132424,The Longest Ride (2015),The Longest Ride,Drama|Romance,2015
132454,Girltrash: All Night Long (2014),Girltrash: All Night Long,Comedy|Crime|Drama,2014
132462,Sword of Vengeance (2014),Sword of Vengeance,Action|Adventure|Drama,2014
132488,Lovesick (2014),Lovesick,Comedy|Romance,2014
132496,Danny Collins (2015),Danny Collins,Comedy|Drama,2015
132584,The Even Stevens Movie (2003),The Even Stevens Movie,Children|Comedy,2003
132618,Kite (2014),Kite,Action|Crime|Drama|Mystery|Thriller,2014
132660,Man Up (2015),Man Up,Comedy|Romance,2015
132796,San Andreas (2015),San Andreas,Action|Drama|Thriller,2015
132800,Welcome to Me (2014),Welcome to Me,Comedy|Drama,2014
132888,Comedy Central Roast of James Franco (2013),Comedy Central Roast of James Franco,Comedy,2013
133115,We Could Be King (2014),We Could Be King,Documentary,2014
133195,Hitman: Agent 47 (2015),Hitman: Agent 47,Action|Crime|Thriller,2015
133217,B/W (2015),B/W,Comedy|Crime|Sci-Fi,2015
133281,Ricki and the Flash (2015),Ricki and the Flash,Comedy|Drama,2015
133365,Partisan (2015),Partisan,Drama|Thriller,2015
133377,Infini (2015),Infini,Horror|Sci-Fi|Thriller,2015
133419,Pitch Perfect 2 (2015),Pitch Perfect 2,Comedy,2015
133545,Just Before I Go (2014),Just Before I Go,Comedy|Drama,2014
133645,Carol (2015),Carol,Drama|Romance,2015
133712,Office Romance (1977),Office Romance,Comedy|Romance,1977
133716,Bootleggers (1961),Bootleggers,Comedy|Crime,1961
133771,The Lobster (2015),The Lobster,Comedy|Romance|Sci-Fi,2015
133780,Güeros (2014),Güeros,Comedy|Drama,2014
133782,Maggie (2015),Maggie,Drama|Horror|Thriller,2015
133798,Hot Pursuit (2015),Hot Pursuit,Action|Comedy,2015
133802,Slow West (2015),Slow West,Action|Thriller|Western,2015
133832,The Green Inferno (2014),The Green Inferno,Horror|Thriller,2014
133867,Barely Lethal (2015),Barely Lethal,Action|Adventure|Comedy,2015
133879,Carry On Don't Lose Your Head (1966),Carry On Don't Lose Your Head,Comedy,1966
134004,What Love Is (2007),What Love Is,Comedy|Romance,2007
134019,The Monkey King (1964),The Monkey King,Animation,1964
134021,5 to 7 (2014),5 to 7,Comedy|Drama|Romance,2014
134041,Afonya (1975),Afonya,Comedy|Drama|Romance,1975
134095,My Love (2006),My Love,Animation|Drama,2006
134109,Radio Day (2008),Radio Day,Comedy,2008
134130,The Martian (2015),The Martian,Adventure|Drama|Sci-Fi,2015
134158,Return to Sender (2015),Return to Sender,Thriller,2015
134170,Kung Fury (2015),Kung Fury,Action|Comedy|Fantasy|Sci-Fi,2015
134184,Elections Day (2007),Elections Day,Comedy,2007
134214,Youth (2015),Youth,Drama,2015
134246,Survivor (2015),Survivor,Action|Thriller,2015
134248,Hot Girls Wanted (2015),Hot Girls Wanted,Documentary,2015
134252,That Munchhausen (1979),That Munchhausen,Comedy|Drama|Fantasy,1979
134326,The Taming of the Scoundrel (1980),The Taming of the Scoundrel,Comedy,1980
134334,Phir Hera Pheri (2006),Phir Hera Pheri,Comedy,2006
134368,Spy (2015),Spy,Action|Comedy|Crime,2015
134393,Trainwreck (2015),Trainwreck,Comedy|Romance,2015
134515,BMX Bandits (1983),BMX Bandits,Adventure|Crime|Drama,1983
134524,Turtle Power: The Definitive History of the Teenage Mutant Ninja Turtles (2014),Turtle Power: The Definitive History of the Teenage Mutant Ninja Turtles,Documentary,2014
134528,Aloha (2015),Aloha,Comedy|Drama|Romance,2015
134775,Dragon Blade (2015),Dragon Blade,Action|Adventure|Drama,2015
134783,Entourage (2015),Entourage,Comedy,2015
134796,Bitter Lake (2015),Bitter Lake,Documentary,2015
134808,No Way Jose (2015),No Way Jose,Comedy,2015
134847,Ghost Graduation (2012),Ghost Graduation,Comedy,2012
134849,Duck Amuck (1953),Duck Amuck,Animation|Children|Comedy,1953
134853,Inside Out (2015),Inside Out,Adventure|Animation|Children|Comedy|Drama|Fantasy,2015
134859,The Wolfpack (2015),The Wolfpack,Documentary,2015
134861,Trevor Noah: African American (2013),Trevor Noah: African American,(no genres listed),2013
134881,Love & Mercy (2014),Love & Mercy,Drama,2014
135133,The Hunger Games: Mockingjay - Part 2 (2015),The Hunger Games: Mockingjay - Part 2,Adventure|Sci-Fi,2015
135137,Pixels (2015),Pixels,Action|Comedy|Sci-Fi,2015
135143,Fantastic Beasts and Where to Find Them (2016),Fantastic Beasts and Where to Find Them,Fantasy,2016
135198,The Hairdresser (2010),The Hairdresser,Comedy|Drama,2010
135216,The Star Wars Holiday Special (1978),The Star Wars Holiday Special,Adventure|Children|Comedy|Sci-Fi,1978
135288,Mr. Holmes (2015),Mr. Holmes,Drama|Mystery,2015
135436,The Secret Life of Pets (2016),The Secret Life of Pets,Animation|Comedy,2016
135456,Ghost in the Shell: Stand Alone Complex - The Laughing Man (2005),Ghost in the Shell: Stand Alone Complex - The Laughing Man,Action|Animation|Crime|Sci-Fi,2005
135518,Self/less (2015),Self/less,Action|Mystery|Sci-Fi|Thriller,2015
135532,The Last Witch Hunter (2015),The Last Witch Hunter,Action|Adventure|Fantasy,2015
135534,Krampus (2015),Krampus,Comedy|Fantasy|Horror,2015
135536,Suicide Squad (2016),Suicide Squad,Action|Crime|Sci-Fi,2016
135567,Independence Day: Resurgence (2016),Independence Day: Resurgence,Action|Adventure|Sci-Fi,2016
135569,Star Trek Beyond (2016),Star Trek Beyond,Action|Adventure|Sci-Fi,2016
135777,Golmaal (2006),Golmaal,Children|Comedy,2006
135787,Bruce Lee: A Warrior's Journey (2000),Bruce Lee: A Warrior's Journey,Documentary,2000
135803,Five Element Ninjas (1982),Five Element Ninjas,Action,1982
135815,The Magnificent Ruffians (1979),The Magnificent Ruffians,Action|Drama,1979
135861,Ted 2 (2015),Ted 2,Comedy,2015
135885,Absolutely Anything (2015),Absolutely Anything,Comedy|Sci-Fi,2015
135887,Minions (2015),Minions,Adventure|Animation|Children|Comedy,2015
135937,The Silence of the Hams (1994),The Silence of the Hams,Comedy|Thriller,1994
136012,Bloodsport III (1996),Bloodsport III,Action|Thriller,1996
136016,The Good Dinosaur (2015),The Good Dinosaur,Adventure|Animation|Children|Comedy|Fantasy,2015
136018,Black Mass (2015),Black Mass,Crime|Drama,2015
136020,Spectre (2015),Spectre,Action|Adventure|Crime,2015
136024,The Professional: Golgo 13 (1983),The Professional: Golgo 13,Action|Animation|Crime,1983
136297,Mortal Kombat: The Journey Begins (1995),Mortal Kombat: The Journey Begins,Action|Animation,1995
136305,Sharknado 3: Oh Hell No! (2015),Sharknado 3: Oh Hell No!,Horror|Sci-Fi,2015
136341,Scooby-Doo! and the Samurai Sword (2009),Scooby-Doo! and the Samurai Sword,Animation|Children|Comedy,2009
136353,Scooby-Doo! and the Loch Ness Monster (2004),Scooby-Doo! and the Loch Ness Monster,Animation|Children|Comedy,2004
136355,Big Top Scooby-Doo! (2012),Big Top Scooby-Doo!,Animation|Children|Comedy,2012
136359,Scooby-Doo Goes Hollywood (1979),Scooby-Doo Goes Hollywood,Animation|Children|Comedy,1979
136443,Gabriel Iglesias: Hot and Fluffy (2007),Gabriel Iglesias: Hot and Fluffy,Comedy,2007
136445,George Carlin: Back in Town (1996),George Carlin: Back in Town,Comedy,1996
136447,George Carlin: You Are All Diseased (1999),George Carlin: You Are All Diseased,Comedy,1999
136449,Ghost in the Shell 2.0 (2008),Ghost in the Shell 2.0,Action|Animation|Sci-Fi,2008
136469,Larry David: Curb Your Enthusiasm (1999),Larry David: Curb Your Enthusiasm,Comedy,1999
136471,Kevin Hart: Laugh at My Pain (2011),Kevin Hart: Laugh at My Pain,Comedy|Documentary,2011
136503,Tom and Jerry: Shiver Me Whiskers (2006),Tom and Jerry: Shiver Me Whiskers,Animation|Children|Comedy,2006
136511,Jeff Dunham: All Over the Map (2014),Jeff Dunham: All Over the Map,Comedy,2014
136540,The FP (2012),The FP,Comedy,2012
136556,Kung Fu Panda: Secrets of the Masters (2011),Kung Fu Panda: Secrets of the Masters,Animation|Children,2011
136562,Steve Jobs (2015),Steve Jobs,Drama,2015
136564,Macbeth (2015),Macbeth,Drama,2015
136598,Vacation (2015),Vacation,Adventure|Comedy,2015
136602,Creep (2014),Creep,Horror|Thriller,2014
136654,The Face of an Angel (2015),The Face of an Angel,Drama,2015
136664,Wild Horses (2015),Wild Horses,Crime|Drama,2015
136666,Search Party (2014),Search Party,Comedy,2014
136778,The Squeeze (2015),The Squeeze,Comedy|Drama,2015
136786,Careful What You Wish For (2015),Careful What You Wish For,Thriller,2015
136800,Robot Overlords (2014),Robot Overlords,Action|Adventure|Sci-Fi,2014
136816,Bad Asses on the Bayou (2015),Bad Asses on the Bayou,Action|Comedy,2015
136834,The Eye: Infinity (2005),The Eye: Infinity,Horror,2005
136838,Kiss me Kismet (2006),Kiss me Kismet,Comedy|Romance,2006
136840,Da geht noch was! (2013),Da geht noch was!,Comedy|Drama|Romance,2013
136850,Villain (1971),Villain,Crime|Drama|Thriller,1971
136859,The Lovers (2015),The Lovers,Action|Adventure|Romance|Sci-Fi,2015
136864,Batman v Superman: Dawn of Justice (2016),Batman v Superman: Dawn of Justice,Action|Adventure|Fantasy|Sci-Fi,2016
136912,God Loves Caviar (2012),God Loves Caviar,Adventure,2012
136958,Mortuary (1983),Mortuary,Horror,1983
137218,April Morning (1988),April Morning,Drama,1988
137337,Amy (2015),Amy,Documentary,2015
137345,That Demon Within (2014),That Demon Within,Crime|Thriller,2014
137517,Carnival Magic (1981),Carnival Magic,Drama|Fantasy,1981
137595,Magic Mike XXL (2015),Magic Mike XXL,Comedy|Drama,2015
137857,The Jungle Book (2016),The Jungle Book,Adventure|Drama|Fantasy,2016
137859,Dragon Ball Z Gaiden: The Plot to Destroy the Saiyans (1993),Dragon Ball Z Gaiden: The Plot to Destroy the Saiyans,Action|Adventure|Animation,1993
137863,Dragon Ball Z: Resurrection of F (2015),Dragon Ball Z: Resurrection of F,Action|Adventure|Animation|Fantasy,2015
138036,The Man from U.N.C.L.E. (2015),The Man from U.N.C.L.E.,Action|Adventure|Comedy,2015
138186,Sorrow (2015),Sorrow,Crime|Drama|Horror,2015
138204,7 Days in Hell (2015),7 Days in Hell,Comedy,2015
138208,The Walk (2015),The Walk,Adventure|Drama|Thriller,2015
138210,13 Hours (2016),13 Hours,Drama,2016
138396,There Will Come a Day (2013),There Will Come a Day,Comedy|Drama,2013
138546,The Opposite Sex (2014),The Opposite Sex,Comedy,2014
138610,The Gallows (2015),The Gallows,Horror|Thriller,2015
138632,Tokyo Tribe (2014),Tokyo Tribe,Action|Crime|Drama|Sci-Fi,2014
138702,Feast (2014),Feast,Animation|Children|Comedy|Drama|Romance,2014
138798,Joe Dirt 2: Beautiful Loser (2015),Joe Dirt 2: Beautiful Loser,Comedy,2015
138835,Return to Treasure Island (1988),Return to Treasure Island,Adventure|Animation|Comedy,1988
138966,Nasu: Summer in Andalusia (2003),Nasu: Summer in Andalusia,Animation,2003
139052,Dark Places (2015),Dark Places,Drama|Mystery|Thriller,2015
139130,Afro Samurai (2007),Afro Samurai,Action|Adventure|Animation|Drama|Fantasy,2007
139157,Massu Engira Maasilamani (2015),Massu Engira Maasilamani,Comedy|Horror|Thriller,2015
139385,The Revenant (2015),The Revenant,Adventure|Drama,2015
139415,Irrational Man (2015),Irrational Man,Crime|Drama,2015
139511,Exte: Hair Extensions (2007),Exte: Hair Extensions,Horror,2007
139640,Ooops! Noah is Gone... (2015),Ooops! Noah is Gone...,Animation,2015
139642,Southpaw (2015),Southpaw,Action|Drama,2015
139644,Sicario (2015),Sicario,Crime|Drama|Mystery,2015
139655,Goodnight Mommy (Ich seh ich seh) (2014),Goodnight Mommy (Ich seh ich seh),Drama|Fantasy|Horror|Thriller,2014
139717,10 Cent Pistol (2015),10 Cent Pistol,Crime|Thriller,2015
139747,Before We Go (2014),Before We Go,Romance,2014
139855,Anomalisa (2015),Anomalisa,Animation|Comedy|Fantasy,2015
139857,Colonia (2016),Colonia,Thriller,2016
139859,Ghost in the Shell Arise - Border 2: Ghost Whispers (2013),Ghost in the Shell Arise - Border 2: Ghost Whispers,Action|Animation|Sci-Fi|Thriller,2013
139915,How to Make Love Like an Englishman (2014),How to Make Love Like an Englishman,Comedy|Romance,2014
139994,Fracchia contro Dracula (1985),Fracchia contro Dracula,Comedy|Horror,1985
140016,Always Watching: A Marble Hornets Story (2015),Always Watching: A Marble Hornets Story,Horror,2015
140038,Madly in Love (1981),Madly in Love,Comedy,1981
140110,The Intern (2015),The Intern,Comedy,2015
140133,Hollywood Chainsaw Hookers (1988),Hollywood Chainsaw Hookers,Comedy|Horror,1988
140162,Love (2015),Love,Drama|Romance,2015
140174,Room (2015),Room,Drama,2015
140237,The Runner (2015),The Runner,Drama,2015
140247,The Gift (2015),The Gift,Drama|Horror,2015
140265,George Carlin: Jammin' in New York (1992),George Carlin: Jammin' in New York,Comedy,1992
140267,The Witch (2015),The Witch,Horror,2015
140289,Men & Chicken (2015),Men & Chicken,Comedy|Drama,2015
140301,The Escort (2015),The Escort,Comedy|Romance,2015
140359,Doctor Who: The Waters of Mars (2009),Doctor Who: The Waters of Mars,Adventure|Children|Sci-Fi,2009
140481,"Family Guy Presents: Something, Something, Something, Dark Side (2009)","Family Guy Presents: Something, Something, Something, Dark Side",Animation|Comedy|Sci-Fi,2009
140523,"Visit, The (2015)","Visit, The",Comedy|Horror,2015
140525,Secret in Their Eyes (2015),Secret in Their Eyes,Crime|Drama|Mystery,2015
140541,The Electric Hotel (1908),The Electric Hotel,Animation|Comedy|Sci-Fi,1908
140561,Jeff Ross Roasts Criminals: Live at Brazos County Jail (2015),Jeff Ross Roasts Criminals: Live at Brazos County Jail,Comedy|Documentary,2015
140627,Battle For Sevastopol (2015),Battle For Sevastopol,Drama|Romance|War,2015
140711,American Ultra (2015),American Ultra,Action|Comedy|Sci-Fi|Thriller,2015
140715,Straight Outta Compton (2015),Straight Outta Compton,Drama,2015
140725,Cop Car (2015),Cop Car,Crime|Thriller,2015
140737,The Lost Room (2006),The Lost Room,Action|Fantasy|Mystery,2006
140816,Tangerine (2015),Tangerine,Comedy|Drama,2015
140850,Every Secret Thing (2014),Every Secret Thing,Crime|Drama|Mystery|Thriller,2014
140852,964 Pinocchio (1991),964 Pinocchio,Horror|Sci-Fi,1991
140928,Joy (2015),Joy,Comedy|Drama,2015
140956,Ready Player One,Ready Player One,Action|Sci-Fi|Thriller,1999
141004,Victor Frankenstein (2015),Victor Frankenstein,Drama|Horror|Sci-Fi,2015
141131,Guardians (2016),Guardians,(no genres listed),2016
141400,Invincible Shaolin (1978),Invincible Shaolin,Action,1978
141408,Scouts Guide to the Zombie Apocalypse (2015),Scouts Guide to the Zombie Apocalypse,Action|Comedy|Horror,2015
141422,Suffragette (2015),Suffragette,Drama,2015
141513,Fort Tilden (2014),Fort Tilden,Comedy,2014
141544,Turbo Kid (2015),Turbo Kid,Action|Adventure|Sci-Fi,2015
141646,The Unauthorized Saved by the Bell Story (2014),The Unauthorized Saved by the Bell Story,Comedy|Drama,2014
141668,War Room (2015),War Room,Drama,2015
141688,Legend (2015),Legend,Crime|Thriller,2015
141718,Deathgasm (2015),Deathgasm,Comedy|Horror,2015
141749,The Danish Girl (2015),The Danish Girl,Drama,2015
141799,Cooties (2015),Cooties,Comedy|Horror,2015
141810,Autumn Marathon (1979),Autumn Marathon,Comedy|Drama,1979
141816,12 Chairs (1976),12 Chairs,Adventure|Comedy,1976
141818,Ordinary Miracle (1978),Ordinary Miracle,Comedy|Drama|Fantasy|Romance,1978
141820,Old Men: Robbers (1971),Old Men: Robbers,Comedy,1971
141830,Unbelievable Adventures of Italians in Russia (1974),Unbelievable Adventures of Italians in Russia,Adventure|Comedy,1974
141836,It Can't Be! (1975),It Can't Be!,Comedy,1975
141844,12 Chairs (1971),12 Chairs,Adventure|Comedy,1971
141846,Steve Jobs: The Man in the Machine (2015),Steve Jobs: The Man in the Machine,Documentary,2015
141866,Green Room (2015),Green Room,(no genres listed),2015
141890,Beasts of No Nation (2015),Beasts of No Nation,Drama|War,2015
141928,Bloodsucking Bastards (2015),Bloodsucking Bastards,Comedy|Horror,2015
141994,Saving Christmas (2014),Saving Christmas,Children|Comedy,2014
142020,Oscar (1967),Oscar,Comedy,1967
142056,Iron Man & Hulk: Heroes United (2013),Iron Man & Hulk: Heroes United,Action|Adventure|Animation,2013
142074,Knock Knock (2015),Knock Knock,Crime|Horror|Thriller,2015
142115,The Blue Planet (2001),The Blue Planet,Documentary,2001
142196,Cornered! (2009),Cornered!,Comedy|Horror,2009
142222,Demolition (2016),Demolition,Drama,2016
142366,Cigarette Burns (2005),Cigarette Burns,Horror|Thriller,2005
142372,Our Brand Is Crisis (2015),Our Brand Is Crisis,Comedy|Drama,2015
142420,High Rise (2015),High Rise,Action|Drama|Sci-Fi,2015
142422,The Night Before (2015),The Night Before,Comedy,2015
142424,Into the Forest (2015),Into the Forest,Drama|Sci-Fi,2015
142444,The Editor (2015),The Editor,Comedy|Horror|Mystery,2015
142448,Everest (2015),Everest,Adventure|Drama|Thriller,2015
142456,The Brand New Testament (2015),The Brand New Testament,(no genres listed),2015
142488,Spotlight (2015),Spotlight,Thriller,2015
142507,Pawn Sacrifice (2015),Pawn Sacrifice,Drama,2015
142509,Hardcore Henry (2015),Hardcore Henry,Action|Adventure|Sci-Fi,2015
142536,Burnt (2015),Burnt,Drama,2015
142550,Ryuzo and the Seven Henchmen (2015),Ryuzo and the Seven Henchmen,Action|Comedy,2015
142558,If I Were a Rich Man (2002),If I Were a Rich Man,Comedy,2002
142598,Last Shift (2014),Last Shift,Horror,2014
142602,"F*ck You, Goethe 2 (2015)","F*ck You, Goethe 2",Comedy,2015
142831,Garam Masala (2005),Garam Masala,Comedy,2005
142961,Life Eternal (2015),Life Eternal,Comedy|Crime|Thriller,2015
142997,Hotel Transylvania 2 (2015),Hotel Transylvania 2,Animation|Comedy,2015
143001,Anti-Social (2015),Anti-Social,Crime,2015
143031,Jump In! (2007),Jump In!,Comedy|Drama|Romance,2007
143245,The Little Prince (2015),The Little Prince,Animation|Fantasy,2015
143255,Narcopolis (2014),Narcopolis,Mystery|Sci-Fi|Thriller,2014
143257,Ashby (2015),Ashby,Comedy|Drama,2015
143355,Wonder Woman (2017),Wonder Woman,Action|Adventure|Fantasy,2017
143365,The Circle (2016),The Circle,Drama|Sci-Fi|Thriller,2016
143367,Silence (2016),Silence,Drama|Thriller,2016
143385,Bridge of Spies (2015),Bridge of Spies,Drama|Thriller,2015
143410,Hyena Road,Hyena Road,(no genres listed),1999
143458,The Great Hypnotist (2014),The Great Hypnotist,Drama|Mystery|Thriller,2014
143472,Into the Grizzly Maze (2015),Into the Grizzly Maze,Action|Horror|Thriller,2015
143511,Human (2015),Human,Documentary,2015
143525,Chasuke's Journey (2015),Chasuke's Journey,Comedy|Drama,2015
143559,L.A. Slasher (2015),L.A. Slasher,Comedy|Crime|Fantasy,2015
143859,"Hail, Caesar! (2016)","Hail, Caesar!",Comedy,2016
143896,How To Change The World (2015),How To Change The World,Documentary,2015
143969,Er ist wieder da (2015),Er ist wieder da,Comedy,2015
144210,Just Eat It: A Food Waste Story (2014),Just Eat It: A Food Waste Story,Documentary,2014
144222,Bros Before Hos (2013),Bros Before Hos,Comedy,2013
144262,Slow Learners (2015),Slow Learners,Comedy|Romance,2015
144352,Unforgiven (2013),Unforgiven,Action|Crime|Drama,2013
144478,"Sex, Drugs & Taxation (2013)","Sex, Drugs & Taxation",Comedy|Drama,2013
144522,Sky High (2003),Sky High,Action|Horror|Thriller,2003
144606,Confessions of a Dangerous Mind (2002),Confessions of a Dangerous Mind,Comedy|Crime|Drama|Romance|Thriller,2002
144620,Goosebumps (2015),Goosebumps,Adventure|Comedy|Horror,2015
144714,The Perfect Guy (2015),The Perfect Guy,Drama|Thriller,2015
144716,Rock the Kasbah (2015),Rock the Kasbah,Comedy,2015
144734,Freaks of Nature (2015),Freaks of Nature,Comedy|Horror|Sci-Fi,2015
144976,Bone Tomahawk (2015),Bone Tomahawk,Horror|Western,2015
145080,Extraordinary Tales (2015),Extraordinary Tales,Animation|Horror|Mystery,2015
145150,The Dressmaker (2015),The Dressmaker,Comedy|Drama|Thriller,2015
145283,Nowitzki: The Perfect Shot (2014),Nowitzki: The Perfect Shot,Documentary,2014
145418,Trumbo (2015),Trumbo,Drama,2015
145491,Our Lips Are Sealed (2000),Our Lips Are Sealed,Children|Comedy|Drama,2000
145724,Idaho Transfer (1973),Idaho Transfer,Sci-Fi,1973
145745,Witch Hunt (1999),Witch Hunt,Crime|Drama,1999
145839,Concussion (2015),Concussion,Drama,2015
145935,"Peanuts Movie, The (2015)","Peanuts Movie, The",Adventure|Animation|Children|Comedy,2015
145951,Bloodsport: The Dark Kumite (1999),Bloodsport: The Dark Kumite,Action|Thriller,1999
145994,Formula of Love (1984),Formula of Love,Comedy,1984
146024,A Man from Boulevard des Capucines (1987),A Man from Boulevard des Capucines,Comedy|Romance|Western,1987
146028,The Adventures of Sherlock Holmes and Dr. Watson: The Hound of the Baskervilles (1981),The Adventures of Sherlock Holmes and Dr. Watson: The Hound of the Baskervilles,Crime|Mystery,1981
146210,Blue Mountain State: The Rise of Thadland (2015),Blue Mountain State: The Rise of Thadland,Comedy,2015
146244,Dil To Pagal Hai (1997),Dil To Pagal Hai,Comedy|Drama|Romance,1997
146309,The Boy and the Beast (2015),The Boy and the Beast,Action|Adventure|Animation,2015
146656,Creed (2015),Creed,Drama,2015
146662,Dragons: Gift of the Night Fury (2011),Dragons: Gift of the Night Fury,Adventure|Animation|Comedy,2011
146682,Twinsters (2015),Twinsters,Documentary,2015
146684,Cosmic Scrat-tastrophe (2015),Cosmic Scrat-tastrophe,Animation|Children|Comedy,2015
146688,Solace (2015),Solace,Fantasy|Mystery|Thriller,2015
146730,Lost in the Sun (2015),Lost in the Sun,Action|Drama|Thriller,2015
146986,Le Maître d'école (1981),Le Maître d'école,Comedy,1981
147002,Eros (2004),Eros,Drama|Romance,2004
147142,Those Happy Days (2006),Those Happy Days,Children|Comedy,2006
147196,The Girls (1961),The Girls,Comedy|Romance,1961
147250,The Adventures of Sherlock Holmes and Doctor Watson,The Adventures of Sherlock Holmes and Doctor Watson,(no genres listed),1999
147282,What Men Still Talk About (2011),What Men Still Talk About,Comedy,2011
147286,The Adventures of Sherlock Holmes and Doctor Watson: The Treasures of Agra (1983),The Adventures of Sherlock Holmes and Doctor Watson: The Treasures of Agra,Crime|Mystery,1983
147300,Adventures Of Sherlock Holmes And Dr. Watson: The Twentieth Century Approaches (1986),Adventures Of Sherlock Holmes And Dr. Watson: The Twentieth Century Approaches,Crime|Mystery,1986
147326,The Adventures of Sherlock Holmes and Doctor Watson: King of Blackmailers (1980),The Adventures of Sherlock Holmes and Doctor Watson: King of Blackmailers,Crime|Mystery,1980
147328,The Adventures of Sherlock Holmes and Dr. Watson: Bloody Signature (1979),The Adventures of Sherlock Holmes and Dr. Watson: Bloody Signature,Crime,1979
147330,Sherlock Holmes and Dr. Watson: Acquaintance (1979),Sherlock Holmes and Dr. Watson: Acquaintance,Crime,1979
147372,Doctor Who: Last Christmas (2014),Doctor Who: Last Christmas,Adventure|Drama|Fantasy|Sci-Fi,2014
147374,"Doctor Who: The Doctor, the Widow and the Wardrobe (2011)","Doctor Who: The Doctor, the Widow and the Wardrobe",Adventure|Drama,2011
147376,Doctor Who: A Christmas Carol (2010),Doctor Who: A Christmas Carol,Sci-Fi,2010
147378,Doctor Who: Planet of the Dead (2009),Doctor Who: Planet of the Dead,Adventure|Children|Drama|Sci-Fi,2009
147380,Doctor Who: The Next Doctor (2008),Doctor Who: The Next Doctor,Adventure|Children|Drama|Sci-Fi,2008
147382,Doctor Who: Voyage Of The Damned (2007),Doctor Who: Voyage Of The Damned,Action|Sci-Fi,2007
147384,Doctor Who: The Runaway Bride (2007),Doctor Who: The Runaway Bride,Sci-Fi,2007
147410,A Perfect Day (2015),A Perfect Day,Comedy|Drama,2015
147657,Masked Avengers (1981),Masked Avengers,Action,1981
147662,Return of the One-Armed Swordsman (1969),Return of the One-Armed Swordsman,Action|Adventure,1969
147936,The Lord's Lantern in Budapest (1999),The Lord's Lantern in Budapest,Comedy|Drama,1999
148166,Hitchcock/Truffaut (2015),Hitchcock/Truffaut,Documentary,2015
148172,The 5th Wave (2016),The 5th Wave,Adventure|Sci-Fi|Thriller,2016
148238,A Very Murray Christmas (2015),A Very Murray Christmas,Comedy,2015
148424,Chi-Raq (2015),Chi-Raq,Comedy|Drama,2015
148482,Truth (2015),Truth,Drama,2015
148592,Just Jim (2015),Just Jim,Comedy,2015
148626,"Big Short, The (2015)","Big Short, The",Drama,2015
148632,Applesauce (2015),Applesauce,Comedy,2015
148652,The Ridiculous 6 (2015),The Ridiculous 6,Comedy|Western,2015
148667,John Mulaney: The Comeback Kid (2015),John Mulaney: The Comeback Kid,Comedy,2015
148671,Saw (2003),Saw,Crime|Horror,2003
148675,North Pole: Open For Christmas (2015),North Pole: Open For Christmas,Children|Fantasy,2015
148709,Mojave (2015),Mojave,Thriller,2015
148775,Wizards of Waverly Place: The Movie (2009),Wizards of Waverly Place: The Movie,Adventure|Children|Comedy|Drama|Fantasy|Sci-Fi,2009
148881,World of Tomorrow (2015),World of Tomorrow,Animation|Comedy,2015
148888,Zoolander 2 (2016),Zoolander 2,Comedy,2016
148956,How to Be Single (2016),How to Be Single,Comedy|Romance,2016
148978,Blue Exorcist: The Movie (2012),Blue Exorcist: The Movie,Animation|Fantasy|Horror|Mystery,2012
148982,Devil Dog: The Hound of Hell (1978),Devil Dog: The Hound of Hell,Horror,1978
149011,He Never Died (2015),He Never Died,Comedy|Drama|Horror,2015
149144,Parasyte: Part 1 (2014),Parasyte: Part 1,Horror|Sci-Fi,2014
149146,Parasyte: Part 2 (2015),Parasyte: Part 2,Horror|Sci-Fi,2015
149330,A Cosmic Christmas (1977),A Cosmic Christmas,(no genres listed),1977
149334,Nocturnal Animals,Nocturnal Animals,Drama|Thriller,1999
149350,Lumberjack Man (2015),Lumberjack Man,Comedy|Horror,2015
149352,Daddy's Home (2015),Daddy's Home,Comedy,2015
149354,Sisters (2015),Sisters,Children|Comedy,2015
149380,'Tis the Season for Love (2015),'Tis the Season for Love,Romance,2015
149406,Kung Fu Panda 3 (2016),Kung Fu Panda 3,Action|Adventure|Animation,2016
149508,Spellbound (2011),Spellbound,Comedy|Romance,2011
149566,Unicorn City (2012),Unicorn City,Comedy|Romance,2012
149590,Standoff (2016),Standoff,Thriller,2016
149612,Swelter (2014),Swelter,Action|Drama|Thriller,2014
149830,Pride and Prejudice and Zombies (2016),Pride and Prejudice and Zombies,Comedy|Horror|Romance|Thriller,2016
149902,Garm Wars: The Last Druid (2014),Garm Wars: The Last Druid,Action|Sci-Fi|Thriller,2014
150254,The Devil's Candy (2015),The Devil's Candy,Horror,2015
150401,Close Range (2015),Close Range,Action|Crime,2015
150548,Sherlock: The Abominable Bride (2016),Sherlock: The Abominable Bride,Action|Crime|Drama|Mystery|Thriller,2016
150554,The Love Bug (1997),The Love Bug,Adventure|Children|Comedy|Fantasy,1997
150596,Doctor Who: The Husbands of River Song (2015),Doctor Who: The Husbands of River Song,Comedy|Drama|Sci-Fi,2015
150604,Moonwalkers (2015),Moonwalkers,Comedy,2015
150696,Tomorrow (2015),Tomorrow,Documentary,2015
150993,Anacleto: Agente secreto (2015),Anacleto: Agente secreto,Action|Comedy,2015
151311,Wiener-Dog (2016),Wiener-Dog,Comedy,2016
151315,Ride Along 2 (2016),Ride Along 2,Action|Comedy,2016
151317,Maggie's Plan (2015),Maggie's Plan,Comedy,2015
151455,Eddie the Eagle (2016),Eddie the Eagle,Comedy,2016
151479,The Flash 2 - Revenge of the Trickster (1991),The Flash 2 - Revenge of the Trickster,Action|Fantasy|Sci-Fi,1991
151501,Exposed (2016),Exposed,Drama,2016
151557,Stonewall (2015),Stonewall,Drama,2015
151559,Frankenstein (2015),Frankenstein,Horror|Thriller,2015
151653,Welcome to Happiness (2015),Welcome to Happiness,Comedy|Drama|Fantasy,2015
151687,Risen (2016),Risen,Children|Drama,2016
151695,The Survivalist (2015),The Survivalist,Drama|Sci-Fi|Thriller,2015
151739,Dirty Grandpa (2016),Dirty Grandpa,Comedy,2016
151745,Reptilicus (1961),Reptilicus,Horror|Sci-Fi,1961
151759,Requiem for the American Dream (2015),Requiem for the American Dream,Documentary,2015
151763,Death Note Rewrite: Genshisuru Kami (2007),Death Note Rewrite: Genshisuru Kami,Mystery,2007
151769,Three from Prostokvashino (1978),Three from Prostokvashino,Animation,1978
151777,The Finest Hours (2016),The Finest Hours,Drama|Thriller,2016
151781,Ghost in the Shell: Solid State Society (2006),Ghost in the Shell: Solid State Society,Action|Animation|Crime|Sci-Fi|Thriller,2006
152037,Grease Live (2016),Grease Live,(no genres listed),2016
152063,Gods of Egypt (2016),Gods of Egypt,Adventure|Fantasy,2016
152065,Embrace of the Serpent (2016),Embrace of the Serpent,Adventure|Drama,2016
152071,Race (2016),Race,Drama,2016
152077,10 Cloverfield Lane (2016),10 Cloverfield Lane,Thriller,2016
152079,London Has Fallen (2016),London Has Fallen,Action|Crime|Thriller,2016
152081,Zootopia (2016),Zootopia,Action|Adventure|Animation|Children|Comedy,2016
152083,Whiskey Tango Foxtrot (2016),Whiskey Tango Foxtrot,Comedy|War,2016
152085,Desierto (2016),Desierto,Drama,2016
152091,The Brothers Grimsby (2016),The Brothers Grimsby,Comedy,2016
152105,Dad's Army (1971),Dad's Army,Comedy,1971
152173,Michael Jackson's Thriller (1983),Michael Jackson's Thriller,Horror,1983
152270,The Wait (2015),The Wait,Drama,2015
152284,War and Peace (2016),War and Peace,Drama|Romance,2016
152372,Southbound (2016),Southbound,Horror,2016
152591,Ip Man 3 (2015),Ip Man 3,Action,2015
152658,Santa's Little Helper (2015),Santa's Little Helper,Children,2015
152711,Who Killed Chea Vichea? (2010),Who Killed Chea Vichea?,Documentary,2010
152970,Hunt for the Wilderpeople (2016),Hunt for the Wilderpeople,Adventure|Comedy,2016
153070,Rabbits (2002),Rabbits,Comedy|Drama|Fantasy,2002
153236,Genius Party (2007),Genius Party,Animation,2007
153386,Long Live Ghosts! (1977),Long Live Ghosts!,Children|Comedy|Fantasy,1977
153408,Tears for Sale (2008),Tears for Sale,Comedy|Drama|Fantasy,2008
154065,Dad's Army (2016),Dad's Army,Comedy,2016
154358,The Barkley Marathons: The Race That Eats Its Young (2015),The Barkley Marathons: The Race That Eats Its Young,Documentary,2015
154975,Merci Patron ! (2016),Merci Patron !,Comedy|Documentary,2016
155064,The Neon Demon (2016),The Neon Demon,Drama|Horror|Mystery,2016
155168,Fraktus (2012),Fraktus,Comedy,2012
155288,Eye in the Sky (2016),Eye in the Sky,Drama|Thriller|War,2016
155358,Camino (2016),Camino,Action|Adventure|Thriller,2016
155509,Mr. Right (2016),Mr. Right,Action|Comedy|Romance,2016
155589,Noin 7 veljestä (1968),Noin 7 veljestä,(no genres listed),1968
155659,Florence Foster Jenkins (2016),Florence Foster Jenkins,Comedy|Drama,2016
155743,My Big Fat Greek Wedding 2 (2016),My Big Fat Greek Wedding 2,Comedy,2016
155774,Neon Bull (2015),Neon Bull,Adventure,2015
155812,Get a Job (2016),Get a Job,Comedy,2016
155820,Keanu (2016),Keanu,Comedy,2016
155892,Me Him Her (2015),Me Him Her,Comedy,2015
156025,Ice Age: The Great Egg-Scapade (2016),Ice Age: The Great Egg-Scapade,Adventure|Animation|Children|Comedy,2016
156371,Everybody Wants Some (2016),Everybody Wants Some,Comedy,2016
156387,Sing Street (2016),Sing Street,Drama,2016
156553,Zoom (2015),Zoom,Animation|Comedy|Drama,2015
156605,Paterson,Paterson,(no genres listed),1999
156607,The Huntsman Winter's War (2016),The Huntsman Winter's War,Action|Adventure|Drama|Fantasy,2016
156609,Neighbors 2: Sorority Rising (2016),Neighbors 2: Sorority Rising,Comedy,2016
156675,Project X (1968),Project X,Mystery|Sci-Fi,1968
156706,The Trust (2016),The Trust,Crime|Thriller,2016
156726,Hush (2016),Hush,Thriller,2016
156781,Jimmy Carr: Telling Jokes (2009),Jimmy Carr: Telling Jokes,Comedy,2009
156783,Jimmy Carr: Making People Laugh (2010),Jimmy Carr: Making People Laugh,Comedy,2010
157108,Texas - Doc Snyder hält die Welt in Atem (1993),Texas - Doc Snyder hält die Welt in Atem,Comedy|Western,1993
157110,00 Schneider - Jagd auf Nihil Baxter (1994),00 Schneider - Jagd auf Nihil Baxter,Comedy|Crime,1994
157122,The Man Who Knew Infinity (2016),The Man Who Knew Infinity,Drama,2016
157130,Despite the Falling Snow (2016),Despite the Falling Snow,Drama|Romance|Thriller,2016
157172,Wizards of the Lost Kingdom II (1989),Wizards of the Lost Kingdom II,Action|Fantasy,1989
157200,Money Monster (2016),Money Monster,Drama|Thriller,2016
157270,Barbershop: The Next Cut (2016),Barbershop: The Next Cut,Comedy,2016
157296,Finding Dory (2016),Finding Dory,Adventure|Animation|Comedy,2016
157312,The Boss (2016),The Boss,Comedy,2016
157340,The Angry Birds Movie (2016),The Angry Birds Movie,Animation|Comedy,2016
157369,Bakuman (2015),Bakuman,Comedy|Drama,2015
157407,I Am Wrath (2016),I Am Wrath,Action|Crime|Drama|Thriller,2016
157432,Precious Cargo (2016),Precious Cargo,Action|Crime,2016
157699,Snowden (2016),Snowden,Drama|Thriller,2016
157775,Tenchi Muyô! In Love (1996),Tenchi Muyô! In Love,Animation|Comedy,1996
157865,Ratchet & Clank (2016),Ratchet & Clank,Action|Adventure|Animation|Children|Comedy|Sci-Fi,2016
158022,Kicking Off (2016),Kicking Off,Comedy,2016
158027,SORI: Voice from the Heart (2016),SORI: Voice from the Heart,Drama|Sci-Fi,2016
158035,Gintama: The Final Chapter - Be Forever Yorozuya (2013),Gintama: The Final Chapter - Be Forever Yorozuya,Action|Animation|Comedy,2013
158238,The Nice Guys (2016),The Nice Guys,Crime|Mystery|Thriller,2016
158254,Kindergarten Cop 2 (2016),Kindergarten Cop 2,Action|Comedy,2016
158388,Buck Rogers in the 25th Century (1979),Buck Rogers in the 25th Century,Sci-Fi,1979
158398,World of Glory (1991),World of Glory,Comedy,1991
158402,The Crew (2016),The Crew,Action,2016
158528,The Shallows (2016),The Shallows,Drama|Thriller,2016
158721,Gen-X Cops (1999),Gen-X Cops,Action|Comedy|Thriller,1999
158783,The Handmaiden (2016),The Handmaiden,Drama|Romance|Thriller,2016
158813,Alice Through the Looking Glass (2016),Alice Through the Looking Glass,Adventure|Children|Fantasy,2016
158830,The BFG (2016),The BFG,Children|Fantasy,2016
158842,My Scientology Movie (2016),My Scientology Movie,Documentary,2016
158872,Sausage Party (2016),Sausage Party,Animation|Comedy,2016
158874,Karate Bullfighter (1975),Karate Bullfighter,Action|Drama,1975
158882,All Yours (2016),All Yours,Comedy|Drama|Romance,2016
158956,Kill Command (2016),Kill Command,Action|Horror|Sci-Fi,2016
158966,Captain Fantastic (2016),Captain Fantastic,Drama,2016
158972,Toni Erdmann (2016),Toni Erdmann,Drama,2016
159061,The Wailing (2016),The Wailing,Mystery|Thriller,2016
159069,Comedy of the Strict Regime (1993),Comedy of the Strict Regime,Comedy,1993
159077,The Meddler (2016),The Meddler,Comedy|Drama,2016
159093,Now You See Me 2 (2016),Now You See Me 2,Action|Comedy|Thriller,2016
159161,Ali Wong: Baby Cobra (2016),Ali Wong: Baby Cobra,(no genres listed),2016
159193,Café Society (2016),Café Society,Comedy|Drama|Romance,2016
159403,Neo Tokyo (1987),Neo Tokyo,Adventure|Animation|Fantasy|Horror|Sci-Fi,1987
159415,Swiss Army Man (2016),Swiss Army Man,Comedy|Drama|Romance,2016
159441,The Do-Over (2016),The Do-Over,Comedy,2016
159510,Death Smiles on a Murderer (1973),Death Smiles on a Murderer,Horror,1973
159690,Teenage Mutant Ninja Turtles: Out of the Shadows (2016),Teenage Mutant Ninja Turtles: Out of the Shadows,Action|Adventure|Comedy,2016
159717,The Fundamentals of Caring (2016),The Fundamentals of Caring,Drama,2016
159755,Popstar: Never Stop Never Stopping (2016),Popstar: Never Stop Never Stopping,Comedy,2016
159779,A Midsummer Night's Dream (2016),A Midsummer Night's Dream,(no genres listed),2016
159811,The Bremen Town Musicians (1969),The Bremen Town Musicians,Animation|Drama|Fantasy,1969
159817,Planet Earth (2006),Planet Earth,Documentary,2006
159849,Bo Burnham: Make Happy (2016),Bo Burnham: Make Happy,Comedy,2016
159858,The Conjuring 2 (2016),The Conjuring 2,Horror,2016
159976,Pelé: Birth of a Legend (2016),Pelé: Birth of a Legend,Drama,2016
160080,Ghostbusters (2016),Ghostbusters,Action|Comedy|Horror|Sci-Fi,2016
160271,Central Intelligence (2016),Central Intelligence,Action|Comedy,2016
160289,O.J.: Made in America (2016),O.J.: Made in America,Documentary,2016
160341,Bloodmoon (1997),Bloodmoon,Action|Thriller,1997
160400,Genius (2016),Genius,Drama,2016
160422,The Wooden Horse (1950),The Wooden Horse,Drama|War,1950
160438,Jason Bourne (2016),Jason Bourne,Action,2016
160440,The Maid's Room (2014),The Maid's Room,Thriller,2014
160527,Sympathy for the Underdog (1971),Sympathy for the Underdog,Action|Crime|Drama,1971
160563,The Legend of Tarzan (2016),The Legend of Tarzan,Action|Adventure,2016
160565,The Purge: Election Year (2016),The Purge: Election Year,Action|Horror|Sci-Fi,2016
160567,Mike & Dave Need Wedding Dates (2016),Mike & Dave Need Wedding Dates,Comedy,2016
160569,Ice Age: Collision Course (2016),Ice Age: Collision Course,Adventure|Animation|Children|Comedy,2016
160571,Lights Out (2016),Lights Out,Horror,2016
160573,Pete's Dragon (2016),Pete's Dragon,Adventure|Children|Fantasy,2016
160644,Indignation (2016),Indignation,Drama,2016
160646,Goat (2016),Goat,Drama,2016
160684,Marauders (2016),Marauders,Action,2016
160718,Piper (2016),Piper,Animation,2016
160730,The Adderall Diaries (2015),The Adderall Diaries,Action|Drama|Thriller,2015
160836,Hazard (2005),Hazard,Action|Drama|Thriller,2005
160848,The Red Turtle (2016),The Red Turtle,Animation,2016
160872,Satanic (2016),Satanic,Horror,2016
160954,Nerve (2016),Nerve,Drama|Thriller,2016
160978,Hellevator (2004),Hellevator,Horror|Sci-Fi,2004
160980,Sully (2016),Sully,Drama,2016
161008,The Forbidden Dance (1990),The Forbidden Dance,(no genres listed),1990
161024,Jim Jefferies: Freedumb (2016),Jim Jefferies: Freedumb,Comedy,2016
161032,The Grandmother (1970),The Grandmother,Action|Drama,1970
161044,Webmaster (1998),Webmaster,Sci-Fi,1998
161127,The Infiltrator (2016),The Infiltrator,Crime|Drama,2016
161131,War Dogs (2016),War Dogs,Comedy,2016
161290,Vigilante Diaries (2016),Vigilante Diaries,Action,2016
161354,Batman: The Killing Joke (2016),Batman: The Killing Joke,Action|Animation|Crime|Drama,2016
161580,Bad Moms (2016),Bad Moms,Comedy,2016
161582,Hell or High Water (2016),Hell or High Water,Crime|Drama,2016
161594,Kingsglaive: Final Fantasy XV (2016),Kingsglaive: Final Fantasy XV,Action|Adventure|Animation|Drama|Fantasy|Sci-Fi,2016
161634,Don't Breathe (2016),Don't Breathe,Thriller,2016
161830,Body (2015),Body,Drama|Horror|Thriller,2015
161918,Sharknado 4: The 4th Awakens (2016),Sharknado 4: The 4th Awakens,Action|Adventure|Horror|Sci-Fi,2016
161922,The Edge of Seventeen (2016),The Edge of Seventeen,Comedy,2016
161966,Elle (2016),Elle,Thriller,2016
162082,Train to Busan (2016),Train to Busan,Action|Thriller,2016
162344,Tom Segura: Mostly Stories (2016),Tom Segura: Mostly Stories,Comedy,2016
162350,The Magnificent Seven (2016),The Magnificent Seven,Action|Western,2016
162414,Moonlight,Moonlight,Drama,1999
162478,Masterminds (2016),Masterminds,Action|Comedy|Crime,2016
162578,Kubo and the Two Strings (2016),Kubo and the Two Strings,Adventure|Animation|Children|Fantasy,2016
162590,Bridget Jones's Baby (2016),Bridget Jones's Baby,Comedy|Romance,2016
162598,Deepwater Horizon (2016),Deepwater Horizon,Drama,2016
162600,Miss Peregrine's Home for Peculiar Children (2016),Miss Peregrine's Home for Peculiar Children,Fantasy,2016
162602,The Girl on the Train (2016),The Girl on the Train,Thriller,2016
162606,The Accountant (2016),The Accountant,Crime|Drama|Thriller,2016
162828,Imperium (2016),Imperium,Crime|Drama|Thriller,2016
162968,Kizumonogatari Part 1: Tekketsu (2016),Kizumonogatari Part 1: Tekketsu,Action|Animation|Mystery,2016
162982,Steins;Gate the Movie: The Burden of Déjà vu (2013),Steins;Gate the Movie: The Burden of Déjà vu,Animation|Drama|Sci-Fi,2013
163056,Shin Godzilla (2016),Shin Godzilla,Action|Adventure|Fantasy|Sci-Fi,2016
163072,Winnie Pooh (1969),Winnie Pooh,Animation|Children,1969
163112,Winnie the Pooh Goes Visiting (1971),Winnie the Pooh Goes Visiting,Animation,1971
163134,Your Name. (2016),Your Name.,Animation|Drama|Fantasy|Romance,2016
163386,Winnie the Pooh and the Day of Concern (1972),Winnie the Pooh and the Day of Concern,Animation,1972
163527,Comedy Central Roast of David Hasselhoff (2010),Comedy Central Roast of David Hasselhoff,Comedy,2010
163639,DC Super Hero Girls: Hero of the Year (2016),DC Super Hero Girls: Hero of the Year,Animation,2016
163645,Hacksaw Ridge (2016),Hacksaw Ridge,Drama|War,2016
163653,David Cross: Making America Great Again (2016),David Cross: Making America Great Again,Comedy,2016
163809,Over the Garden Wall (2013),Over the Garden Wall,Adventure|Animation|Drama,2013
163925,"Wings, Legs and Tails (1986)","Wings, Legs and Tails",Animation|Comedy,1986
163937,Blair Witch (2016),Blair Witch,Horror|Thriller,2016
163981,31 (2016),31,Horror,2016
163985,ARQ (2016),ARQ,Sci-Fi|Thriller,2016
164179,Arrival (2016),Arrival,Sci-Fi,2016
164200,Storks (2016),Storks,Animation|Children|Comedy,2016
164226,Maximum Ride (2016),Maximum Ride,Action|Adventure|Comedy|Fantasy|Sci-Fi|Thriller,2016
164280,Endless Poetry (2016),Endless Poetry,Drama|Fantasy,2016
164367,The Girl with All the Gifts (2016),The Girl with All the Gifts,Drama|Horror|Sci-Fi|Thriller,2016
164375,All Roads Lead to Rome (2016),All Roads Lead to Rome,Comedy,2016
164540,Amanda Knox (2016),Amanda Knox,Documentary,2016
164647,Dirty 30 (2016),Dirty 30,Comedy|Romance,2016
164655,Gimme Danger (2016),Gimme Danger,Documentary,2016
164707,Go Figure (2005),Go Figure,Children|Comedy|Drama,2005
164753,Anything for Love (2016),Anything for Love,Romance,2016
164881,Night Guards (2016),Night Guards,Action|Sci-Fi,2016
164909,La La Land (2016),La La Land,Comedy|Drama|Romance,2016
164917,13th (2016),13th,Documentary,2016
165075,London Town (2016),London Town,Drama,2016
165101,Inferno (2016),Inferno,Mystery|Thriller,2016
165103,Keeping Up with the Joneses (2016),Keeping Up with the Joneses,Comedy,2016
165139,Wild Oats (2016),Wild Oats,Comedy,2016
165343,The Rocky Horror Picture Show: Let's Do the Time Warp Again (2016),The Rocky Horror Picture Show: Let's Do the Time Warp Again,Comedy|Horror|Sci-Fi|Thriller,2016
165347,Jack Reacher: Never Go Back (2016),Jack Reacher: Never Go Back,Action|Crime|Drama|Mystery|Thriller,2016
165483,Joe Rogan: Triggered (2016),Joe Rogan: Triggered,Comedy,2016
165489,Ethel & Ernest (2016),Ethel & Ernest,(no genres listed),2016
165529,Flowers for Algernon (2000),Flowers for Algernon,Drama,2000
165549,Manchester by the Sea (2016),Manchester by the Sea,Drama,2016
165551,Lion (2016),Lion,Drama,2016
165635,The Thinning (2016),The Thinning,Thriller,2016
165639,While You Were Fighting: A Thor Mockumentary (2016),While You Were Fighting: A Thor Mockumentary,Comedy|Fantasy|Sci-Fi,2016
165645,Bad Santa 2 (2016),Bad Santa 2,Comedy,2016
165671,Ice Guardians (2016),Ice Guardians,Documentary,2016
165843,Risk (2016),Risk,Documentary,2016
165947,The True Memoirs of an International Assassin (2016),The True Memoirs of an International Assassin,Action|Comedy,2016
165959,Alesha Popovich and Tugarin the Dragon (2004),Alesha Popovich and Tugarin the Dragon,Animation|Comedy|Drama,2004
165969,HyperNormalisation (2016),HyperNormalisation,Documentary,2016
166015,The African Doctor (2016),The African Doctor,Comedy|Drama,2016
166024,Whiplash (2013),Whiplash,(no genres listed),2013
166183,Junior and Karlson (1968),Junior and Karlson,Adventure|Animation|Children,1968
166203,Sapphire Blue (2014),Sapphire Blue,Adventure|Children|Fantasy|Sci-Fi,2014
166291,A Silent Voice (2016),A Silent Voice,Animation|Drama|Romance,2016
166461,Moana (2016),Moana,Adventure|Animation|Children|Comedy|Fantasy,2016
166492,Office Christmas Party (2016),Office Christmas Party,Comedy,2016
166526,The Space Between Us (2016),The Space Between Us,Adventure|Sci-Fi,2016
166528,Rogue One: A Star Wars Story (2016),Rogue One: A Star Wars Story,Action|Adventure|Fantasy|Sci-Fi,2016
166534,Split (2017),Split,Drama|Horror|Thriller,2017
166558,Underworld: Blood Wars (2016),Underworld: Blood Wars,Action|Horror,2016
166568,Miss Sloane (2016),Miss Sloane,Thriller,2016
166635,Passengers (2016),Passengers,Adventure|Drama|Romance|Sci-Fi,2016
166643,Hidden Figures (2016),Hidden Figures,Drama,2016
166705,Fences (2016),Fences,Drama,2016
166946,The Founder (2016),The Founder,Drama,2016
167018,Why Him? (2016),Why Him?,Comedy,2016
167036,Sing (2016),Sing,Animation|Children|Comedy,2016
167064,I Am Not Your Negro (2017),I Am Not Your Negro,Documentary,2017
167296,Iron Man (1931),Iron Man,Drama,1931
167370,Assassin's Creed (2016),Assassin's Creed,Action|Adventure|Sci-Fi,2016
167380,A Dog's Purpose (2017),A Dog's Purpose,Comedy|Drama,2017
167538,Microwave Massacre (1983),Microwave Massacre,Horror,1983
167570,The OA,The OA,(no genres listed),1999
167634,Fist Fight (2017),Fist Fight,Comedy,2017
167706,Shakespeare Behind Bars (2005),Shakespeare Behind Bars,Documentary,2005
167732,A Street Cat Named Bob (2016),A Street Cat Named Bob,Comedy|Drama,2016
167746,The Lego Batman Movie (2017),The Lego Batman Movie,Action|Animation|Comedy,2017
167772,The Spirit of Christmas (1995),The Spirit of Christmas,Animation|Comedy,1995
167790,The Good Boy (2016),The Good Boy,Children|Comedy|Drama,2016
167854,"Dana Carvey: Straight White Male, 60 (2016)","Dana Carvey: Straight White Male, 60",Comedy,2016
168026,Marvel One-Shot: Agent Carter (2013),Marvel One-Shot: Agent Carter,Action|Adventure|Fantasy|Sci-Fi,2013
168090,Kizumonogatari II: Passionate Blood (2016),Kizumonogatari II: Passionate Blood,Animation|Fantasy|Mystery,2016
168144,Joe Rogan: Live (2006),Joe Rogan: Live,Comedy,2006
168174,Jim Gaffigan: Cinco (2017),Jim Gaffigan: Cinco,Comedy,2017
168218,Kizumonogatari III: Cold Blood (2017),Kizumonogatari III: Cold Blood,Animation|Fantasy|Mystery,2017
168248,John Wick: Chapter Two (2017),John Wick: Chapter Two,Action|Crime|Thriller,2017
168250,Get Out (2017),Get Out,Horror,2017
168252,Logan (2017),Logan,Action|Sci-Fi,2017
168254,Kong: Skull Island (2017),Kong: Skull Island,Action|Adventure|Fantasy,2017
168266,T2: Trainspotting (2017),T2: Trainspotting,Crime|Drama,2017
168326,The Big Sick (2017),The Big Sick,Comedy|Romance,2017
168350,100 Streets (2016),100 Streets,Drama,2016
168358,Saturn 3 (1980),Saturn 3,Sci-Fi|Thriller,1980
168366,Beauty and the Beast (2017),Beauty and the Beast,Fantasy|Romance,2017
168418,The Boss Baby (2017),The Boss Baby,Animation|Children|Comedy,2017
168456,Mercury Plains (2016),Mercury Plains,Action|Adventure|Drama,2016
168492,Call Me by Your Name (2017),Call Me by Your Name,Drama|Romance,2017
168608,Mudbound (2017),Mudbound,Drama,2017
168612,Ghost in the Shell (2017),Ghost in the Shell,Action|Drama|Sci-Fi,2017
168632,Bill Burr: Walk Your Way Out (2017),Bill Burr: Walk Your Way Out,Comedy,2017
168712,Fifty Shades Darker (2017),Fifty Shades Darker,Drama|Romance,2017
168846,Neal Brennan: 3 Mics (2017),Neal Brennan: 3 Mics,Comedy,2017
169034,Lemonade (2016),Lemonade,(no genres listed),2016
169180,American Fable (2017),American Fable,Thriller,2017
169670,The Void (2016),The Void,Horror,2016
169904,Guyver: Dark Hero (1994),Guyver: Dark Hero,Sci-Fi,1994
169912,Denis Leary: No Cure for Cancer (1993),Denis Leary: No Cure for Cancer,Comedy,1993
169958,Buster's Mal Heart (2017),Buster's Mal Heart,Drama|Mystery,2017
169982,Power Rangers (2017),Power Rangers,Action|Adventure|Sci-Fi,2017
169984,Alien: Covenant (2017),Alien: Covenant,Action|Horror|Sci-Fi|Thriller,2017
169992,Free Fire (2017),Free Fire,Action|Crime|Drama,2017
170289,Species III (2004),Species III,Action|Horror|Sci-Fi,2004
170297,Ultimate Avengers 2 (2006),Ultimate Avengers 2,Action|Animation|Sci-Fi,2006
170355,Mulholland Dr. (1999),Mulholland Dr.,Drama|Mystery|Romance,1999
170357,Dave Chappelle: The Age of Spin (2017),Dave Chappelle: The Age of Spin,Comedy,2017
170399,CHiPS (2017),CHiPS,Action|Comedy|Drama,2017
170401,Table 19 (2017),Table 19,Comedy|Drama,2017
170411,Dave Chappelle: Deep in the Heart of Texas (2017),Dave Chappelle: Deep in the Heart of Texas,Comedy,2017
170551,The Quiet Family (1998),The Quiet Family,Comedy,1998
170597,A Plasticine Crow (1981),A Plasticine Crow,Animation,1981
170697,Gifted (2017),Gifted,Drama,2017
170705,Band of Brothers (2001),Band of Brothers,Action|Drama|War,2001
170777,There Once Was a Dog (1982),There Once Was a Dog,Animation|Children|Comedy,1982
170813,Baywatch (2017),Baywatch,Action|Comedy,2017
170817,Snatched (2017),Snatched,Action|Comedy,2017
170827,The Mummy (2017),The Mummy,Action|Adventure|Fantasy|Horror|Thriller,2017
170837,Life-Size (2000),Life-Size,Children|Comedy|Fantasy,2000
170875,The Fate of the Furious (2017),The Fate of the Furious,Action|Crime|Drama|Thriller,2017
170897,Sandy Wexler (2017),Sandy Wexler,Comedy,2017
170907,Betting on Zero (2016),Betting on Zero,Documentary,2016
170937,Win It All (2017),Win It All,Comedy,2017
170939,Captain Underpants: The First Epic Movie (2017),Captain Underpants: The First Epic Movie,Action|Animation|Children|Comedy,2017
170945,It Comes at Night (2017),It Comes at Night,Horror|Mystery|Thriller,2017
170957,Cars 3 (2017),Cars 3,Adventure|Animation|Comedy,2017
170993,Mini's First Time (2006),Mini's First Time,Comedy|Crime|Drama,2006
171011,Planet Earth II (2016),Planet Earth II,Documentary,2016
171023,The Hero (2017),The Hero,Drama,2017
171251,"Nobody Speak: Hulk Hogan, Gawker and Trials of a Free Press (2017)","Nobody Speak: Hulk Hogan, Gawker and Trials of a Free Press",Documentary,2017
171495,Cosmos,Cosmos,(no genres listed),1999
171631,Maria Bamford: Old Baby,Maria Bamford: Old Baby,(no genres listed),1999
171695,Robin Williams: Live on Broadway (2002),Robin Williams: Live on Broadway,Comedy,2002
171701,The Death of Louis XIV (2016),The Death of Louis XIV,Drama,2016
171749,Death Note: Desu nôto (2006–2007),Death Note: Desu nôto (2006–2007),(no genres listed),1999
171751,Munna bhai M.B.B.S. (2003),Munna bhai M.B.B.S.,Comedy,2003
171759,The Beguiled (2017),The Beguiled,Drama|Thriller|Western,2017
171763,Baby Driver (2017),Baby Driver,Action|Crime|Thriller,2017
171765,Okja (2017),Okja,Action|Adventure|Drama|Sci-Fi,2017
171811,Embassy (2013),Embassy,Comedy|Sci-Fi|War,2013
171867,Rough Night (2017),Rough Night,Comedy|Drama,2017
171891,Generation Iron 2,Generation Iron 2,(no genres listed),1999
171917,Mystère à la Tour Eiffel (2015),Mystère à la Tour Eiffel,Drama|Mystery|Thriller,2015
172013,Stefan Zweig: Farewell to Europe (2016),Stefan Zweig: Farewell to Europe,Drama,2016
172215,Saved by the Bell: Hawaiian Style (1992),Saved by the Bell: Hawaiian Style,Comedy,1992
172229,Plain Clothes (1988),Plain Clothes,Comedy|Mystery|Romance|Thriller,1988
172233,The Prime Gig (2000),The Prime Gig,Drama|Romance,2000
172253,The Night Before (1988),The Night Before,Comedy,1988
172321,Late Night with Conan O'Brien: The Best of Triumph the Insult Comic Dog (2004),Late Night with Conan O'Brien: The Best of Triumph the Insult Comic Dog,Comedy,2004
172461,Get Me Roger Stone (2017),Get Me Roger Stone,Documentary,2017
172497,T2 3-D: Battle Across Time (1996),T2 3-D: Battle Across Time,(no genres listed),1996
172547,Despicable Me 3 (2017),Despicable Me 3,Adventure|Animation|Children|Comedy,2017
172577,Last Year's Snow Was Falling (1983),Last Year's Snow Was Falling,Animation|Children|Comedy|Fantasy,1983
172583,Investigation Held by Kolobki (1986),Investigation Held by Kolobki,Animation,1986
172585,Karlson Returns (1970),Karlson Returns,Adventure|Animation|Children,1970
172587,Vacations in Prostokvashino (1980),Vacations in Prostokvashino,Animation,1980
172589,Winter in Prostokvashino (1984),Winter in Prostokvashino,Animation,1984
172591,The Godfather Trilogy: 1972-1990 (1992),The Godfather Trilogy: 1972-1990,(no genres listed),1992
172637,Priklyucheniya Kapitana Vrungelya (1979),Priklyucheniya Kapitana Vrungelya,Action|Adventure|Animation|Comedy,1979
172705,Tickling Giants (2017),Tickling Giants,Documentary,2017
172793,Vovka in the Kingdom of Far Far Away (1965),Vovka in the Kingdom of Far Far Away,Adventure|Animation|Children|Fantasy,1965
172825,Adventures of Mowgli: The Kidnapping (1968),Adventures of Mowgli: The Kidnapping,Adventure|Animation|Children,1968
172875,A Detective Story (2003),A Detective Story,Animation|Sci-Fi,2003
172881,Final Flight of the Osiris (2003),Final Flight of the Osiris,Action|Animation|Sci-Fi,2003
172887,Kid's Story (2003),Kid's Story,Animation|Sci-Fi,2003
172909,Cheburashka (1971),Cheburashka,Animation,1971
173145,War for the Planet of the Apes (2017),War for the Planet of the Apes,Action|Adventure|Drama|Sci-Fi,2017
173197,The Square (2017),The Square,Drama,2017
173205,The Meyerowitz Stories (2017),The Meyerowitz Stories,Comedy,2017
173209,War Machine (2017),War Machine,Comedy|Drama|War,2017
173235,Tokyo Idols (2017),Tokyo Idols,Documentary,2017
173253,Vir Das: Abroad Understanding (2017),Vir Das: Abroad Understanding,Comedy,2017
173255,"Norm Macdonald: Hitler's Dog, Gossip & Trickery (2017)","Norm Macdonald: Hitler's Dog, Gossip & Trickery",Comedy,2017
173291,Valerian and the City of a Thousand Planets (2017),Valerian and the City of a Thousand Planets,Action|Adventure|Sci-Fi,2017
173307,The Gracefield Incident (2015),The Gracefield Incident,Action|Horror|Sci-Fi,2015
173317,Shadow World (2016),Shadow World,Documentary,2016
173351,Wow! A Talking Fish! (1983),Wow! A Talking Fish!,Animation|Children|Comedy|Fantasy,1983
173355,Travels of an Ant (1983),Travels of an Ant,Animation,1983
173535,The Adventures of Sherlock Holmes and Doctor Watson: The Hunt for the Tiger (1980),The Adventures of Sherlock Holmes and Doctor Watson: The Hunt for the Tiger,(no genres listed),1980
173619,Fugitives (1986),Fugitives,Comedy|Crime,1986
173751,Tiger Raid (2016),Tiger Raid,Thriller,2016
173873,Gulliver's Travels (1996),Gulliver's Travels,Adventure|Children|Fantasy,1996
173925,Seven Sisters (2017),Seven Sisters,Sci-Fi|Thriller,2017
173941,Atomic Blonde (2017),Atomic Blonde,Thriller,2017
173963,Empties (2007),Empties,Comedy,2007
174045,Goon: Last of the Enforcers (2017),Goon: Last of the Enforcers,Comedy,2017
174053,Black Mirror: White Christmas (2014),Black Mirror: White Christmas,Drama|Horror|Mystery|Sci-Fi|Thriller,2014
174055,Dunkirk (2017),Dunkirk,Action|Drama|Thriller|War,2017
174141,Belladonna of Sadness (1973),Belladonna of Sadness,Animation|Drama|Fantasy,1973
174403,The Putin Interviews (2017),The Putin Interviews,(no genres listed),2017
174479,Unedited Footage of a Bear (2014),Unedited Footage of a Bear,Horror|Thriller,2014
174551,Obsession (1965),Obsession,Comedy,1965
174681,"Oh, Hello: On Broadway (2017)","Oh, Hello: On Broadway",Comedy,2017
174727,Good Time (2017),Good Time,Crime|Drama,2017
174737,Don Camillo in Moscow (1965),Don Camillo in Moscow,Comedy,1965
174815,The House (2017),The House,Comedy,2017
174909,Logan Lucky (2017),Logan Lucky,Comedy,2017
175197,The Dark Tower (2017),The Dark Tower,Fantasy|Horror|Sci-Fi|Western,2017
175199,Annabelle: Creation (2017),Annabelle: Creation,Horror,2017
175293,Gena the Crocodile (1969),Gena the Crocodile,Animation|Children,1969
175303,It (2017),It,Horror,2017
175387,On the Trail of the Bremen Town Musicians (1973),On the Trail of the Bremen Town Musicians,Adventure|Animation|Children,1973
175397,"In the blue sea, in the white foam. (1984)","In the blue sea, in the white foam.",Animation|Children|Fantasy,1984
175401,Wolf and Calf (1984),Wolf and Calf,Animation,1984
175431,Bobik Visiting Barbos (1977),Bobik Visiting Barbos,Animation|Comedy,1977
175435,The Magic Ring (1982),The Magic Ring,Animation|Fantasy,1982
175475,The Emoji Movie (2017),The Emoji Movie,Animation|Children|Comedy,2017
175485,Death Note (2017),Death Note,Horror|Thriller,2017
175569,Wind River (2017),Wind River,Action|Crime|Mystery|Thriller,2017
175577,Rory Scovel Tries Stand-Up for the First Time (2017),Rory Scovel Tries Stand-Up for the First Time,Comedy,2017
175585,Shot Caller (2017),Shot Caller,Action|Crime|Drama|Thriller,2017
175661,The Hitman's Bodyguard (2017),The Hitman's Bodyguard,Action|Comedy,2017
175693,Rick and Morty: State of Georgia Vs. Denver Fenton Allen (2016),Rick and Morty: State of Georgia Vs. Denver Fenton Allen,Comedy|Crime,2016
175705,Themroc (1973),Themroc,Comedy|Horror,1973
175707,A German Life (2016),A German Life,Documentary,2016
175743,Self-criticism of a Bourgeois Dog (2017),Self-criticism of a Bourgeois Dog,Comedy,2017
175781,Der Herr Karl (1961),Der Herr Karl,Comedy,1961
176051,LEGO DC Super Hero Girls: Brain Drain (2017),LEGO DC Super Hero Girls: Brain Drain,Animation,2017
176101,Kingsman: The Golden Circle (2017),Kingsman: The Golden Circle,Action|Adventure|Comedy,2017
176329,Ari Shaffir: Double Negative (2017),Ari Shaffir: Double Negative,Comedy,2017
176371,Blade Runner 2049 (2017),Blade Runner 2049,Sci-Fi,2017
176389,The Nut Job 2: Nutty by Nature (2017),The Nut Job 2: Nutty by Nature,Adventure|Animation|Children|Comedy,2017
176413,Bliss (2012),Bliss,Drama,2012
176415,Alles Inklusive (2014),Alles Inklusive,Comedy|Drama,2014
176419,Mother! (2017),Mother!,Drama|Horror|Mystery|Thriller,2017
176423,Icarus (2017),Icarus,Documentary,2017
176579,Cage Dive (2017),Cage Dive,Drama|Horror|Thriller,2017
176601,Black Mirror,Black Mirror,(no genres listed),1999
176621,Boniface's Holiday (1965),Boniface's Holiday,Animation|Children|Comedy|Romance,1965
176751,American Made (2017),American Made,Crime|Thriller,2017
176805,Little Boxes (2017),Little Boxes,Comedy|Drama,2017
176935,Geostorm (2017),Geostorm,Action,2017
177185,Maz Jobrani: Immigrant (2017),Maz Jobrani: Immigrant,Comedy,2017
177285,Sword Art Online The Movie: Ordinal Scale (2017),Sword Art Online The Movie: Ordinal Scale,Action|Adventure|Animation|Fantasy|Sci-Fi,2017
177593,"Three Billboards Outside Ebbing, Missouri (2017)","Three Billboards Outside Ebbing, Missouri",Crime|Drama,2017
177615,Lady Bird (2017),Lady Bird,Comedy,2017
177763,Murder on the Orient Express (2017),Murder on the Orient Express,Crime|Drama|Mystery,2017
177765,Coco (2017),Coco,Adventure|Animation|Children,2017
177939,"The Night Is Short, Walk on Girl (2017)","The Night Is Short, Walk on Girl",Animation|Romance,2017
178061,"I, Tonya (2017)","I, Tonya",Drama,2017
178111,"Fireworks, Should We See It from the Side or the Bottom? (2017)","Fireworks, Should We See It from the Side or the Bottom?",Animation,2017
178129,Adventures in Plymptoons! (2011),Adventures in Plymptoons!,Documentary,2011
178323,Gaga: Five Foot Two (2017),Gaga: Five Foot Two,Documentary,2017
178613,Dave Chappelle: Killin' Them Softly (2000),Dave Chappelle: Killin' Them Softly,Comedy,2000
178615,Front Cover (2016),Front Cover,Comedy|Drama|Romance,2016
178827,Paddington 2 (2017),Paddington 2,Adventure|Animation|Children|Comedy,2017
179053,2048: Nowhere to Run (2017),2048: Nowhere to Run,Sci-Fi|Thriller,2017
179073,Male Hunt (1964),Male Hunt,Comedy,1964
179119,The Death of Stalin (2017),The Death of Stalin,Comedy,2017
179133,Loving Vincent (2017),Loving Vincent,Animation|Crime|Drama,2017
179135,Blue Planet II (2017),Blue Planet II,Documentary,2017
179211,Christina P: Mother Inferior (2017),Christina P: Mother Inferior,Comedy,2017
179401,Jumanji: Welcome to the Jungle (2017),Jumanji: Welcome to the Jungle,Action|Adventure|Children,2017
179427,Dane Cook: Troublemaker (2014),Dane Cook: Troublemaker,Comedy,2014
179491,Mayhem (2017),Mayhem,Action|Horror,2017
179511,Emerald Green (2016),Emerald Green,Adventure|Drama|Fantasy|Romance,2016
179709,Wonder Wheel (2017),Wonder Wheel,Drama,2017
179749,Creep 2 (2017),Creep 2,Comedy|Horror,2017
179813,LBJ (2017),LBJ,Drama,2017
179815,"Roman J. Israel, Esq. (2017)","Roman J. Israel, Esq.",Drama|Thriller,2017
179817,Darkest Hour (2017),Darkest Hour,Drama|War,2017
179819,Star Wars: The Last Jedi (2017),Star Wars: The Last Jedi,Action|Adventure|Fantasy|Sci-Fi,2017
179953,A Bad Moms Christmas (2017),A Bad Moms Christmas,Comedy,2017
180031,The Shape of Water (2017),The Shape of Water,Adventure|Drama|Fantasy,2017
180045,Molly's Game (2017),Molly's Game,Drama,2017
180095,Wonder (2017),Wonder,Drama,2017
180231,Daddy's Home 2 (2017),Daddy's Home 2,Comedy|Drama,2017
180263,The Shining (1997),The Shining,Drama|Horror|Thriller,1997
180265,Jim & Andy: The Great Beyond (2017),Jim & Andy: The Great Beyond,Documentary,2017
180297,The Disaster Artist (2017),The Disaster Artist,Comedy|Drama,2017
180497,The Post (2017),The Post,Drama|Thriller,2017
180777,Die Frauen von Ravensbrück (2005),Die Frauen von Ravensbrück,Documentary,2005
180985,The Greatest Showman (2017),The Greatest Showman,Drama,2017
180987,Ferdinand (2017),Ferdinand,Animation|Children|Comedy,2017
181065,Jack Whitehall: At Large (2017),Jack Whitehall: At Large,Comedy,2017
181139,Lynne Koplitz: Hormonal Beast (2017),Lynne Koplitz: Hormonal Beast,Comedy,2017
181315,Phantom Thread (2017),Phantom Thread,Drama|Romance,2017
181413,Too Funny to Fail: The Life and Death of The Dana Carvey Show (2017),Too Funny to Fail: The Life and Death of The Dana Carvey Show,(no genres listed),2017
181659,Craig Ferguson: Tickle Fight (2017),Craig Ferguson: Tickle Fight,Comedy,2017
181719,Serving in Silence: The Margarethe Cammermeyer Story (1995),Serving in Silence: The Margarethe Cammermeyer Story,(no genres listed),1995
182293,Hare-um Scare-um (1939),Hare-um Scare-um,Animation|Children|Comedy,1939
182297,Porky in Wackyland (1938),Porky in Wackyland,Animation|Comedy|Fantasy,1938
182299,Porky's Hare Hunt (1938),Porky's Hare Hunt,Animation|Children|Comedy,1938
182639,The Second Renaissance Part II (2003),The Second Renaissance Part II,Animation|Sci-Fi,2003
182715,Annihilation (2018),Annihilation,Adventure|Mystery|Sci-Fi|Thriller,2018
182727,A Christmas Story Live! (2017),A Christmas Story Live!,(no genres listed),2017
182731,Pixel Perfect (2004),Pixel Perfect,Children|Comedy|Sci-Fi,2004
182749,Judd Apatow: The Return (2017),Judd Apatow: The Return,Comedy,2017
182793,The Purple Sea (2009),The Purple Sea,Drama,2009
182823,Bright (2017),Bright,Action|Crime|Fantasy,2017
183011,The Commuter (2018),The Commuter,Crime|Drama|Mystery|Thriller,2018
183197,Dave Chappelle: Equanimity (2017),Dave Chappelle: Equanimity,Comedy,2017
183199,Quest (2017),Quest,Documentary,2017
183227,Dave Chappelle: The Bird Revelation (2017),Dave Chappelle: The Bird Revelation,Comedy,2017
183295,Insidious: The Last Key (2018),Insidious: The Last Key,Horror|Mystery|Thriller,2018
183301,The Tale of the Bunny Picnic (1986),The Tale of the Bunny Picnic,Children,1986
183317,Patti Rocks (1988),Patti Rocks,Comedy|Drama,1988
183611,Game Night (2018),Game Night,Action|Comedy|Crime|Horror,2018
183635,Maze Runner: The Death Cure (2018),Maze Runner: The Death Cure,Action|Mystery|Sci-Fi|Thriller,2018
183897,Isle of Dogs (2018),Isle of Dogs,Animation|Comedy,2018
183911,The Clapper (2018),The Clapper,Comedy,2018
183959,Tom Segura: Disgraceful (2018),Tom Segura: Disgraceful,Comedy,2018
184015,When We First Met (2018),When We First Met,Comedy,2018
184053,Battle Planet (2008),Battle Planet,Action|Sci-Fi,2008
184245,De platte jungle (1978),De platte jungle,Documentary,1978
184253,The Cloverfield Paradox (2018),The Cloverfield Paradox,Horror|Mystery|Sci-Fi|Thriller,2018
184257,Making a Murderer (2015),Making a Murderer,Crime|Documentary,2015
184349,Elsa & Fred (2005),Elsa & Fred,Comedy|Drama|Romance,2005
184471,Tomb Raider (2018),Tomb Raider,Action|Adventure|Fantasy,2018
184641,Fullmetal Alchemist 2018 (2017),Fullmetal Alchemist 2018,Action|Adventure|Fantasy,2017
184721,First Reformed (2017),First Reformed,Drama|Thriller,2017
184791,Fred Armisen: Standup for Drummers (2018),Fred Armisen: Standup for Drummers,Comedy,2018
184931,Death Wish (2018),Death Wish,Action|Crime|Drama|Thriller,2018
184987,A Wrinkle in Time (2018),A Wrinkle in Time,Adventure|Children|Fantasy|Sci-Fi,2018
184997,"Love, Simon (2018)","Love, Simon",Comedy|Drama,2018
185029,A Quiet Place (2018),A Quiet Place,Drama|Horror|Thriller,2018
185031,Alpha (2018),Alpha,Adventure|Thriller,2018
185033,I Kill Giants (2018),I Kill Giants,Drama|Fantasy|Thriller,2018
185135,Sherlock - A Study in Pink (2010),Sherlock - A Study in Pink,Crime,2010
185435,"Game Over, Man! (2018)","Game Over, Man!",Action|Comedy,2018
185473,Blockers (2018),Blockers,Comedy,2018
185585,Pacific Rim: Uprising (2018),Pacific Rim: Uprising,Action|Fantasy|Sci-Fi,2018
186587,Rampage (2018),Rampage,Action|Adventure|Sci-Fi,2018
187031,Jurassic World: Fallen Kingdom (2018),Jurassic World: Fallen Kingdom,Action|Adventure|Drama|Sci-Fi|Thriller,2018
187541,Incredibles 2 (2018),Incredibles 2,Action|Adventure|Animation|Children,2018
187593,Deadpool 2 (2018),Deadpool 2,Action|Comedy|Sci-Fi,2018
187595,Solo: A Star Wars Story (2018),Solo: A Star Wars Story,Action|Adventure|Children|Sci-Fi,2018
187717,Won't You Be My Neighbor? (2018),Won't You Be My Neighbor?,Documentary,2018
188189,Sorry to Bother You (2018),Sorry to Bother You,Comedy|Fantasy|Sci-Fi,2018
188301,Ant-Man and the Wasp (2018),Ant-Man and the Wasp,Action|Adventure|Comedy|Fantasy|Sci-Fi,2018
188675,Dogman (2018),Dogman,Crime|Drama,2018
188751,Mamma Mia: Here We Go Again! (2018),Mamma Mia: Here We Go Again!,Comedy|Romance,2018
188797,Tag (2018),Tag,Comedy,2018
188833,The Man Who Killed Don Quixote (2018),The Man Who Killed Don Quixote,Adventure|Comedy|Fantasy,2018
189043,Boundaries (2018),Boundaries,Comedy|Drama,2018
189111,Spiral (2018),Spiral,Documentary,2018
189333,Mission: Impossible - Fallout (2018),Mission: Impossible - Fallout,Action|Adventure|Thriller,2018
189381,SuperFly (2018),SuperFly,Action|Crime|Thriller,2018
189547,Iron Soldier (2010),Iron Soldier,Action|Sci-Fi,2010
189713,BlacKkKlansman (2018),BlacKkKlansman,Comedy|Crime|Drama,2018
190183,The Darkest Minds (2018),The Darkest Minds,Sci-Fi|Thriller,2018
190207,Tilt (2011),Tilt,Drama|Romance,2011
190209,Jeff Ross Roasts the Border (2017),Jeff Ross Roasts the Border,Comedy,2017
190213,John From (2015),John From,Drama,2015
190215,Liquid Truth (2017),Liquid Truth,Drama,2017
190219,Bunny (1998),Bunny,Animation,1998
190221,Hommage à Zgougou (et salut à Sabine Mamou) (2002),Hommage à Zgougou (et salut à Sabine Mamou),Documentary,2002
191005,Gintama (2017),Gintama,Action|Adventure|Comedy|Sci-Fi,2017
193565,Gintama: The Movie (2010),Gintama: The Movie,Action|Animation|Comedy|Sci-Fi,2010
193567,anohana: The Flower We Saw That Day - The Movie (2013),anohana: The Flower We Saw That Day - The Movie,Animation|Drama,2013
193571,Silver Spoon (2014),Silver Spoon,Comedy|Drama,2014
193573,Love Live! The School Idol Movie (2015),Love Live! The School Idol Movie,Animation,2015
193579,Jon Stewart Has Left the Building (2015),Jon Stewart Has Left the Building,Documentary,2015
193581,Black Butler: Book of the Atlantic (2017),Black Butler: Book of the Atlantic,Action|Animation|Comedy|Fantasy,2017
193583,No Game No Life: Zero (2017),No Game No Life: Zero,Animation|Comedy|Fantasy,2017
193585,Flint (2017),Flint,Drama,2017
193587,Bungo Stray Dogs: Dead Apple (2018),Bungo Stray Dogs: Dead Apple,Action|Animation,2018
193609,Andrew Dice Clay: Dice Rules (1991),Andrew Dice Clay: Dice Rules,Comedy,1991
