movieId,genreId
1,2
1,3
1,4
1,5
1,9
2,2
2,4
2,9
3,5
3,15
4,5
4,8
4,15
5,5
6,1
6,6
6,17
7,5
7,15
8,2
8,4
9,1
10,1
10,2
10,17
11,5
11,8
11,15
12,5
12,11
13,2
13,3
13,4
14,8
15,1
15,2
15,15
16,6
16,8
17,8
17,15
18,5
19,5
20,1
20,5
20,6
20,8
20,17
21,5
21,6
21,17
22,6
22,8
22,11
22,14
22,17
23,1
23,6
23,17
24,8
24,16
25,8
25,15
26,8
27,4
27,8
28,8
28,15
29,2
29,8
29,9
29,14
29,16
30,6
30,8
31,8
32,14
32,16
32,17
34,4
34,8
36,6
36,8
38,4
38,5
39,5
39,15
40,8
41,8
41,18
42,1
42,6
42,8
43,8
44,1
44,2
44,9
45,5
45,8
45,17
46,8
46,15
47,14
47,17
48,3
48,4
48,8
48,13
48,15
49,8
49,15
50,6
50,14
50,17
52,5
52,8
52,15
53,2
53,8
54,4
54,5
55,8
57,8
58,5
58,8
58,15
60,2
60,4
60,9
61,8
61,17
62,8
63,5
63,6
64,5
64,15
65,5
66,1
66,16
66,17
68,5
68,15
69,5
70,1
70,5
70,11
70,17
71,1
72,5
72,8
73,8
73,18
74,8
74,15
75,5
75,8
76,1
76,16
76,17
77,7
78,1
78,6
78,8
78,17
79,8
79,17
80,4
80,8
81,6
81,8
81,15
82,5
82,8
83,8
83,15
85,8
85,15
86,1
86,2
86,8
87,4
87,5
88,5
89,1
89,17
92,8
92,11
92,17
93,5
93,11
93,15
94,5
94,8
94,15
95,1
95,2
95,17
96,5
96,8
97,6
97,8
99,7
100,8
100,17
101,2
101,5
101,6
101,15
102,5
103,14
103,16
103,17
104,5
105,8
105,15
106,5
106,8
107,2
107,4
107,5
107,13
108,7
110,1
110,8
110,18
111,6
111,8
111,17
112,1
112,2
112,5
112,6
113,8
113,14
116,7
117,6
117,8
118,5
118,15
119,5
121,8
122,5
122,15
123,8
123,14
123,15
125,5
126,2
126,4
126,9
128,7
129,5
129,15
132,17
135,5
137,7
140,8
140,15
141,5
144,5
145,1
145,5
145,6
145,8
145,17
146,2
146,4
147,8
148,8
149,6
149,8
149,17
150,2
150,8
150,12
151,1
151,8
151,15
151,18
152,8
152,11
153,1
153,2
153,5
153,6
154,8
155,2
155,8
155,18
156,5
156,8
157,5
157,18
158,2
158,4
159,6
159,8
159,14
160,1
160,2
160,14
160,16
161,8
161,17
161,18
162,7
163,1
163,15
163,19
164,6
164,10
164,14
164,17
165,1
165,6
165,17
166,5
166,6
166,8
168,1
168,8
168,15
169,2
169,4
169,8
170,1
170,2
170,6
170,17
171,5
171,8
172,1
172,16
172,17
173,1
173,6
173,16
174,5
175,8
176,5
177,11
178,5
178,8
179,8
179,15
180,5
180,15
181,1
181,4
183,5
183,11
183,17
184,8
185,1
185,6
185,17
186,5
186,15
187,5
188,9
188,11
188,14
189,5
189,9
190,17
191,8
191,15
193,8
194,5
194,8
195,5
195,8
195,15
196,11
196,16
198,1
198,6
198,8
198,14
198,16
198,17
199,8
199,13
199,15
201,8
201,9
202,8
202,15
203,5
204,1
205,5
205,8
206,7
207,8
207,15
208,1
208,2
208,16
209,8
210,19
211,8
212,2
212,5
212,6
212,14
213,8
214,8
214,18
215,8
215,15
216,5
217,8
217,17
218,5
218,8
219,8
220,11
222,8
222,15
223,5
224,5
224,8
224,15
225,8
225,17
227,1
227,17
228,5
229,8
229,17
230,8
230,17
231,2
231,5
232,5
232,8
232,15
233,8
234,5
235,5
235,8
236,1
236,5
236,15
237,5
237,15
238,2
238,4
239,3
239,4
239,5
239,15
240,17
241,4
241,8
242,8
242,13
243,4
243,5
243,9
246,7
247,6
247,8
248,5
249,8
249,15
250,4
250,5
251,1
252,5
252,15
253,8
253,11
254,8
255,5
256,5
256,16
257,14
257,17
258,2
258,4
258,5
258,9
258,15
259,6
259,8
259,17
260,1
260,2
260,16
261,8
262,4
262,8
263,8
265,8
265,9
265,15
266,8
266,15
266,18
266,19
267,5
269,8
270,8
270,15
271,8
272,5
272,8
273,8
273,11
273,16
274,5
275,5
276,5
276,15
277,8
278,5
279,8
280,8
280,17
281,5
281,8
281,15
282,8
283,6
283,8
284,1
284,6
285,8
285,11
287,5
287,15
288,1
288,6
288,17
289,5
289,15
290,6
290,8
291,8
291,17
292,1
292,8
292,16
292,17
293,1
293,6
293,8
293,17
294,5
294,15
295,5
295,15
296,5
296,6
296,8
296,17
298,8
299,8
300,8
301,8
301,15
302,8
302,15
303,1
303,17
303,19
304,5
304,8
305,5
306,8
307,8
308,5
308,8
310,5
311,11
311,17
312,5
313,3
313,4
314,4
314,8
314,9
314,14
315,1
315,8
315,17
316,1
316,2
316,16
317,5
317,8
317,9
318,6
318,8
319,5
319,8
319,17
320,10
320,17
321,8
322,5
322,8
324,5
324,8
325,5
326,8
327,1
327,5
327,16
328,11
328,17
329,2
329,8
329,16
330,1
330,6
330,11
331,8
332,11
332,16
333,5
334,8
335,14
335,17
336,8
336,18
337,8
338,1
338,16
338,17
339,5
339,15
340,2
340,8
340,18
341,8
342,5
343,4
344,5
345,5
345,8
346,8
346,13
347,8
347,10
347,15
348,5
349,1
349,6
349,8
349,17
350,8
350,14
350,17
351,5
351,8
351,15
352,5
352,8
353,1
353,6
353,9
353,17
354,8
355,4
355,5
355,9
356,5
356,8
356,15
356,18
357,5
357,15
358,8
359,5
359,8
359,15
360,1
360,5
361,5
361,8
361,15
362,2
362,4
362,15
363,7
364,2
364,3
364,4
364,8
364,13
364,12
365,8
366,8
366,11
366,14
366,17
367,1
367,5
367,6
367,9
368,2
368,5
368,19
369,8
370,1
370,5
371,5
371,8
372,5
372,8
372,15
373,17
374,4
374,5
376,1
376,17
377,1
377,15
377,17
378,5
378,15
379,1
379,16
379,17
380,1
380,2
380,5
380,15
380,17
381,8
381,15
382,8
382,11
382,15
382,17
383,19
384,1
384,6
384,8
385,8
386,8
387,1
387,5
388,8
389,8
389,15
389,18
390,1
390,6
390,8
391,6
391,8
393,1
393,2
393,9
405,1
405,9
406,8
407,11
407,17
408,8
409,6
409,8
410,4
410,5
410,9
412,8
413,5
414,5
415,5
415,17
416,19
417,5
417,15
418,8
419,5
420,1
420,5
420,6
420,17
421,2
421,4
421,8
422,17
423,1
423,17
424,8
425,8
425,15
426,11
426,16
426,17
427,8
427,14
427,15
427,17
428,8
429,5
430,5
430,8
431,6
431,8
432,2
432,5
432,19
433,5
434,1
434,2
434,17
435,5
435,16
436,8
436,17
437,5
438,1
438,5
438,8
440,5
440,15
441,5
442,1
442,2
442,16
444,5
444,15
445,5
446,8
446,15
448,8
449,5
450,5
450,8
451,8
451,14
451,15
452,8
453,5
453,15
454,8
454,17
455,2
455,4
455,8
456,6
456,8
456,17
457,17
458,8
458,19
459,1
459,2
459,6
459,8
459,15
459,17
460,5
461,8
461,15
464,1
464,2
464,6
464,17
466,1
466,5
466,18
467,5
468,5
468,15
469,8
469,15
470,5
471,5
472,5
472,8
473,5
473,18
474,1
474,17
475,8
476,5
476,8
477,8
477,13
478,5
478,6
478,8
479,1
479,6
479,17
480,1
480,2
480,16
480,17
481,8
481,17
482,6
482,8
482,17
484,2
484,4
485,1
485,2
485,5
485,9
486,5
487,5
487,19
488,8
488,15
489,5
490,17
491,8
492,5
492,14
493,1
493,6
493,8
494,1
494,2
494,17
495,8
496,5
496,8
496,15
496,17
497,5
497,15
499,5
499,15
500,5
500,8
501,8
502,1
502,4
502,15
504,1
504,8
504,16
505,5
506,8
506,9
506,15
507,6
507,8
507,17
508,8
509,8
509,15
510,8
511,1
511,8
512,11
512,16
513,5
513,14
513,15
514,5
515,8
515,15
516,5
516,8
517,1
517,8
517,14
518,5
519,1
519,6
519,8
519,16
519,17
520,5
521,6
521,17
522,1
522,8
523,8
524,8
526,8
527,8
527,18
528,5
528,8
529,8
531,4
531,8
532,5
532,6
532,11
533,1
533,2
533,9
533,14
534,8
534,15
535,8
536,8
537,8
538,8
539,5
539,8
539,15
540,17
541,1
541,16
541,17
542,5
542,8
542,15
543,5
543,15
543,17
544,1
544,6
546,1
546,2
546,4
546,5
546,9
546,16
547,1
547,2
547,17
548,1
548,14
548,17
549,8
549,13
550,5
550,15
551,3
551,4
551,9
551,13
552,1
552,2
552,5
552,15
553,1
553,8
553,19
555,6
555,17
556,7
558,1
558,2
558,3
558,4
558,9
562,5
562,8
563,8
563,15
564,5
567,5
567,8
568,5
568,8
569,5
569,8
573,8
574,5
574,8
575,4
575,5
577,2
577,4
577,8
579,6
579,17
580,8
581,7
583,5
583,8
585,5
586,4
586,5
587,5
587,8
587,9
587,15
587,17
588,2
588,3
588,4
588,5
588,13
589,1
589,16
590,2
590,8
590,19
592,1
592,6
592,17
593,6
593,11
593,17
594,3
594,4
594,8
594,9
594,13
595,3
595,4
595,9
595,13
595,15
595,12
596,3
596,4
596,9
596,13
597,5
597,15
599,2
599,19
600,1
600,5
600,6
602,7
605,8
605,15
606,9
606,11
608,5
608,6
608,8
608,17
609,2
609,4
610,1
610,2
610,3
610,11
610,16
611,1
611,11
611,16
612,5
613,8
613,15
615,5
615,8
616,3
616,4
617,5
617,8
618,5
618,15
619,5
626,5
627,8
627,17
628,6
628,8
628,14
628,17
631,2
631,3
631,4
631,9
631,13
631,15
632,8
632,18
633,5
634,5
635,5
635,8
636,8
637,5
638,15
639,5
639,8
640,8
640,17
645,8
647,1
647,6
647,8
647,18
648,1
648,2
648,14
648,17
649,5
649,8
650,8
653,1
653,2
653,9
656,5
661,2
661,3
661,4
661,9
661,13
662,17
663,5
665,5
665,8
665,18
667,1
668,8
670,8
671,5
671,16
673,2
673,3
673,4
673,5
673,9
673,16
674,2
674,5
674,16
678,8
678,17
679,8
680,8
680,14
680,15
680,16
680,17
685,8
688,1
688,2
688,5
688,18
691,5
691,15
692,1
692,16
692,17
694,1
694,6
694,8
695,14
695,17
697,8
697,15
698,8
700,5
703,8
704,1
704,2
706,8
707,6
707,8
707,17
708,5
708,15
709,2
709,3
709,4
709,5
709,13
710,5
711,2
711,4
714,8
714,14
714,19
715,8
715,15
718,5
718,9
718,16
719,5
720,2
720,3
720,5
722,7
724,8
724,9
724,11
724,17
725,5
726,8
728,5
731,6
731,17
733,1
733,2
733,17
735,11
736,1
736,2
736,15
736,17
737,1
737,16
741,3
741,16
742,11
742,17
743,5
745,3
745,4
745,5
747,5
748,1
748,16
748,17
750,5
750,18
757,8
759,7
760,8
760,18
761,1
761,2
762,5
762,6
764,8
764,15
765,5
765,8
766,8
773,8
775,11
775,14
778,5
778,6
778,8
779,8
779,15
780,1
780,2
780,16
780,17
781,8
782,8
782,17
783,3
783,4
783,8
783,13
783,15
784,5
784,17
785,5
786,1
786,8
786,17
788,5
788,9
788,15
788,16
790,8
791,7
795,8
798,1
798,2
798,8
798,17
799,5
799,11
799,17
800,8
800,14
800,19
801,4
801,5
802,8
802,15
803,5
803,8
803,15
804,5
804,15
805,8
805,17
806,6
806,8
808,2
808,4
809,1
809,2
810,4
810,5
810,9
813,5
818,5
823,8
824,8
824,14
828,2
828,4
829,5
829,9
829,13
830,5
832,6
832,17
833,5
835,8
836,1
836,2
836,17
837,4
837,5
837,9
838,5
838,8
838,15
839,1
839,17
840,4
840,5
841,11
842,5
842,11
848,8
849,1
849,2
849,16
849,17
851,8
852,5
852,8
852,15
858,6
858,8
861,1
861,5
861,6
861,17
866,6
866,8
866,15
866,17
867,5
867,6
869,6
869,8
869,13
869,17
870,5
875,1
875,6
875,8
876,1
876,5
876,6
876,17
879,11
879,17
880,16
880,17
881,4
881,5
882,8
882,17
885,4
885,8
885,9
886,1
886,5
886,6
888,2
888,3
888,4
888,13
889,8
889,15
891,11
891,17
892,5
892,8
892,15
893,8
896,8
897,2
897,8
897,15
897,18
898,5
898,8
898,15
899,5
899,13
899,15
900,13
900,15
901,5
901,13
902,8
902,15
903,8
903,14
903,15
903,17
904,14
904,17
905,5
905,15
906,8
906,17
907,5
907,13
907,15
908,1
908,2
908,14
908,15
908,17
909,5
909,8
909,15
910,5
910,6
911,5
911,6
911,14
911,15
911,17
912,8
912,15
913,10
913,14
914,5
914,8
914,13
914,15
915,5
915,15
916,5
916,8
916,15
917,4
917,8
918,13
919,2
919,4
919,9
919,13
920,8
920,15
920,18
921,5
922,8
922,10
922,15
923,8
923,14
924,2
924,8
924,16
926,8
927,5
928,8
928,14
928,15
928,17
929,8
929,10
929,14
929,17
930,10
930,15
930,17
931,14
931,15
931,17
932,8
932,15
933,6
933,14
933,15
933,17
934,5
935,5
935,13
936,5
936,15
937,5
937,15
938,13
940,1
940,2
940,15
941,2
942,6
942,10
942,14
943,8
943,9
943,15
944,8
945,5
945,13
945,15
946,5
946,8
946,18
947,5
947,15
948,8
948,15
948,19
949,8
950,5
950,6
951,5
951,15
952,2
952,5
953,4
953,8
953,9
953,15
954,8
955,5
955,15
956,8
956,15
959,8
961,8
963,13
965,8
965,14
965,17
968,11
968,16
968,17
969,2
969,5
969,15
969,18
970,2
970,5
970,6
970,8
970,15
971,8
973,5
973,8
976,15
976,18
979,8
979,18
981,8
982,8
984,5
984,8
986,2
986,4
987,8
987,15
988,5
988,8
990,1
990,2
990,17
991,8
993,8
994,5
994,8
996,1
996,6
996,8
996,17
998,1
998,6
999,6
999,10
1003,8
1003,17
1004,1
1004,17
1005,4
1005,5
1006,8
1007,4
1007,5
1007,19
1008,2
1008,19
1009,2
1009,4
1009,9
1010,4
1010,5
1011,4
1011,5
1011,9
1011,15
1012,4
1012,8
1013,4
1013,5
1013,15
1014,4
1014,5
1014,8
1015,2
1015,4
1015,8
1016,4
1016,5
1017,2
1017,4
1018,4
1018,5
1018,14
1019,2
1019,8
1019,16
1020,5
1021,4
1021,5
1022,3
1022,4
1022,9
1022,13
1022,15
1023,3
1023,4
1023,13
1024,3
1024,4
1024,13
1025,3
1025,4
1025,9
1025,13
1027,2
1027,8
1028,4
1028,5
1028,9
1028,13
1029,3
1029,4
1029,8
1029,13
1030,2
1030,3
1030,4
1030,13
1031,2
1031,4
1031,13
1032,2
1032,3
1032,4
1032,9
1032,13
1033,3
1033,4
1033,8
1034,5
1034,6
1034,8
1034,17
1035,13
1035,15
1036,1
1036,6
1036,17
1037,1
1037,11
1037,16
1037,17
1040,8
1041,8
1042,5
1042,8
1043,8
1043,15
1046,8
1046,15
1047,1
1047,8
1047,17
1049,1
1049,2
1050,7
1050,8
1051,8
1053,6
1053,8
1053,15
1054,8
1055,17
1056,8
1057,5
1057,13
1057,15
1059,8
1059,15
1060,5
1060,8
1061,17
1064,3
1064,4
1064,5
1064,9
1064,13
1064,15
1066,5
1066,13
1066,15
1068,6
1068,10
1073,4
1073,5
1073,9
1073,13
1076,8
1076,11
1076,17
1077,5
1077,16
1078,5
1078,18
1079,5
1079,6
1080,5
1081,5
1081,13
1081,15
1082,8
1083,5
1083,13
1084,6
1084,8
1085,2
1085,8
1086,6
1086,14
1086,17
1088,8
1088,13
1088,15
1089,6
1089,14
1089,17
1090,8
1090,18
1091,5
1092,6
1092,14
1092,17
1093,8
1094,8
1094,15
1094,17
1095,8
1096,8
1097,4
1097,8
1097,16
1099,4
1099,8
1099,9
1100,1
1100,8
1100,15
1101,1
1101,15
1103,8
1104,8
1105,11
1107,5
1111,7
1112,1
1112,5
1112,8
1114,6
1114,8
1116,8
1117,8
1119,8
1120,5
1120,8
1121,8
1123,7
1124,8
1125,5
1125,6
1126,5
1126,9
1127,1
1127,2
1127,16
1127,17
1128,11
1129,1
1129,2
1129,16
1129,17
1130,11
1130,14
1131,8
1131,14
1132,8
1135,5
1136,2
1136,5
1136,9
1137,15
1140,8
1144,7
1147,7
1148,3
1148,4
1148,5
1148,6
1150,8
1151,3
1151,5
1151,8
1151,9
1156,8
1161,8
1161,18
1162,5
1162,8
1163,8
1167,5
1170,1
1171,5
1172,8
1173,5
1173,8
1175,5
1175,8
1175,15
1176,8
1176,9
1176,15
1177,8
1177,15
1178,8
1178,18
1179,6
1179,8
1179,10
1180,5
1183,8
1183,15
1183,18
1184,5
1184,8
1185,8
1186,8
1187,8
1188,5
1188,15
1189,7
1190,6
1190,8
1190,15
1191,7
1191,13
1192,7
1193,8
1194,5
1196,1
1196,2
1196,16
1197,1
1197,2
1197,5
1197,9
1197,15
1198,1
1198,2
1199,9
1199,16
1200,1
1200,2
1200,11
1200,16
1201,1
1201,2
1201,19
1202,5
1203,8
1204,2
1204,8
1204,18
1206,6
1206,8
1206,16
1206,17
1207,8
1208,1
1208,8
1208,18
1209,1
1209,8
1209,19
1210,1
1210,2
1210,16
1211,8
1211,9
1211,15
1212,10
1212,14
1212,17
1213,6
1213,8
1214,11
1214,16
1215,1
1215,2
1215,5
1215,9
1215,11
1216,2
1216,8
1216,15
1217,8
1217,18
1218,1
1218,6
1218,8
1218,17
1219,6
1219,11
1220,1
1220,5
1220,13
1221,6
1221,8
1222,8
1222,18
1223,2
1223,3
1223,4
1223,5
1223,16
1224,1
1224,8
1224,15
1224,18
1225,8
1226,8
1226,15
1227,6
1227,8
1228,8
1230,5
1230,15
1231,8
1232,8
1232,14
1232,16
1233,1
1233,8
1233,18
1234,5
1234,6
1235,5
1235,8
1235,15
1236,5
1236,8
1236,15
1237,8
1238,5
1240,1
1240,16
1240,17
1241,5
1241,9
1241,11
1242,8
1242,18
1243,5
1243,8
1244,5
1244,8
1244,15
1245,6
1245,8
1245,10
1245,17
1246,8
1247,5
1247,8
1247,15
1248,6
1248,10
1248,17
1249,1
1249,6
1249,15
1249,17
1250,2
1250,8
1250,18
1251,8
1251,9
1252,6
1252,10
1252,14
1252,17
1253,8
1253,16
1253,17
1254,1
1254,2
1254,8
1254,19
1255,5
1255,11
1255,16
1256,5
1256,13
1256,18
1257,5
1257,15
1258,11
1259,2
1259,8
1260,6
1260,10
1260,17
1261,1
1261,5
1261,9
1261,11
1262,1
1262,2
1262,8
1262,18
1263,8
1263,18
1264,1
1264,8
1264,14
1264,15
1264,17
1265,5
1265,9
1265,15
1266,8
1266,19
1267,6
1267,17
1267,18
1268,5
1268,8
1269,5
1269,14
1269,17
1270,2
1270,5
1270,16
1271,5
1271,6
1271,8
1272,8
1272,18
1273,5
1273,8
1273,10
1274,1
1274,2
1274,3
1274,16
1275,1
1275,2
1275,9
1276,8
1277,5
1277,8
1277,15
1278,5
1278,9
1279,5
1279,8
1280,8
1281,5
1281,8
1281,18
1282,3
1282,4
1282,9
1282,13
1283,8
1283,19
1284,6
1284,10
1284,14
1285,5
1286,8
1286,15
1287,1
1287,2
1287,8
1288,5
1289,7
1290,8
1290,15
1291,1
1291,2
1292,5
1292,8
1293,8
1295,8
1296,8
1296,15
1297,5
1298,8
1298,13
1299,8
1299,18
1300,5
1300,8
1301,8
1301,16
1302,4
1302,8
1302,9
1303,2
1303,8
1304,1
1304,19
1305,8
1305,15
1306,2
1306,8
1306,16
1307,5
1307,15
1310,7
1312,8
1318,5
1318,8
1320,1
1320,11
1320,16
1320,17
1321,5
1321,11
1321,17
1322,11
1323,11
1324,11
1325,11
1326,11
1327,8
1327,11
1327,14
1327,17
1328,11
1329,11
1330,11
1331,11
1332,11
1332,17
1333,11
1333,17
1334,11
1334,16
1335,11
1335,14
1336,11
1336,17
1337,8
1337,11
1337,17
1339,9
1339,11
1339,15
1339,17
1340,8
1340,11
1340,16
1341,11
1342,11
1342,17
1343,17
1344,6
1344,8
1344,17
1345,8
1345,9
1345,11
1345,17
1346,8
1346,9
1346,11
1347,11
1347,17
1348,11
1349,11
1350,11
1350,14
1350,17
1351,6
1351,8
1351,17
1352,6
1352,17
1353,5
1353,8
1353,15
1354,8
1354,14
1355,11
1355,17
1356,1
1356,2
1356,16
1356,17
1357,8
1357,15
1358,8
1359,4
1359,5
1361,7
1363,8
1365,8
1366,8
1367,2
1367,4
1367,5
1370,1
1370,2
1370,17
1371,2
1371,16
1372,1
1372,14
1372,16
1373,1
1373,16
1374,1
1374,2
1374,16
1374,17
1375,1
1375,2
1375,16
1376,2
1376,5
1376,16
1377,1
1377,6
1378,1
1378,5
1378,19
1379,1
1379,19
1380,5
1380,13
1380,15
1381,5
1381,13
1381,15
1382,1
1382,8
1385,1
1385,8
1385,17
1387,1
1387,11
1388,11
1388,17
1389,1
1389,11
1390,5
1391,1
1391,5
1391,16
1392,5
1392,8
1393,8
1393,15
1394,5
1395,5
1395,8
1396,1
1396,5
1396,6
1396,8
1396,16
1397,8
1398,15
1398,18
1399,8
1401,8
1405,2
1405,3
1405,5
1405,6
1406,6
1406,8
1406,14
1406,17
1407,5
1407,11
1407,14
1407,17
1408,1
1408,15
1408,18
1408,19
1409,5
1409,8
1409,9
1409,15
1411,6
1411,8
1411,15
1412,8
1413,8
1414,5
1415,6
1415,8
1415,15
1416,8
1416,13
1417,8
1419,2
1419,8
1422,6
1422,8
1422,14
1422,17
1423,8
1425,5
1426,4
1427,1
1427,17
1428,8
1429,1
1429,2
1429,5
1429,17
1430,5
1430,17
1431,1
1431,5
1432,1
1432,5
1432,6
1432,8
1432,17
1437,8
1438,1
1438,17
1439,5
1440,5
1441,5
1441,15
1442,8
1445,5
1445,18
1446,5
1446,8
1447,6
1449,5
1453,5
1453,15
1454,5
1454,8
1456,5
1457,5
1457,8
1457,15
1458,8
1458,9
1458,15
1459,14
1459,17
1460,4
1460,5
1460,14
1461,5
1464,6
1464,8
1464,9
1464,10
1464,14
1464,15
1465,1
1465,8
1466,6
1466,8
1468,5
1468,15
1473,1
1473,5
1473,6
1473,8
1474,4
1474,5
1475,15
1476,5
1476,8
1477,15
1479,1
1479,15
1479,16
1479,17
1480,8
1480,17
1483,8
1483,17
1484,5
1484,8
1484,14
1484,15
1485,5
1487,8
1487,13
1488,1
1488,8
1488,17
1489,3
1489,4
1489,13
1490,5
1493,15
1495,1
1495,2
1495,4
1496,8
1496,15
1497,1
1498,8
1498,15
1499,1
1499,2
1499,17
1500,5
1500,6
1500,15
1502,8
1502,15
1503,5
1507,8
1507,18
1513,5
1514,15
1515,1
1515,8
1515,17
1516,5
1517,1
1517,2
1517,5
1518,1
1518,17
1519,8
1526,5
1527,1
1527,2
1527,5
1527,16
1529,5
1529,8
1533,8
1537,5
1537,8
1537,15
1541,5
1541,15
1542,5
1542,8
1542,15
1544,1
1544,2
1544,16
1544,17
1545,8
1546,5
1547,4
1547,8
1549,8
1549,15
1550,5
1550,15
1551,2
1551,4
1551,8
1552,1
1552,2
1552,17
1554,8
1554,15
1556,1
1556,15
1556,17
1562,1
1562,2
1562,9
1562,17
1564,5
1564,8
1564,15
1565,5
1565,17
1566,2
1566,3
1566,4
1566,5
1566,13
1569,5
1569,15
1571,5
1571,15
1572,8
1573,1
1573,6
1573,8
1573,17
1574,15
1580,1
1580,5
1580,16
1581,5
1582,2
1582,4
1583,4
1583,9
1584,8
1584,16
1585,5
1586,1
1586,8
1587,1
1587,2
1587,9
1588,4
1588,5
1589,1
1589,6
1589,8
1589,17
1590,11
1590,16
1590,17
1591,1
1591,2
1591,16
1591,17
1592,4
1592,5
1593,5
1593,15
1594,5
1594,8
1596,8
1597,8
1597,14
1597,15
1597,17
1598,6
1598,8
1598,17
1599,1
1600,8
1600,15
1601,6
1601,8
1601,10
1602,5
1603,11
1603,16
1603,17
1604,1
1604,5
1605,2
1605,15
1606,1
1606,2
1608,1
1608,17
1609,8
1609,17
1610,1
1610,2
1610,17
1611,8
1611,15
1612,5
1613,8
1614,5
1615,2
1615,8
1616,1
1616,17
1616,18
1617,6
1617,10
1617,14
1617,17
1619,2
1619,8
1619,18
1620,6
1620,8
1620,14
1620,17
1621,8
1623,11
1624,8
1625,8
1625,14
1625,17
1626,1
1626,8
1626,17
1627,6
1627,8
1627,14
1629,5
1629,15
1631,1
1631,17
1633,8
1635,8
1639,5
1639,8
1639,15
1641,5
1641,8
1642,5
1642,8
1643,8
1643,15
1644,11
1644,14
1644,17
1645,8
1645,14
1645,17
1646,4
1646,5
1646,15
1646,16
1647,6
1647,8
1647,17
1648,5
1648,8
1649,7
1650,8
1652,7
1653,8
1653,16
1653,17
1654,4
1654,8
1654,9
1655,8
1655,11
1655,17
1656,8
1656,15
1658,15
1658,17
1659,8
1660,8
1661,6
1661,14
1661,17
1662,6
1663,5
1663,18
1665,5
1667,1
1667,8
1670,8
1670,18
1671,6
1671,8
1671,17
1672,8
1673,8
1674,8
1674,15
1674,17
1675,6
1675,17
1676,1
1676,16
1677,5
1677,8
1678,8
1678,15
1679,5
1680,8
1680,15
1681,1
1681,2
1681,9
1682,5
1682,8
1682,16
1683,8
1683,15
1684,8
1684,15
1685,8
1685,15
1686,6
1686,17
1687,1
1687,17
1688,2
1688,3
1688,4
1688,8
1688,13
1689,5
1689,6
1689,17
1690,1
1690,11
1690,16
1693,8
1693,14
1694,8
1695,8
1696,8
1696,18
1699,5
1699,8
1701,5
1701,8
1702,4
1702,5
1702,9
1703,5
1704,8
1704,15
1707,4
1707,5
1711,6
1711,8
1711,14
1713,4
1713,5
1717,5
1717,11
1717,14
1717,17
1718,17
1719,8
1721,8
1721,15
1722,1
1722,2
1722,17
1726,1
1726,2
1726,8
1726,16
1727,8
1727,15
1729,6
1729,8
1729,17
1730,8
1731,5
1732,5
1732,6
1733,8
1733,15
1734,5
1734,8
1735,8
1735,15
1739,1
1739,4
1739,5
1746,5
1747,5
1748,2
1748,10
1748,16
1748,17
1752,1
1752,6
1752,17
1753,5
1754,6
1754,8
1754,9
1754,17
1755,5
1755,15
1757,8
1757,15
1759,8
1760,5
1762,1
1762,11
1762,16
1767,8
1767,15
1769,1
1769,6
1769,17
1770,6
1770,15
1770,17
1771,11
1772,1
1772,5
1772,13
1777,5
1777,15
1779,16
1779,17
1783,6
1783,8
1783,14
1783,15
1783,17
1784,5
1784,8
1784,15
1785,6
1785,17
1791,6
1791,8
1791,17
1792,1
1792,6
1792,17
1793,5
1794,5
1794,8
1797,7
1797,12
1798,17
1799,5
1799,6
1799,8
1799,14
1799,17
1801,1
1801,2
1801,8
1804,6
1804,8
1805,6
1805,8
1805,14
1805,17
1806,2
1806,4
1806,5
1807,8
1809,6
1809,8
1810,5
1810,8
1812,4
1812,5
1812,8
1816,5
1816,8
1821,5
1821,15
1824,5
1824,17
1825,5
1825,8
1826,2
1826,4
1827,5
1827,7
1829,8
1829,15
1831,1
1831,2
1831,16
1833,1
1833,8
1833,17
1834,6
1834,8
1834,14
1834,17
1835,8
1835,9
1835,15
1836,5
1836,8
1837,5
1839,5
1840,8
1841,8
1841,17
1844,8
1844,15
1845,5
1845,14
1845,17
1848,2
1848,4
1848,5
1848,9
1855,5
1856,7
1857,5
1858,1
1858,5
1859,8
1860,8
1862,11
1862,16
1863,5
1866,1
1866,5
1866,6
1867,1
1867,2
1870,5
1870,8
1873,6
1873,8
1873,15
1873,18
1875,5
1876,8
1876,16
1876,17
1881,2
1881,3
1881,4
1881,9
1881,13
1882,1
1882,16
1882,17
1883,5
1883,8
1883,15
1884,2
1884,5
1884,8
1885,5
1885,8
1885,15
1887,2
1887,5
1887,19
1888,5
1888,8
1888,15
1889,8
1889,14
1889,17
1891,11
1891,17
1892,17
1893,8
1894,2
1894,5
1894,15
1895,5
1895,8
1895,15
1897,8
1897,15
1900,5
1900,8
1902,8
1902,15
1904,5
1904,8
1906,5
1906,15
1907,2
1907,3
1907,4
1907,5
1907,8
1907,13
1907,15
1909,1
1909,6
1909,14
1909,16
1909,17
1910,5
1910,6
1910,8
1911,5
1912,5
1912,6
1912,8
1912,15
1912,17
1913,8
1913,14
1914,5
1914,8
1916,8
1916,15
1917,1
1917,15
1917,16
1917,17
1918,1
1918,5
1918,6
1918,17
1919,4
1919,5
1920,3
1920,4
1920,9
1920,18
1921,8
1921,16
1921,17
1922,8
1923,5
1923,15
1924,11
1924,16
1926,13
1927,1
1927,8
1927,18
1928,8
1928,19
1929,8
1929,15
1931,2
1931,8
1932,8
1932,13
1933,8
1934,5
1934,15
1936,8
1936,18
1937,5
1937,8
1937,13
1938,8
1939,8
1939,18
1940,8
1941,8
1942,8
1944,8
1944,15
1944,18
1945,6
1945,8
1946,8
1946,15
1947,8
1947,13
1947,15
1948,2
1948,5
1948,15
1949,8
1950,8
1950,14
1951,8
1951,13
1952,8
1953,1
1953,6
1953,17
1954,8
1955,8
1956,8
1957,8
1958,5
1958,8
1959,8
1959,15
1960,8
1961,8
1962,8
1963,5
1963,6
1964,8
1964,14
1965,5
1965,16
1966,5
1967,2
1967,9
1967,13
1968,5
1968,8
1969,11
1970,11
1970,17
1971,11
1971,17
1972,11
1973,11
1974,11
1974,14
1974,17
1975,11
1976,11
1977,11
1978,11
1979,11
1980,11
1981,11
1982,11
1983,11
1984,11
1985,11
1986,11
1987,11
1990,11
1991,11
1991,17
1992,11
1992,17
1993,5
1993,11
1993,17
1994,11
1994,17
1995,11
1995,17
1996,11
1996,17
1997,11
1997,14
1998,11
1999,11
2000,1
2000,5
2000,6
2000,8
2001,1
2001,5
2001,6
2001,8
2002,1
2002,5
2002,6
2002,8
2003,5
2003,11
2004,5
2004,11
2005,1
2005,2
2005,4
2005,5
2005,9
2006,1
2006,5
2006,15
2007,5
2008,6
2008,8
2008,10
2009,8
2009,14
2009,16
2009,17
2010,8
2010,16
2011,2
2011,5
2011,16
2012,2
2012,5
2012,16
2012,19
2013,1
2013,2
2013,8
2014,4
2014,5
2014,9
2015,4
2015,5
2015,9
2016,4
2016,5
2016,19
2017,4
2017,9
2017,13
2018,3
2018,4
2018,8
2019,1
2019,2
2019,8
2020,8
2020,15
2021,2
2021,16
2022,8
2023,6
2023,8
2023,14
2023,17
2024,8
2024,14
2025,8
2025,15
2026,11
2026,17
2027,5
2027,6
2028,1
2028,8
2028,18
2032,4
2032,5
2033,2
2033,3
2033,4
2033,9
2034,4
2034,16
2035,4
2035,5
2036,4
2036,5
2037,2
2037,4
2037,5
2038,4
2038,5
2038,16
2040,4
2040,5
2041,1
2041,2
2041,4
2041,5
2042,4
2042,5
2043,2
2043,4
2043,9
2044,5
2044,9
2046,2
2046,4
2046,16
2048,1
2048,3
2048,4
2048,6
2050,2
2050,4
2050,5
2051,2
2051,4
2051,5
2052,4
2052,5
2052,9
2052,11
2053,4
2053,5
2053,16
2054,2
2054,4
2054,5
2054,9
2054,16
2055,1
2055,5
2055,19
2056,2
2056,4
2057,2
2057,4
2058,1
2058,6
2058,8
2058,14
2058,17
2059,4
2059,5
2059,15
2060,5
2064,7
2065,5
2065,8
2065,9
2065,15
2066,10
2067,8
2067,15
2067,18
2068,8
2068,9
2068,14
2069,8
2070,8
2070,15
2070,19
2071,8
2072,5
2073,5
2074,6
2074,8
2074,15
2075,8
2075,18
2076,8
2076,14
2076,17
2077,2
2077,4
2078,3
2078,4
2078,5
2078,13
2080,3
2080,4
2080,5
2080,15
2081,3
2081,4
2081,5
2081,13
2081,15
2082,4
2082,5
2083,4
2083,5
2083,13
2084,4
2084,13
2085,2
2085,3
2085,4
2087,3
2087,4
2087,9
2087,13
2088,2
2088,5
2088,13
2089,2
2089,3
2089,4
2090,2
2090,3
2090,4
2090,6
2090,8
2091,4
2091,16
2092,2
2092,3
2092,4
2092,9
2092,13
2092,15
2093,2
2093,4
2093,9
2094,1
2094,2
2094,16
2095,4
2095,5
2096,3
2096,4
2096,13
2097,4
2097,8
2097,9
2097,14
2097,17
2098,4
2098,5
2099,2
2099,3
2099,4
2099,13
2100,5
2100,9
2100,15
2102,3
2102,4
2102,5
2102,13
2103,2
2103,4
2103,9
2103,19
2104,8
2105,1
2105,2
2105,16
2106,8
2106,18
2107,11
2107,17
2108,5
2108,15
2109,5
2110,5
2110,6
2110,17
2111,5
2112,6
2112,8
2114,8
2115,1
2115,2
2115,9
2116,2
2116,3
2116,4
2116,9
2117,8
2117,16
2118,17
2119,11
2120,8
2120,11
2121,11
2121,17
2122,11
2122,17
2123,3
2123,4
2123,5
2123,8
2123,9
2124,4
2124,5
2124,9
2125,5
2125,8
2125,15
2126,1
2126,6
2126,14
2126,17
2130,6
2130,8
2130,15
2131,8
2132,8
2133,2
2133,5
2134,5
2134,9
2134,16
2135,2
2135,4
2135,13
2136,5
2136,16
2137,3
2137,4
2138,2
2138,3
2138,4
2138,8
2138,9
2139,2
2139,3
2139,4
2139,8
2140,2
2140,9
2141,2
2141,3
2141,4
2141,5
2142,2
2142,3
2142,4
2142,13
2142,19
2143,2
2143,9
2143,15
2144,5
2144,15
2145,5
2145,8
2145,15
2146,8
2146,15
2147,2
2147,8
2147,9
2148,5
2148,9
2148,11
2149,5
2149,9
2149,11
2150,2
2150,5
2151,5
2152,4
2152,5
2153,1
2153,2
2154,8
2154,15
2155,5
2155,8
2156,5
2156,8
2156,15
2159,6
2159,11
2159,17
2160,8
2160,11
2160,17
2161,2
2161,4
2161,9
2162,2
2162,4
2162,9
2163,5
2163,11
2164,1
2164,5
2164,8
2164,11
2165,5
2165,8
2166,6
2166,8
2166,15
2166,17
2167,1
2167,11
2167,17
2169,5
2170,1
2170,5
2171,5
2171,8
2171,15
2172,5
2172,8
2174,5
2174,9
2175,8
2175,15
2176,6
2176,8
2176,17
2177,5
2177,17
2178,17
2179,17
2180,17
2181,8
2181,14
2181,15
2181,17
2182,8
2182,10
2182,17
2183,2
2183,8
2183,14
2183,17
2184,5
2184,14
2185,17
2186,6
2186,8
2186,10
2186,17
2187,14
2187,15
2187,17
2188,8
2190,8
2193,1
2193,2
2193,9
2194,1
2194,6
2194,8
2195,5
2196,1
2201,8
2202,8
2202,18
2203,6
2203,8
2203,17
2204,14
2204,17
2205,5
2205,15
2206,10
2206,14
2206,17
2207,8
2208,8
2208,14
2208,17
2210,17
2211,17
2212,8
2212,17
2226,8
2227,6
2227,8
2227,17
2231,8
2232,11
2232,14
2232,16
2232,17
2236,8
2239,5
2239,8
2240,8
2241,5
2243,5
2243,8
2243,15
2244,5
2244,15
2245,5
2245,8
2245,15
2247,5
2248,5
2248,8
2248,15
2249,5
2252,5
2252,8
2253,5
2253,9
2255,5
2256,11
2256,16
2257,5
2257,15
2259,5
2259,15
2260,6
2260,8
2261,5
2262,5
2262,8
2262,15
2263,8
2263,9
2263,17
2264,5
2264,6
2265,2
2265,5
2266,5
2266,15
2267,14
2267,17
2268,6
2268,8
2268,17
2269,8
2269,15
2271,8
2272,8
2273,1
2273,5
2273,6
2273,17
2275,1
2275,2
2275,16
2278,1
2278,6
2278,17
2279,11
2279,17
2280,6
2281,1
2281,6
2281,8
2282,5
2282,8
2283,8
2286,5
2287,11
2287,16
2287,17
2288,1
2288,11
2288,16
2288,17
2289,5
2289,6
2289,8
2290,5
2290,8
2291,8
2291,9
2291,15
2292,5
2292,15
2294,2
2294,3
2294,4
2294,5
2294,9
2295,5
2296,5
2297,2
2297,8
2297,9
2297,15
2298,17
2300,5
2301,5
2301,13
2302,5
2303,8
2303,13
2304,8
2306,5
2307,1
2307,6
2310,8
2311,16
2312,8
2313,8
2314,8
2315,5
2315,11
2315,17
2316,8
2316,9
2316,14
2316,15
2318,5
2318,8
2320,8
2320,17
2321,5
2321,8
2321,9
2322,1
2322,16
2322,18
2323,7
2324,5
2324,8
2324,15
2324,18
2325,5
2327,9
2327,11
2327,17
2328,11
2328,19
2329,6
2329,8
2330,5
2330,7
2331,5
2331,8
2331,15
2332,6
2332,8
2333,8
2334,1
2334,17
2335,5
2336,8
2337,8
2338,11
2338,14
2338,17
2339,5
2339,15
2340,15
2342,5
2342,8
2344,1
2344,2
2344,8
2344,17
2346,14
2346,16
2346,17
2347,8
2348,8
2349,5
2349,17
2350,5
2351,8
2352,5
2352,8
2353,1
2353,17
2354,3
2354,4
2354,5
2355,2
2355,3
2355,4
2355,5
2356,5
2357,8
2358,8
2358,18
2359,5
2360,8
2361,5
2362,8
2363,8
2363,11
2363,16
2364,1
2364,11
2364,16
2364,17
2365,1
2365,16
2366,1
2366,2
2366,9
2366,11
2367,2
2367,9
2367,15
2367,16
2367,17
2368,2
2368,16
2369,5
2369,8
2369,15
2370,1
2370,2
2370,8
2371,5
2371,6
2371,14
2372,5
2373,1
2373,2
2373,9
2374,5
2374,8
2375,5
2376,1
2376,2
2376,17
2377,11
2377,16
2378,5
2378,6
2379,5
2379,6
2380,5
2380,6
2381,5
2381,6
2382,5
2382,6
2383,5
2383,6
2384,2
2384,4
2384,8
2385,5
2385,15
2387,5
2387,6
2388,8
2388,15
2389,6
2389,11
2389,17
2390,5
2391,6
2391,8
2391,17
2392,4
2392,5
2392,8
2393,1
2393,8
2393,15
2393,16
2394,3
2394,13
2395,5
2395,8
2396,5
2396,8
2396,15
2398,5
2398,8
2399,2
2399,4
2399,9
2400,4
2400,8
2400,9
2401,19
2402,1
2402,2
2402,17
2403,1
2403,2
2403,8
2403,17
2404,1
2404,2
2404,17
2404,18
2405,1
2405,2
2405,5
2405,15
2406,1
2406,2
2406,5
2406,15
2407,5
2407,16
2408,5
2408,16
2409,1
2409,8
2410,1
2410,8
2411,1
2411,8
2412,1
2412,8
2413,5
2413,6
2413,14
2413,17
2414,1
2414,2
2414,4
2414,9
2414,14
2414,17
2415,8
2415,15
2416,5
2417,5
2417,8
2418,5
2419,8
2419,17
2420,8
2421,1
2421,2
2421,8
2422,1
2422,2
2422,4
2422,8
2423,5
2424,5
2424,15
2425,6
2427,1
2427,8
2427,18
2428,11
2428,16
2429,1
2429,2
2429,8
2429,9
2429,17
2430,2
2430,4
2430,8
2431,5
2431,8
2432,8
2433,8
2435,8
2436,5
2436,8
2436,18
2439,8
2442,8
2443,8
2443,15
2445,8
2446,11
2446,17
2447,5
2447,8
2448,11
2448,16
2450,2
2450,5
2450,16
2451,11
2453,8
2453,9
2454,11
2454,14
2454,16
2455,8
2455,11
2455,16
2455,17
2456,11
2456,16
2457,1
2457,5
2458,5
2458,6
2459,11
2460,11
2462,11
2463,5
2465,11
2467,6
2467,8
2467,14
2467,17
2468,1
2468,5
2468,15
2468,17
2469,5
2469,8
2470,2
2470,5
2471,1
2471,2
2471,5
2472,5
2473,5
2474,8
2475,1
2475,14
2475,17
2476,1
2476,18
2477,2
2478,5
2478,19
2481,8
2481,15
2482,5
2482,15
2483,2
2483,5
2483,17
2485,5
2485,15
2488,8
2488,11
2488,17
2490,1
2490,17
2491,5
2491,15
2492,5
2492,15
2493,8
2494,7
2495,3
2495,16
2496,5
2496,15
2497,15
2498,5
2498,16
2500,5
2501,8
2502,5
2502,6
2503,8
2504,5
2504,8
2505,8
2505,14
2505,17
2506,5
2506,8
2506,15
2511,6
2511,10
2512,8
2513,11
2514,5
2514,11
2515,11
2516,11
2517,11
2518,5
2520,8
2521,1
2521,8
2521,17
2522,8
2523,8
2523,17
2524,1
2524,2
2524,8
2524,17
2525,1
2525,11
2525,16
2526,16
2527,1
2527,16
2527,17
2527,19
2528,1
2528,2
2528,16
2529,1
2529,8
2529,16
2530,1
2530,16
2531,1
2531,16
2532,1
2532,16
2533,1
2533,16
2534,1
2535,1
2535,8
2535,17
2537,2
2538,7
2539,5
2540,1
2540,6
2540,8
2540,17
2541,8
2542,5
2542,6
2542,17
2544,8
2544,15
2546,8
2548,11
2549,1
2549,16
2550,11
2550,17
2551,8
2551,11
2551,17
2552,5
2553,11
2553,16
2553,17
2554,11
2554,16
2554,17
2555,5
2557,8
2557,17
2558,5
2558,15
2559,3
2559,4
2560,11
2560,17
2561,6
2561,17
2563,8
2565,8
2565,13
2565,15
2566,3
2566,4
2567,5
2568,1
2568,6
2570,8
2570,15
2571,1
2571,16
2571,17
2572,5
2572,15
2573,8
2573,13
2574,5
2575,8
2577,5
2577,8
2579,6
2579,14
2579,17
2580,5
2580,6
2581,5
2581,15
2582,1
2582,5
2583,5
2583,8
2585,8
2585,15
2586,5
2586,6
2586,17
2587,5
2587,6
2587,8
2589,5
2589,8
2589,15
2590,8
2593,5
2594,8
2594,15
2594,16
2594,17
2596,5
2596,8
2597,5
2597,15
2598,5
2599,5
2600,1
2600,16
2600,17
2605,6
2605,17
2606,5
2606,11
2607,8
2607,15
2609,8
2611,8
2612,8
2612,10
2613,5
2613,11
2613,16
2614,1
2614,11
2614,16
2615,2
2615,16
2616,1
2616,6
2617,1
2617,2
2617,5
2617,9
2617,11
2617,17
2618,5
2620,8
2620,15
2622,5
2622,9
2623,5
2624,8
2624,9
2625,1
2625,2
2625,6
2625,16
2625,17
2628,1
2628,2
2628,16
2629,5
2629,15
2630,8
2632,2
2632,8
2632,14
2633,11
2633,15
2634,11
2639,8
2640,1
2640,2
2640,16
2641,1
2641,16
2642,1
2642,2
2642,16
2643,1
2643,2
2643,16
2644,11
2648,8
2648,11
2648,16
2651,11
2652,11
2654,8
2654,9
2654,11
2655,11
2656,11
2656,16
2657,5
2657,11
2657,13
2657,16
2659,5
2659,7
2660,11
2660,16
2661,16
2662,1
2662,8
2662,16
2664,11
2664,16
2664,17
2665,16
2668,11
2668,16
2669,18
2670,18
2671,5
2671,15
2672,8
2672,16
2672,17
2674,8
2674,9
2676,8
2676,17
2677,7
2677,13
2681,5
2681,15
2681,16
2682,8
2683,1
2683,2
2683,5
2686,8
2686,14
2687,2
2687,3
2687,4
2687,8
2688,6
2688,8
2688,14
2688,17
2690,5
2690,15
2691,8
2692,1
2692,6
2693,7
2694,5
2695,8
2696,5
2697,5
2697,8
2697,15
2698,16
2699,5
2699,11
2700,3
2700,5
2700,13
2701,1
2701,5
2701,16
2701,19
2702,8
2706,5
2706,15
2707,17
2708,15
2709,4
2709,5
2710,8
2710,11
2710,17
2712,8
2712,14
2712,17
2713,11
2713,17
2716,1
2716,5
2716,16
2717,5
2717,9
2717,16
2718,5
2719,11
2719,17
2720,1
2720,2
2720,4
2720,5
2722,1
2722,11
2722,16
2722,17
2723,1
2723,5
2723,9
2724,5
2724,15
2725,8
2726,6
2726,10
2727,6
2727,10
2728,1
2728,8
2728,15
2728,18
2729,8
2729,15
2730,8
2730,15
2730,18
2731,6
2731,8
2732,8
2732,15
2733,2
2733,5
2733,15
2734,2
2734,8
2734,17
2735,1
2735,2
2735,5
2735,9
2735,14
2736,5
2737,1
2737,8
2737,17
2738,5
2738,8
2739,8
2740,11
2740,16
2741,1
2741,6
2741,17
2742,5
2742,8
2743,8
2744,8
2745,8
2746,5
2746,11
2746,13
2747,5
2747,11
2748,1
2748,2
2748,5
2749,8
2749,14
2750,5
2750,8
2751,5
2751,8
2752,5
2752,14
2754,11
2757,8
2759,5
2761,2
2761,3
2761,4
2761,8
2761,16
2762,8
2762,11
2762,14
2763,1
2763,14
2764,6
2764,8
2764,15
2764,17
2765,5
2765,8
2766,5
2766,8
2769,6
2769,8
2770,5
2771,8
2772,5
2774,5
2774,15
2775,8
2779,5
2782,11
2784,11
2786,5
2787,11
2788,5
2789,11
2790,11
2790,17
2791,5
2792,5
2793,5
2793,11
2793,15
2793,17
2794,2
2794,5
2794,15
2795,5
2796,5
2797,5
2797,8
2797,9
2797,15
2798,4
2798,5
2799,5
2800,2
2800,3
2800,4
2800,8
2800,9
2801,8
2801,15
2802,1
2802,8
2802,15
2802,17
2803,6
2803,8
2803,14
2803,15
2803,17
2804,4
2804,5
2805,5
2805,15
2806,5
2806,17
2807,1
2807,16
2808,1
2808,16
2810,3
2810,11
2810,14
2810,17
2812,1
2812,17
2813,7
2815,1
2815,18
2816,1
2816,18
2817,1
2818,1
2818,18
2819,8
2819,14
2819,15
2819,17
2820,8
2822,2
2822,15
2824,7
2824,8
2826,1
2826,2
2826,9
2827,11
2827,16
2827,17
2828,4
2828,5
2829,5
2835,1
2835,2
2835,5
2835,17
2836,5
2837,5
2837,15
2839,8
2840,8
2840,17
2841,11
2841,14
2841,17
2843,5
2843,15
2844,8
2844,14
2846,2
2846,4
2846,5
2846,8
2847,2
2847,8
2847,15
2848,8
2851,2
2851,16
2851,17
2852,8
2856,17
2857,2
2857,3
2857,5
2857,9
2857,13
2858,8
2858,15
2859,7
2859,13
2860,5
2861,5
2861,8
2862,8
2863,2
2863,5
2863,13
2865,5
2866,8
2867,5
2867,11
2867,17
2868,11
2870,5
2871,2
2871,8
2871,17
2872,2
2872,9
2874,5
2874,13
2874,15
2875,8
2875,14
2875,15
2876,3
2876,4
2876,9
2877,13
2878,11
2879,1
2879,2
2879,5
2880,1
2880,2
2880,5
2881,1
2881,6
2881,8
2881,17
2882,8
2883,5
2883,8
2884,5
2884,15
2885,8
2885,15
2886,4
2886,5
2887,1
2887,5
2888,5
2888,15
2889,5
2889,8
2890,1
2890,2
2890,5
2890,8
2890,18
2891,5
2892,1
2892,8
2893,1
2893,2
2893,8
2894,8
2894,15
2896,19
2897,5
2897,18
2898,11
2898,14
2899,2
2899,3
2899,4
2900,11
2900,16
2901,11
2901,16
2902,11
2902,14
2902,17
2903,11
2903,17
2905,1
2905,2
2905,8
2906,8
2906,15
2907,5
2908,8
2912,6
2912,8
2912,17
2915,5
2916,1
2916,2
2916,16
2916,17
2917,6
2917,17
2918,5
2919,8
2919,15
2919,18
2921,19
2922,6
2922,8
2922,19
2924,1
2924,5
2925,8
2926,5
2926,8
2927,8
2927,15
2928,8
2929,8
2929,15
2930,7
2931,5
2931,6
2931,8
2931,9
2932,8
2935,5
2935,15
2936,2
2936,5
2936,15
2937,5
2939,8
2939,17
2940,8
2940,10
2940,14
2940,15
2941,13
2941,15
2941,18
2942,8
2942,15
2943,8
2943,15
2944,1
2944,8
2944,18
2946,5
2946,13
2947,1
2947,2
2947,17
2948,1
2948,2
2948,17
2949,1
2949,2
2949,17
2950,2
2950,8
2950,15
2951,1
2951,19
2952,6
2952,8
2952,17
2953,4
2953,5
2956,1
2956,6
2956,17
2959,1
2959,6
2959,8
2959,17
2961,5
2961,8
2962,5
2962,15
2964,8
2965,1
2966,2
2966,8
2967,8
2967,17
2968,2
2968,5
2968,9
2968,16
2969,8
2969,15
2970,2
2970,8
2971,8
2971,9
2971,13
2972,8
2972,18
2973,5
2973,6
2973,8
2974,11
2974,17
2975,5
2975,8
2976,8
2977,5
2977,8
2978,5
2978,15
2979,8
2982,11
2982,17
2983,17
2984,7
2985,1
2985,6
2985,8
2985,16
2985,17
2986,1
2986,6
2986,16
2986,17
2987,2
2987,3
2987,4
2987,5
2987,6
2987,9
2987,14
2988,8
2989,1
2989,2
2989,17
2990,1
2990,2
2990,17
2991,1
2991,2
2991,17
2992,11
2992,17
2993,1
2993,2
2993,17
2995,11
2995,17
2996,8
2997,5
2997,8
2997,9
3000,1
3000,2
3000,3
3000,8
3000,9
3002,7
3003,5
3003,8
3003,15
3003,18
3004,5
3004,15
3005,17
3006,8
3006,17
3007,7
3008,8
3008,16
3010,8
3011,8
3013,5
3013,11
3014,5
3015,17
3016,11
3017,11
3018,5
3018,11
3018,16
3019,6
3019,8
3020,1
3020,8
3021,11
3022,5
3022,18
3024,11
3024,16
3028,5
3029,1
3029,8
3030,1
3030,2
3031,5
3032,1
3032,8
3032,16
3032,17
3033,5
3033,16
3034,2
3034,3
3034,4
3034,5
3034,13
3035,5
3035,8
3035,18
3036,2
3036,8
3037,19
3038,8
3039,5
3040,5
3041,5
3042,5
3043,5
3044,14
3044,15
3044,17
3045,5
3045,8
3046,5
3046,15
3048,5
3051,5
3051,8
3052,2
3052,5
3052,9
3053,8
3053,18
3054,2
3054,3
3054,4
3054,9
3054,16
3055,17
3056,6
3056,8
3056,17
3057,5
3060,5
3060,8
3060,13
3061,5
3061,13
3062,1
3062,8
3062,18
3063,8
3063,17
3064,8
3064,17
3066,1
3066,8
3066,18
3067,5
3067,8
3068,8
3068,14
3070,2
3070,5
3070,16
3071,5
3071,8
3072,5
3072,15
3073,8
3073,15
3074,19
3075,8
3075,11
3076,5
3077,7
3078,8
3079,5
3079,8
3079,15
3081,9
3081,11
3081,14
3081,15
3082,1
3082,2
3082,17
3083,8
3086,4
3086,5
3086,9
3086,13
3087,5
3087,9
3087,15
3088,5
3088,9
3089,8
3090,8
3091,8
3091,18
3093,8
3093,19
3094,8
3094,15
3095,8
3096,5
3097,5
3097,8
3097,15
3098,8
3099,5
3099,8
3099,15
3100,8
3101,8
3101,17
3102,6
3102,15
3102,17
3103,8
3103,15
3104,1
3104,5
3104,6
3104,17
3105,8
3105,14
3106,8
3106,15
3107,1
3107,8
3108,5
3108,8
3108,9
3108,15
3109,8
3111,8
3112,8
3113,1
3113,9
3113,11
3113,14
3113,17
3114,2
3114,3
3114,4
3114,5
3114,9
3115,8
3117,8
3117,15
3117,18
3120,5
3125,8
3127,5
3127,8
3129,5
3129,8
3130,5
3130,6
3130,8
3132,5
3132,8
3134,8
3134,18
3135,8
3138,8
3141,8
3142,7
3142,13
3143,8
3143,18
3145,8
3146,5
3147,6
3147,8
3148,8
3150,8
3150,17
3152,8
3153,1
3153,2
3153,9
3155,8
3155,15
3156,8
3156,15
3156,16
3157,4
3157,5
3157,9
3158,8
3159,3
3159,4
3159,13
3159,12
3160,8
3161,8
3161,15
3162,5
3162,8
3163,5
3163,8
3163,13
3165,1
3165,8
3167,5
3167,8
3168,2
3168,8
3169,6
3169,8
3169,17
3171,8
3173,8
3174,5
3174,8
3175,2
3175,5
3175,16
3176,8
3176,14
3176,17
3177,5
3178,8
3179,8
3181,8
3182,7
3183,8
3185,8
3186,8
3189,4
3189,8
3190,2
3190,16
3190,17
3192,8
3194,8
3194,15
3196,8
3196,18
3197,1
3197,6
3197,15
3197,17
3198,6
3198,8
3200,5
3200,8
3201,8
3203,17
3204,1
3204,14
3204,17
3206,15
3208,1
3208,5
3210,5
3210,8
3210,15
3211,8
3213,3
3213,4
3214,8
3217,8
3219,14
3219,17
3221,8
3223,8
3224,8
3225,5
3225,15
3230,17
3235,5
3238,17
3240,5
3241,5
3243,5
3244,5
3244,15
3246,8
3247,5
3247,6
3248,5
3249,8
3249,17
3250,8
3251,8
3251,14
3252,8
3253,5
3254,5
3255,5
3255,8
3256,1
3256,6
3256,8
3256,17
3257,8
3257,15
3257,17
3258,5
3258,9
3259,2
3259,8
3259,15
3260,8
3261,5
3261,8
3261,15
3262,6
3262,8
3262,14
3262,17
3263,5
3263,8
3264,1
3264,5
3264,11
3265,1
3265,6
3265,8
3265,17
3266,5
3266,6
3266,8
3266,17
3267,1
3267,6
3267,17
3267,19
3268,1
3268,5
3269,8
3269,15
3269,16
3270,5
3270,8
3270,15
3271,8
3272,6
3272,8
3273,5
3273,11
3273,14
3273,17
3274,8
3274,17
3275,1
3275,6
3275,8
3275,17
3276,5
3280,11
3281,7
3283,1
3284,5
3284,14
3284,15
3285,2
3285,8
3286,5
3287,3
3287,4
3289,8
3294,11
3295,8
3296,8
3298,6
3298,8
3298,17
3299,5
3299,8
3300,11
3300,16
3300,17
3301,5
3301,6
3302,5
3303,7
3306,5
3307,5
3307,8
3307,15
3308,5
3308,8
3310,5
3310,8
3313,5
3315,13
3316,1
3316,17
3317,5
3317,8
3323,5
3323,6
3324,5
3325,5
3325,8
3326,5
3326,16
3327,7
3328,6
3328,8
3329,8
3329,15
3330,8
3330,15
3331,8
3334,6
3334,8
3334,10
3334,17
3338,7
3341,5
3342,8
3342,18
3344,11
3345,2
3345,4
3347,2
3347,8
3350,8
3353,5
3353,15
3354,16
3355,9
3355,11
3355,14
3355,17
3357,8
3357,15
3358,5
3358,8
3358,9
3358,15
3359,5
3359,8
3360,8
3360,15
3361,5
3361,8
3361,15
3362,6
3362,8
3363,5
3363,8
3364,6
3364,10
3365,8
3365,19
3368,15
3368,19
3370,8
3370,17
3372,1
3372,18
3374,8
3378,8
3379,8
3384,1
3384,6
3385,5
3386,8
3386,14
3386,17
3387,5
3387,14
3388,4
3388,5
3389,1
3389,2
3390,2
3390,6
3390,8
3390,15
3391,5
3392,5
3393,5
3393,9
3393,15
3394,5
3394,15
3395,5
3396,2
3396,4
3396,5
3396,13
3397,4
3397,5
3398,4
3398,5
3398,13
3400,2
3400,3
3400,4
3400,9
3401,2
3401,16
3402,5
3402,8
3402,15
3403,8
3403,17
3404,1
3404,8
3405,1
3405,8
3406,1
3406,2
3406,8
3406,18
3408,8
3409,8
3409,17
3410,5
3410,8
3412,2
3412,4
3412,8
3414,8
3414,15
3414,18
3415,8
3417,2
3417,5
3418,2
3418,6
3418,8
3420,8
3420,17
3421,5
3422,5
3422,15
3423,8
3424,8
3425,8
3425,13
3426,8
3426,15
3428,8
3429,3
3429,5
3430,1
3430,6
3430,8
3431,1
3431,8
3432,1
3432,8
3433,1
3433,8
3434,1
3434,8
3435,6
3435,8
3435,10
3436,8
3436,15
3438,1
3438,4
3438,5
3438,9
3438,16
3439,1
3439,4
3439,9
3440,1
3440,2
3440,4
3440,5
3440,9
3441,1
3441,8
3441,18
3442,1
3442,6
3442,8
3444,1
3445,14
3445,17
3446,5
3446,8
3447,8
3448,5
3448,8
3448,18
3449,8
3450,5
3451,8
3452,1
3452,6
3452,15
3452,17
3453,8
3453,15
3454,5
3454,15
3455,8
3455,17
3456,8
3459,8
3459,11
3461,2
3461,8
3461,17
3462,5
3462,8
3462,15
3466,5
3466,9
3467,8
3467,19
3468,8
3469,8
3470,2
3470,8
3471,2
3471,8
3471,16
3473,5
3474,16
3474,17
3475,8
3475,15
3476,11
3476,14
3477,5
3477,8
3478,8
3479,2
3479,9
3479,15
3480,8
3480,15
3481,5
3481,8
3481,15
3483,3
3483,4
3484,17
3489,2
3489,5
3489,9
3492,2
3492,5
3492,15
3494,2
3494,8
3494,19
3496,8
3497,5
3498,8
3499,8
3499,11
3499,17
3500,5
3500,8
3501,5
3501,15
3502,8
3503,8
3503,14
3503,16
3504,5
3504,8
3505,8
3505,14
3505,17
3506,5
3506,8
3507,5
3508,1
3508,2
3508,8
3508,17
3508,19
3510,8
3510,17
3511,5
3512,8
3512,15
3513,8
3513,17
3514,8
3515,5
3515,15
3516,5
3516,9
3516,15
3519,1
3519,8
3519,18
3521,5
3521,8
3524,5
3524,15
3525,5
3526,5
3526,8
3527,1
3527,16
3527,17
3528,8
3528,15
3529,6
3529,17
3531,5
3531,8
3531,15
3534,8
3535,6
3535,11
3535,14
3535,17
3536,5
3536,8
3536,15
3537,5
3537,8
3538,5
3539,7
3543,5
3543,8
3544,5
3545,8
3545,13
3546,8
3546,11
3546,17
3548,5
3548,8
3549,5
3549,13
3549,15
3550,11
3551,6
3551,8
3551,17
3552,5
3553,8
3553,17
3554,8
3554,15
3555,1
3555,17
3555,18
3556,8
3556,15
3557,14
3557,17
3559,5
3559,8
3559,15
3563,1
3563,11
3564,4
3564,5
3565,5
3565,8
3566,5
3566,8
3567,5
3567,8
3567,15
3568,5
3568,15
3569,5
3569,8
3571,5
3571,8
3572,11
3572,16
3573,11
3573,16
3574,11
3574,16
3576,1
3576,11
3576,16
3577,8
3577,15
3578,1
3578,2
3578,8
3580,8
3581,5
3584,1
3584,8
3584,15
3584,17
3586,8
3586,15
3587,11
3590,5
3590,8
3591,5
3591,8
3592,3
3592,16
3593,1
3593,16
3594,8
3594,13
3596,5
3597,5
3598,6
3598,8
3598,15
3598,17
3599,5
3599,13
3604,13
3606,5
3606,13
3606,15
3608,2
3608,5
3609,7
3614,5
3614,15
3615,2
3615,3
3615,4
3616,5
3616,15
3617,5
3618,5
3618,6
3619,5
3622,5
3623,1
3623,2
3623,17
3624,1
3624,2
3624,5
3624,19
3625,7
3626,5
3627,11
3627,17
3628,1
3628,8
3628,15
3628,18
3629,2
3629,5
3629,15
3632,5
3632,6
3633,1
3633,2
3633,15
3633,17
3634,17
3635,1
3635,2
3635,17
3637,8
3638,1
3638,2
3638,16
3638,17
3639,1
3639,2
3639,17
3640,5
3640,8
3641,8
3643,1
3643,8
3643,18
3646,5
3648,11
3648,16
3649,8
3652,11
3653,7
3654,1
3654,2
3654,8
3654,18
3655,8
3658,11
3658,16
3660,11
3660,16
3660,17
3661,11
3661,16
3661,17
3662,11
3662,16
3662,17
3663,11
3663,16
3663,17
3664,11
3664,16
3664,17
3667,1
3667,5
3667,6
3668,8
3668,15
3669,5
3671,5
3671,19
3672,2
3672,4
3673,2
3673,4
3674,2
3674,4
3674,5
3674,8
3675,5
3675,13
3675,15
3676,8
3676,11
3677,7
3678,8
3679,7
3679,13
3680,7
3681,1
3681,8
3681,17
3681,19
3682,1
3682,6
3682,8
3682,17
3683,6
3683,8
3683,10
3684,8
3684,15
3685,5
3685,8
3685,15
3686,11
3686,16
3686,17
3687,2
3687,3
3687,9
3687,16
3688,5
3689,5
3690,5
3691,5
3692,5
3692,11
3693,5
3693,11
3694,5
3694,11
3695,5
3695,11
3696,5
3696,11
3696,16
3696,17
3697,1
3697,16
3697,17
3698,1
3698,16
3699,2
3699,8
3699,15
3699,16
3700,8
3700,16
3701,6
3701,8
3701,16
3701,17
3702,1
3702,2
3702,16
3703,1
3703,2
3703,16
3703,17
3704,1
3704,2
3704,16
3705,1
3705,5
3705,15
3706,10
3706,11
3706,14
3706,17
3707,8
3707,15
3708,11
3708,17
3709,11
3710,1
3710,5
3710,6
3710,17
3711,8
3712,5
3713,8
3714,8
3715,5
3715,6
3716,1
3716,5
3716,6
3716,8
3717,1
3717,6
3719,5
3719,15
3720,8
3723,8
3724,8
3724,18
3725,3
3725,13
3726,1
3726,17
3727,11
3727,19
3728,6
3728,8
3728,10
3728,17
3729,1
3729,6
3729,8
3729,17
3730,8
3730,14
3731,8
3731,17
3732,11
3733,8
3735,6
3735,8
3736,8
3737,8
3737,19
3738,8
3739,5
3739,15
3740,1
3740,2
3740,5
3740,9
3741,6
3741,8
3741,17
3742,8
3742,18
3743,5
3743,15
3744,1
3744,6
3744,17
3745,1
3745,2
3745,3
3745,4
3745,16
3746,8
3747,8
3751,3
3751,4
3751,5
3752,2
3752,5
3753,1
3753,8
3753,18
3754,2
3754,3
3754,4
3754,5
3754,9
3755,8
3755,17
3756,8
3758,8
3758,16
3758,17
3760,5
3761,1
3761,6
3761,8
3761,17
3763,1
3763,6
3763,17
3764,1
3764,6
3764,17
3765,6
3765,8
3765,15
3766,1
3766,18
3767,1
3767,18
3768,1
3768,18
3769,1
3770,11
3770,16
3770,17
3771,1
3771,2
3771,9
3773,5
3774,5
3774,8
3774,15
3783,6
3783,8
3784,5
3784,9
3785,5
3785,11
3786,5
3787,5
3788,8
3788,14
3789,8
3790,8
3791,8
3792,8
3792,15
3792,19
3793,1
3793,2
3793,16
3794,5
3794,8
3795,8
3797,17
3798,8
3798,11
3798,14
3799,3
3799,4
3801,8
3801,14
3802,1
3802,16
3806,19
3807,2
3807,9
3808,8
3808,18
3809,5
3810,8
3810,17
3811,8
3811,18
3812,5
3813,8
3814,5
3816,8
3819,5
3821,5
3822,8
3822,15
3823,8
3824,8
3824,15
3825,5
3825,8
3825,15
3826,11
3826,16
3826,17
3827,1
3827,2
3827,5
3827,16
3830,5
3830,11
3830,17
3831,5
3832,11
3833,11
3833,16
3834,2
3834,8
3834,15
3835,17
3836,1
3836,5
3836,18
3837,1
3837,9
3837,11
3837,16
3837,17
3838,11
3839,11
3840,11
3841,1
3841,5
3843,11
3844,8
3845,8
3846,5
3847,11
3849,11
3849,14
3849,17
3851,5
3852,5
3855,8
3855,15
3857,17
3858,5
3859,7
3861,5
3862,5
3863,8
3863,11
3863,17
3864,1
3864,2
3864,16
3865,5
3865,7
3868,1
3868,5
3868,6
3868,15
3869,5
3870,8
3871,8
3871,19
3872,8
3873,5
3873,19
3877,1
3877,2
3877,9
3879,1
3879,17
3882,5
3884,5
3888,8
3888,15
3889,1
3889,2
3889,9
3893,5
3893,6
3893,8
3893,15
3893,17
3894,8
3895,6
3895,17
3896,6
3896,17
3897,8
3898,1
3898,5
3899,6
3899,8
3899,17
3900,5
3900,8
3901,5
3901,8
3906,6
3906,17
3908,11
3909,5
3909,15
3910,8
3910,13
3911,5
3912,5
3912,8
3914,8
3915,8
3916,8
3917,11
3918,11
3919,11
3920,8
3920,9
3920,14
3920,15
3922,5
3925,5
3925,8
3926,2
3926,16
3927,2
3927,16
3928,5
3928,11
3929,5
3930,2
3930,11
3930,16
3932,11
3932,16
3933,11
3933,16
3937,16
3937,17
3938,11
3939,11
3940,11
3941,11
3942,11
3943,5
3945,2
3945,3
3945,4
3946,1
3946,8
3946,17
3947,1
3947,6
3947,8
3947,17
3948,5
3949,8
3950,8
3951,8
3952,8
3952,17
3953,5
3953,15
3955,5
3957,1
3957,8
3958,8
3959,1
3959,2
3959,16
3962,5
3962,11
3963,13
3964,3
3964,4
3965,8
3965,10
3966,6
3966,10
3967,8
3968,5
3969,8
3971,5
3971,14
3972,1
3972,5
3973,6
3973,11
3973,14
3973,17
3974,2
3974,4
3977,1
3977,5
3978,8
3978,15
3979,5
3980,8
3981,1
3981,16
3981,17
3983,8
3983,15
3984,1
3984,2
3984,17
3985,8
3985,18
3986,1
3986,16
3986,17
3987,8
3987,15
3988,4
3988,5
3988,9
3989,7
3990,3
3990,4
3990,5
3991,4
3991,5
3992,8
3992,15
3992,18
3993,8
3993,15
3994,8
3994,16
3996,1
3996,8
3996,15
3997,1
3997,2
3997,5
3997,9
3998,8
3999,1
3999,2
4000,2
4000,8
4002,5
4003,5
4005,1
4005,2
4005,17
4006,2
4006,3
4006,4
4006,16
4007,8
4008,8
4008,18
4009,8
4010,5
4011,5
4011,6
4011,17
4012,5
4012,8
4014,8
4014,15
4015,5
4015,16
4016,2
4016,3
4016,4
4016,5
4016,9
4017,8
4018,5
4018,15
4019,8
4020,17
4021,8
4022,8
4023,5
4023,8
4023,15
4024,15
4025,5
4025,6
4027,2
4027,5
4027,6
4029,5
4029,8
4030,11
4031,8
4031,15
4031,19
4032,5
4033,8
4033,17
4033,18
4034,6
4034,8
4034,17
4035,15
4035,19
4036,8
4036,11
4037,6
4037,10
4037,14
4037,17
4039,4
4039,13
4040,5
4041,8
4041,15
4042,1
4042,8
4042,18
4042,19
4043,6
4043,8
4046,8
4047,8
4047,18
4051,11
4051,16
4052,6
4052,8
4052,17
4053,1
4053,5
4054,8
4054,15
4055,8
4056,6
4056,8
4056,14
4056,17
4061,8
4061,15
4062,5
4062,8
4062,15
4063,5
4063,8
4063,15
4064,1
4064,6
4064,17
4065,1
4065,6
4065,8
4066,1
4066,5
4067,8
4067,15
4068,5
4069,5
4069,15
4074,8
4077,8
4077,17
4078,8
4079,5
4079,16
4080,5
4081,5
4082,5
4082,8
4082,15
4083,17
4084,1
4084,5
4084,6
4084,17
4085,1
4085,5
4085,6
4085,8
4086,1
4086,6
4086,14
4086,15
4086,17
4089,5
4090,3
4090,4
4091,5
4091,15
4092,15
4092,16
4093,17
4102,5
4102,7
4103,1
4103,2
4103,8
4103,18
4104,5
4105,9
4105,11
4105,17
4109,8
4109,17
4110,17
4111,8
4111,18
4113,8
4115,5
4116,5
4117,8
4121,1
4121,2
4121,5
4121,16
4123,5
4124,11
4124,17
4125,5
4125,16
4126,8
4127,5
4128,5
4128,11
4128,17
4129,9
4129,15
4130,5
4130,9
4131,5
4131,15
4131,16
4132,5
4132,15
4133,1
4133,2
4133,9
4133,16
4135,2
4135,5
4135,11
4138,5
4138,11
4139,6
4139,8
4141,5
4141,15
4142,1
4142,2
4142,8
4142,17
4143,11
4143,14
4144,8
4144,15
4146,8
4146,14
4146,15
4147,5
4147,8
4147,15
4148,11
4148,17
4149,5
4149,15
4152,8
4153,5
4153,9
4153,15
4154,3
4154,4
4155,8
4155,15
4156,5
4157,5
4157,8
4157,9
4157,15
4158,3
4158,5
4158,9
4159,1
4159,17
4160,8
4160,15
4161,1
4161,5
4164,8
4166,1
4166,8
4167,17
4168,5
4168,15
4171,7
4174,8
4175,5
4175,8
4178,8
4180,1
4180,8
4181,5
4184,5
4184,8
4184,15
4187,8
4189,8
4190,8
4191,5
4191,8
4191,15
4193,13
4194,8
4194,15
4194,18
4195,11
4195,14
4197,5
4198,16
4200,1
4202,8
4203,1
4203,6
4203,8
4204,5
4205,5
4205,8
4205,15
4207,1
4207,2
4207,18
4210,1
4210,6
4210,8
4210,11
4210,17
4211,8
4212,6
4212,14
4214,5
4215,5
4217,7
4218,6
4218,8
4219,5
4220,5
4221,5
4223,8
4223,18
4224,1
4224,17
4225,5
4226,14
4226,17
4228,5
4228,6
4228,15
4229,5
4229,15
4231,5
4231,15
4232,1
4232,2
4232,4
4232,5
4233,5
4234,8
4234,17
4235,8
4235,17
4236,7
4237,7
4238,1
4238,6
4238,14
4238,17
4239,6
4239,8
4240,5
4240,9
4241,3
4241,4
4242,5
4242,6
4242,8
4242,17
4243,6
4243,8
4243,14
4246,5
4246,8
4246,15
4247,2
4247,5
4247,14
4247,15
4248,5
4251,8
4251,17
4252,8
4254,5
4254,8
4255,5
4256,8
4259,8
4259,15
4260,8
4262,1
4262,6
4262,8
4263,8
4265,1
4265,17
4267,5
4268,5
4270,1
4270,2
4270,5
4270,17
4273,8
4275,1
4275,2
4275,9
4275,16
4276,5
4278,7
4280,5
4280,8
4280,15
4282,8
4282,9
4284,5
4285,5
4285,15
4289,5
4289,8
4290,5
4290,8
4290,13
4291,5
4291,6
4292,8
4293,5
4294,4
4294,9
4294,13
4296,8
4296,15
4297,8
4298,6
4298,10
4298,17
4299,1
4299,5
4299,15
4300,8
4304,7
4305,15
4305,17
4306,2
4306,3
4306,4
4306,5
4306,9
4306,15
4307,5
4307,15
4308,8
4308,13
4308,15
4310,1
4310,8
4310,15
4310,18
4312,2
4312,8
4313,8
4316,8
4317,5
4317,15
4321,5
4321,19
4322,8
4323,2
4323,18
4323,19
4325,8
4326,6
4326,8
4326,17
4327,2
4327,19
4329,19
4333,5
4333,6
4334,8
4337,8
4337,15
4337,18
4338,8
4338,18
4339,1
4339,2
4339,8
4339,18
4340,5
4342,8
4342,15
4343,5
4343,16
4344,1
4344,6
4344,8
4345,8
4347,5
4347,8
4349,5
4349,18
4350,5
4350,7
4351,1
4351,6
4351,17
4353,1
4353,18
4354,6
4354,17
4355,1
4355,8
4356,5
4356,13
4356,15
4357,5
4357,8
4357,15
4359,5
4361,5
4361,15
4366,2
4366,3
4366,4
4366,9
4367,1
4367,2
4368,5
4369,1
4369,6
4369,17
4370,2
4370,8
4370,16
4371,6
4371,8
4372,8
4372,15
4373,5
4374,5
4374,15
4378,6
4378,8
4380,8
4380,15
4381,5
4383,6
4383,8
4383,14
4383,17
4384,8
4386,4
4386,5
4387,1
4388,5
4389,8
4390,6
4390,8
4390,17
4392,5
4392,8
4392,9
4392,15
4393,8
4394,5
4394,13
4395,5
4395,6
4396,1
4396,5
4397,1
4397,5
4399,5
4399,8
4402,5
4403,11
4404,8
4404,9
4404,11
4406,6
4406,8
4406,19
4407,8
4407,17
4407,18
4408,8
4409,5
4409,8
4409,14
4409,17
4410,5
4410,6
4410,8
4412,5
4412,11
4412,16
4419,8
4419,15
4420,8
4422,8
4424,8
4426,10
4427,8
4428,5
4428,8
4428,15
4428,19
4429,8
4432,8
4432,10
4433,8
4434,1
4434,5
4434,16
4434,17
4436,14
4436,17
4437,11
4438,1
4438,8
4438,15
4438,17
4439,8
4440,1
4440,17
4441,1
4442,1
4442,5
4442,8
4443,1
4443,16
4443,17
4444,1
4444,6
4445,2
4445,7
4445,12
4446,2
4446,3
4446,9
4446,16
4447,5
4447,15
4448,1
4448,8
4449,8
4450,6
4450,8
4450,17
4451,5
4451,8
4451,15
4452,5
4453,7
4453,12
4454,3
4454,8
4454,16
4454,12
4458,7
4458,12
4459,7
4459,12
4462,5
4462,9
4463,8
4463,18
4464,5
4464,8
4464,15
4465,8
4466,1
4466,6
4466,8
4467,2
4467,5
4467,9
4470,8
4471,5
4471,15
4473,8
4473,18
4474,5
4474,8
4474,13
4475,8
4475,18
4476,5
4477,2
4477,4
4477,5
4478,5
4478,8
4480,11
4480,16
4482,8
4483,5
4484,8
4487,8
4487,15
4488,1
4488,6
4488,8
4489,5
4489,15
4490,5
4492,5
4492,16
4495,5
4495,15
4496,10
4496,14
4496,17
4497,1
4497,5
4497,11
4497,16
4498,1
4498,6
4498,17
4499,5
4500,5
4500,8
4502,4
4502,5
4504,5
4505,8
4505,15
4506,6
4506,14
4506,17
4508,8
4509,5
4511,5
4516,5
4517,11
4517,14
4517,17
4518,5
4518,11
4519,2
4519,3
4519,4
4519,9
4520,5
4521,8
4522,14
4522,15
4522,17
4523,5
4523,8
4523,9
4524,5
4526,5
4526,15
4526,16
4527,5
4527,15
4529,5
4529,8
4531,1
4533,5
4533,11
4533,16
4534,2
4534,8
4534,19
4535,8
4535,15
4535,19
4537,8
4541,11
4544,5
4544,16
4545,5
4545,16
4546,8
4546,17
4552,1
4552,11
4552,16
4552,17
4553,1
4553,16
4553,17
4557,8
4558,5
4562,5
4562,14
4563,5
4564,8
4564,9
4564,15
4565,1
4565,2
4568,1
4571,2
4571,5
4571,16
4572,1
4572,6
4572,8
4573,5
4573,8
4574,1
4574,17
4577,8
4577,18
4578,5
4578,15
4580,1
4580,16
4581,8
4583,1
4583,5
4584,5
4584,8
4584,15
4585,5
4587,5
4587,13
4587,16
4589,8
4589,13
4589,14
4591,2
4591,5
4591,9
4593,5
4594,1
4594,18
4595,8
4597,1
4597,8
4597,14
4599,8
4600,5
4600,8
4602,5
4602,6
4602,15
4603,5
4603,15
4605,5
4605,9
4608,6
4608,8
4610,5
4610,6
4610,14
4610,17
4611,6
4611,8
4612,8
4613,1
4613,5
4613,6
4614,1
4615,8
4616,8
4617,5
4619,5
4621,5
4621,15
4622,5
4623,5
4624,3
4624,5
4624,13
4625,8
4625,16
4625,17
4626,8
4626,15
4626,16
4628,5
4628,8
4629,1
4629,6
4629,17
4630,1
4632,1
4632,17
4634,2
4634,5
4635,1
4635,5
4635,8
4636,1
4638,1
4638,2
4638,16
4638,17
4639,5
4639,15
4640,1
4640,6
4640,17
4641,5
4641,8
4642,5
4642,8
4642,13
4643,1
4643,2
4643,8
4643,16
4644,5
4644,8
4644,15
4645,6
4645,11
4645,17
4646,5
4646,8
4649,5
4653,2
4653,5
4654,1
4654,8
4658,8
4658,11
4658,14
4658,17
4660,5
4661,6
4661,8
4661,17
4662,5
4662,6
4663,5
4666,5
4670,11
4670,17
4671,8
4672,5
4672,15
4673,1
4673,5
4673,6
4673,17
4675,1
4675,5
4676,5
4677,5
4677,6
4678,5
4679,5
4681,5
4681,8
4683,2
4683,4
4683,5
4683,8
4686,2
4686,5
4687,5
4688,2
4688,8
4689,14
4689,17
4690,6
4690,13
4695,6
4695,8
4697,5
4697,11
4699,8
4699,15
4699,17
4700,4
4700,5
4700,15
4701,1
4701,5
4703,8
4704,2
4704,5
4705,5
4708,8
4708,13
4709,5
4709,13
4709,19
4710,8
4710,19
4711,7
4713,8
4713,16
4714,5
4715,11
4717,1
4717,5
4718,5
4719,1
4719,3
4719,5
4719,6
4719,8
4719,15
4719,17
4720,8
4720,11
4720,14
4720,17
4721,1
4721,5
4721,19
4722,5
4723,8
4725,11
4725,17
4727,8
4727,15
4727,18
4728,5
4732,5
4733,5
4734,2
4734,5
4735,11
4735,16
4735,17
4736,5
4736,8
4736,15
4738,15
4738,16
4740,5
4740,15
4741,5
4741,8
4741,15
4743,5
4743,15
4744,11
4745,8
4748,1
4748,4
4748,5
4749,1
4749,4
4749,5
4750,1
4750,4
4754,8
4754,11
4754,14
4754,17
4756,1
4756,2
4756,8
4756,15
4757,5
4757,8
4757,13
4759,5
4759,8
4765,8
4766,6
4766,8
4766,15
4769,7
4770,17
4771,8
4772,8
4773,5
4774,5
4774,6
4775,8
4775,13
4775,15
4776,6
4776,8
4776,17
4777,5
4777,13
4777,16
4780,8
4782,5
4782,15
4783,7
4784,8
4785,8
4785,19
4786,11
4786,17
4787,8
4788,8
4788,15
4789,5
4789,9
4789,11
4789,13
4789,17
4792,11
4794,6
4794,11
4794,14
4795,2
4795,5
4795,15
4795,18
4796,5
4796,15
4798,5
4798,15
4799,1
4799,2
4799,5
4799,6
4800,1
4800,2
4800,8
4800,15
4800,17
4801,8
4802,1
4802,5
4802,15
4802,18
4803,8
4803,17
4804,5
4804,8
4808,14
4808,17
4809,8
4810,8
4811,8
4811,13
4812,2
4812,16
4813,16
4814,17
4815,8
4816,5
4818,1
4818,2
4818,5
4818,8
4821,2
4821,17
4822,4
4822,5
4823,5
4823,15
4825,5
4825,8
4826,1
4826,2
4826,8
4826,18
4827,11
4828,5
4828,15
4830,6
4830,8
4831,5
4831,13
4833,11
4833,14
4833,17
4835,8
4836,8
4836,15
4840,8
4840,15
4844,5
4844,6
4844,15
4845,5
4845,6
4846,1
4846,5
4847,8
4848,6
4848,8
4848,10
4848,14
4848,17
4849,5
4849,8
4850,1
4850,3
4850,16
4852,11
4855,1
4855,6
4855,17
4857,8
4857,13
4860,5
4862,8
4863,5
4863,6
4864,7
4864,12
4865,6
4865,11
4865,14
4865,17
4866,1
4867,5
4867,8
4871,8
4873,3
4873,8
4873,9
4874,8
4874,9
4874,14
4874,16
4876,11
4876,17
4877,5
4877,15
4878,8
4878,14
4878,16
4878,17
4879,1
4879,5
4879,6
4879,8
4880,8
4881,6
4881,8
4883,8
4885,17
4886,2
4886,3
4886,4
4886,5
4886,9
4887,1
4887,16
4887,17
4888,8
4889,6
4889,8
4890,5
4890,9
4890,15
4893,11
4893,17
4896,2
4896,4
4896,9
4898,5
4898,6
4898,14
4898,17
4899,2
4899,5
4899,9
4900,5
4901,1
4901,6
4901,8
4901,17
4902,8
4902,9
4902,11
4902,17
4902,18
4903,8
4909,5
4909,16
4911,2
4911,5
4911,9
4912,8
4912,13
4912,15
4914,6
4914,8
4914,15
4915,1
4915,2
4915,9
4916,8
4916,18
4917,8
4919,6
4919,8
4919,15
4919,17
4920,8
4920,15
4921,8
4921,15
4925,5
4926,5
4926,8
4926,13
4927,9
4927,14
4927,17
4928,8
4929,5
4932,14
4932,17
4936,8
4936,13
4939,1
4939,16
4941,1
4941,2
4941,16
4942,16
4945,6
4946,1
4946,6
4946,17
4947,1
4951,2
4951,8
4951,17
4952,5
4952,16
4953,2
4953,16
4954,5
4954,6
4956,1
4956,2
4956,5
4956,8
4956,15
4956,17
4957,6
4957,17
4958,1
4958,8
4958,18
4959,8
4961,7
4962,2
4962,19
4963,6
4963,17
4964,2
4964,8
4964,15
4965,1
4965,8
4965,17
4966,16
4966,17
4967,8
4967,18
4969,6
4969,14
4970,8
4971,5
4971,8
4973,5
4973,15
4974,5
4975,14
4975,15
4975,16
4975,17
4976,8
4977,8
4978,8
4978,14
4978,17
4979,5
4979,8
4980,2
4980,5
4980,9
4980,16
4981,5
4985,1
4985,2
4985,9
4987,1
4987,2
4987,16
4988,2
4989,5
4990,2
4990,3
4990,4
4990,5
4991,5
4991,8
4991,15
4992,5
4992,15
4993,2
4993,9
4994,5
4994,8
4994,15
4995,8
4995,15
4998,2
4998,6
4998,8
4998,17
5004,5
5007,2
5007,5
5007,17
5008,8
5008,14
5008,17
5009,8
5010,1
5010,8
5010,18
5011,8
5011,15
5012,8
5012,13
5012,15
5013,5
5013,8
5013,14
5014,8
5015,8
5015,15
5016,8
5021,5
5021,6
5021,14
5021,17
5023,8
5025,5
5026,1
5026,14
5026,17
5027,1
5027,5
5027,6
5027,8
5027,17
5028,8
5033,8
5033,17
5034,8
5034,15
5039,1
5039,2
5039,9
5040,1
5040,2
5040,9
5041,3
5041,9
5046,1
5046,8
5046,16
5046,17
5047,1
5047,5
5048,2
5048,4
5048,5
5049,1
5049,5
5049,6
5049,8
5051,5
5051,8
5051,15
5053,5
5054,16
5054,17
5055,1
5055,8
5059,7
5060,5
5060,8
5060,18
5062,14
5062,16
5062,17
5063,19
5064,1
5064,2
5064,8
5064,17
5065,8
5065,9
5065,11
5065,14
5065,17
5066,8
5066,15
5068,8
5069,1
5069,2
5069,3
5069,8
5069,9
5071,8
5071,15
5072,3
5072,16
5073,8
5074,5
5074,8
5075,5
5076,2
5076,4
5076,5
5076,8
5077,5
5077,15
5080,5
5081,8
5081,15
5083,5
5083,8
5088,5
5088,6
5088,8
5092,4
5092,5
5093,1
5093,17
5094,1
5094,16
5095,5
5095,6
5096,5
5099,4
5099,8
5102,5
5102,9
5103,4
5103,5
5103,8
5105,8
5105,11
5105,17
5106,5
5106,13
5106,15
5107,8
5107,18
5108,6
5108,8
5108,17
5109,2
5109,3
5109,4
5110,5
5110,6
5110,14
5111,8
5111,17
5112,8
5113,5
5113,6
5114,8
5116,5
5120,5
5120,14
5120,17
5121,5
5121,8
5127,8
5127,9
5127,14
5127,15
5127,17
5128,9
5128,11
5131,5
5131,8
5134,5
5134,8
5135,5
5135,15
5136,8
5136,11
5137,7
5139,5
5146,3
5146,9
5146,11
5146,16
5147,8
5151,5
5151,15
5152,1
5152,8
5152,18
5155,1
5156,1
5159,3
5159,4
5159,5
5159,13
5165,11
5168,5
5168,13
5168,15
5170,1
5170,5
5170,6
5171,1
5171,2
5171,16
5177,8
5177,15
5178,6
5178,8
5181,1
5181,16
5181,17
5187,5
5189,11
5189,16
5197,8
5198,8
5198,17
5202,8
5205,5
5205,11
5209,1
5209,2
5209,17
5212,1
5213,5
5214,5
5214,9
5218,2
5218,3
5218,4
5218,5
5219,1
5219,11
5219,16
5219,17
5220,1
5220,5
5221,8
5222,5
5222,15
5224,7
5225,8
5225,15
5226,8
5226,15
5231,5
5237,8
5238,8
5239,7
5239,8
5240,1
5240,8
5241,5
5241,15
5244,1
5244,2
5246,1
5246,5
5247,1
5247,5
5248,1
5248,5
5250,5
5254,1
5254,11
5254,17
5255,5
5256,8
5258,8
5264,1
5264,2
5264,16
5264,17
5265,5
5265,6
5265,8
5266,17
5267,8
5268,8
5268,9
5268,15
5269,8
5272,8
5275,8
5278,5
5278,15
5279,5
5279,15
5282,17
5283,5
5284,5
5284,15
5285,5
5285,6
5288,7
5288,18
5291,6
5291,8
5291,14
5292,5
5293,8
5293,17
5294,6
5294,8
5294,17
5296,5
5296,15
5297,8
5297,17
5298,5
5298,15
5299,5
5299,15
5300,1
5300,2
5300,8
5300,17
5300,19
5303,5
5303,15
5304,8
5304,18
5307,5
5308,5
5309,5
5309,15
5311,4
5311,11
5311,14
5311,17
5312,6
5312,17
5313,1
5313,2
5313,9
5313,17
5316,15
5316,17
5319,6
5319,17
5321,5
5322,8
5323,11
5323,16
5323,17
5324,5
5324,15
5325,7
5328,8
5328,15
5329,6
5329,8
5329,17
5333,6
5333,8
5334,5
5334,6
5337,5
5338,8
5339,5
5339,8
5341,8
5345,8
5346,8
5346,15
5347,8
5348,5
5348,8
5349,1
5349,2
5349,16
5349,17
5353,5
5353,8
5356,11
5356,16
5357,2
5358,2
5361,2
5363,5
5364,8
5364,17
5365,8
5365,15
5372,13
5372,19
5373,8
5373,15
5373,18
5375,5
5375,13
5375,19
5377,5
5377,8
5377,15
5378,1
5378,2
5378,16
5378,12
5379,8
5380,5
5380,8
5380,15
5382,5
5384,6
5384,8
5385,7
5387,8
5387,17
5388,1
5388,6
5388,8
5388,14
5388,17
5389,2
5389,3
5389,4
5389,19
5390,8
5391,8
5397,5
5397,16
5398,8
5400,8
5400,17
5401,5
5404,8
5404,15
5409,1
5410,8
5410,16
5414,1
5414,5
5414,6
5415,5
5415,8
5416,5
5416,8
5416,17
5417,8
5417,9
5418,1
5418,14
5418,17
5419,2
5419,4
5419,5
5419,9
5419,14
5420,1
5420,8
5420,18
5421,8
5422,5
5423,1
5423,6
5423,17
5424,6
5424,8
5424,15
5424,17
5425,8
5425,18
5427,5
5428,5
5433,2
5433,8
5433,11
5433,14
5433,17
5434,8
5434,10
5434,17
5435,19
5437,5
5437,16
5437,17
5438,1
5438,5
5440,19
5442,1
5442,5
5442,6
5443,5
5444,2
5444,3
5444,4
5444,16
5445,1
5445,6
5445,14
5445,16
5445,17
5446,2
5446,8
5447,8
5448,2
5448,3
5448,4
5448,5
5449,5
5449,15
5450,5
5450,8
5450,15
5451,5
5451,8
5451,15
5452,4
5452,5
5452,15
5454,5
5454,15
5455,5
5455,8
5456,5
5456,19
5458,4
5458,5
5458,9
5459,1
5459,5
5459,16
5460,1
5460,3
5460,4
5460,5
5461,5
5461,8
5462,2
5462,5
5463,1
5463,2
5463,9
5464,6
5464,8
5465,6
5465,8
5465,17
5466,5
5466,8
5466,15
5468,16
5470,5
5470,15
5471,8
5471,15
5472,4
5472,8
5472,13
5475,8
5475,14
5475,17
5476,11
5476,17
5477,8
5477,15
5478,1
5478,5
5478,11
5478,16
5479,1
5479,2
5479,8
5479,17
5480,4
5480,5
5481,5
5483,7
5485,5
5485,8
5485,15
5486,5
5489,11
5490,1
5490,5
5493,1
5493,2
5493,5
5497,2
5497,5
5497,16
5498,8
5499,2
5499,8
5499,15
5500,5
5501,5
5501,14
5502,11
5502,16
5502,17
5503,5
5503,8
5503,15
5504,2
5504,4
5505,5
5505,8
5506,6
5506,8
5506,14
5506,17
5507,1
5507,6
5507,17
5508,5
5508,8
5508,13
5512,5
5513,5
5513,7
5515,8
5521,1
5521,6
5521,8
5522,1
5522,8
5522,16
5523,1
5523,2
5523,5
5523,16
5524,2
5524,8
5524,15
5525,5
5525,8
5525,15
5527,8
5527,15
5528,8
5528,17
5529,5
5529,15
5530,5
5530,8
5530,9
5530,16
5531,8
5532,5
5532,15
5537,8
5537,13
5538,3
5538,4
5538,9
5539,3
5539,4
5540,1
5540,2
5540,9
5540,15
5541,1
5541,5
5541,15
5541,18
5543,1
5543,11
5543,16
5544,16
5544,17
5548,5
5550,13
5550,19
5553,5
5553,6
5553,15
5553,17
5556,6
5556,11
5556,17
5560,5
5560,13
5562,8
5562,17
5563,6
5563,8
5564,17
5568,5
5569,6
5569,11
5569,17
5570,8
5570,11
5570,17
5572,5
5573,5
5573,6
5574,1
5574,6
5575,6
5575,8
5577,5
5577,8
5580,1
5581,5
5582,2
5582,5
5584,5
5585,5
5588,11
5589,5
5589,8
5590,6
5591,4
5591,5
5596,2
5596,5
5596,16
5597,5
5597,16
5601,4
5601,8
5602,5
5602,6
5603,5
5603,6
5604,5
5604,16
5607,5
5607,8
5608,8
5608,17
5609,1
5609,17
5610,5
5610,8
5611,2
5611,18
5612,1
5612,17
5613,5
5613,6
5613,13
5613,14
5614,8
5614,15
5615,8
5617,5
5617,8
5617,15
5618,2
5618,3
5618,9
5619,7
5620,5
5620,15
5621,1
5621,5
5625,8
5625,15
5628,1
5628,5
5628,6
5628,8
5628,17
5629,3
5629,4
5629,13
5630,6
5630,14
5630,17
5632,8
5633,8
5635,8
5636,5
5636,6
5637,8
5638,1
5638,2
5638,9
5638,16
5640,11
5640,16
5643,7
5644,8
5646,8
5646,15
5649,11
5650,5
5651,3
5651,5
5651,18
5657,1
5657,2
5657,5
5657,6
5657,8
5663,11
5664,15
5665,1
5665,5
5665,6
5666,5
5666,8
5666,15
5666,17
5667,8
5667,9
5668,8
5669,7
5670,5
5670,7
5672,2
5672,3
5672,4
5672,9
5673,5
5673,8
5673,15
5675,5
5675,15
5678,1
5678,5
5678,6
5678,17
5679,11
5679,14
5679,17
5680,6
5680,8
5682,8
5684,7
5685,5
5685,8
5688,8
5689,6
5689,8
5690,3
5690,8
5690,18
5693,5
5693,8
5693,15
5694,5
5694,8
5694,13
5696,8
5699,19
5700,1
5700,2
5700,9
5700,16
5704,11
5704,16
5706,5
5706,8
5707,8
5707,15
5710,5
5712,14
5712,17
5720,1
5720,2
5720,5
5721,8
5723,5
5723,15
5733,17
5735,7
5735,11
5736,7
5736,11
5741,8
5741,15
5742,5
5742,8
5745,5
5745,8
5746,1
5746,11
5746,14
5746,16
5747,8
5747,18
5749,8
5749,11
5752,5
5752,15
5755,11
5755,14
5764,8
5764,11
5764,16
5764,17
5767,5
5767,6
5768,5
5768,9
5771,8
5771,11
5771,17
5772,8
5773,5
5779,11
5779,16
5780,5
5782,1
5782,8
5782,17
5784,11
5785,1
5785,5
5785,7
5786,1
5786,8
5787,14
5787,17
5788,8
5791,8
5791,15
5792,5
5792,8
5796,1
5796,2
5796,5
5797,9
5797,11
5799,8
5799,15
5799,18
5801,5
5801,18
5802,5
5803,1
5803,2
5803,5
5803,6
5804,4
5804,5
5804,9
5804,15
5809,6
5809,17
5810,8
5812,8
5812,15
5816,2
5816,9
5817,8
5817,18
5818,8
5818,15
5820,7
5820,13
5826,15
5826,19
5828,8
5828,17
5829,5
5829,8
5829,15
5833,1
5833,11
5836,5
5836,15
5838,8
5839,2
5839,8
5840,5
5840,8
5841,2
5841,15
5843,1
5843,8
5847,8
5849,5
5853,11
5853,16
5853,17
5856,5
5856,8
5856,15
5863,5
5867,6
5867,8
5867,17
5872,1
5872,2
5872,17
5873,8
5874,5
5875,8
5876,8
5876,17
5876,18
5878,8
5878,15
5879,3
5879,5
5879,13
5880,1
5880,2
5880,6
5880,17
5881,8
5881,15
5881,16
5882,2
5882,3
5882,4
5882,16
5882,12
5883,11
5883,17
5884,5
5884,11
5888,6
5888,8
5889,8
5889,15
5890,5
5890,8
5891,11
5891,17
5893,6
5893,8
5893,17
5896,5
5899,1
5899,8
5899,18
5900,5
5900,6
5901,6
5901,8
5902,5
5902,8
5902,15
5903,1
5903,16
5903,17
5909,5
5909,8
5909,11
5912,5
5912,6
5915,1
5915,8
5915,18
5919,16
5922,1
5925,11
5927,5
5927,8
5927,13
5927,15
5929,5
5929,15
5932,7
5938,5
5938,6
5938,14
5938,17
5941,5
5941,8
5941,13
5941,15
5942,5
5943,5
5943,15
5944,1
5944,8
5944,16
5944,17
5945,5
5945,8
5947,8
5949,17
5951,8
5952,2
5952,9
5953,8
5953,18
5954,6
5954,8
5955,8
5956,6
5956,8
5957,5
5957,15
5959,6
5959,8
5959,17
5961,1
5961,17
5962,8
5962,17
5963,8
5965,1
5965,18
5968,5
5968,6
5968,8
5969,5
5969,8
5969,15
5970,5
5970,8
5970,15
5971,3
5971,4
5971,8
5971,9
5974,2
5974,9
5975,8
5975,15
5975,18
5979,11
5979,16
5980,11
5980,14
5980,17
5984,8
5984,15
5986,8
5988,8
5989,6
5989,8
5990,4
5990,5
5990,9
5991,5
5991,6
5991,8
5991,13
5992,8
5992,15
5993,8
5994,8
5994,15
5995,8
5995,18
5999,1
5999,2
5999,3
5999,9
5999,16
6001,5
6001,8
6002,8
6003,5
6003,6
6003,8
6003,17
6005,5
6005,7
6006,5
6006,15
6009,6
6009,8
6009,17
6012,5
6012,15
6013,1
6013,5
6014,1
6014,5
6016,1
6016,2
6016,6
6016,8
6016,17
6020,5
6020,8
6021,6
6021,8
6021,14
6021,17
6022,8
6023,5
6023,6
6023,8
6023,15
6025,5
6027,8
6027,15
6030,5
6030,13
6031,8
6031,15
6033,5
6035,6
6035,8
6035,15
6036,5
6036,15
6039,5
6039,15
6040,11
6040,17
6041,8
6042,7
6044,11
6044,17
6049,8
6051,1
6051,6
6051,8
6055,8
6057,1
6057,6
6057,8
6058,11
6058,17
6059,1
6059,17
6060,5
6060,15
6062,7
6063,8
6063,11
6064,8
6064,10
6067,5
6067,6
6070,8
6078,1
6078,16
6078,17
6086,6
6086,8
6086,17
6090,5
6093,3
6093,4
6093,9
6095,1
6100,5
6100,15
6101,8
6101,14
6101,17
6104,5
6107,8
6107,18
6111,2
6111,15
6116,2
6116,5
6116,13
6119,5
6122,5
6122,7
6123,7
6124,5
6125,5
6125,7
6125,13
6140,11
6140,14
6140,17
6141,5
6143,5
6143,6
6145,11
6145,17
6148,8
6148,11
6148,17
6153,5
6153,16
6155,5
6155,15
6156,1
6156,2
6156,5
6157,1
6157,6
6158,3
6158,4
6159,8
6159,15
6162,2
6162,8
6163,15
6163,17
6166,5
6169,2
6169,4
6170,2
6170,4
6170,8
6178,8
6178,15
6181,8
6181,18
6182,5
6183,5
6183,13
6183,15
6184,8
6184,16
6185,1
6185,6
6185,8
6185,17
6186,1
6186,8
6186,18
6187,6
6187,8
6187,17
6188,5
6192,15
6193,5
6193,8
6193,17
6195,7
6196,1
6196,6
6196,8
6196,17
6197,8
6197,14
6201,8
6201,15
6202,5
6202,8
6202,15
6203,5
6204,5
6210,1
6210,5
6212,5
6213,1
6213,8
6213,17
6214,6
6214,8
6214,14
6214,17
6215,8
6216,8
6217,8
6218,5
6218,8
6218,15
6219,1
6219,8
6219,17
6220,8
6220,11
6220,17
6222,8
6223,5
6223,6
6223,8
6225,8
6228,5
6228,15
6228,17
6232,2
6232,4
6232,8
6234,8
6234,14
6235,8
6235,18
6237,8
6238,5
6238,8
6238,15
6239,2
6239,4
6239,16
6241,5
6241,8
6241,15
6242,11
6242,14
6242,17
6244,8
6245,5
6245,8
6245,13
6245,15
6246,8
6249,5
6250,8
6250,11
6250,16
6250,17
6251,3
6251,4
6252,5
6252,15
6254,5
6254,15
6263,8
6263,17
6263,18
6264,1
6264,8
6264,16
6264,17
6265,5
6266,5
6266,8
6266,15
6267,8
6267,17
6268,5
6268,8
6268,15
6269,7
6270,8
6270,9
6271,5
6271,8
6271,15
6273,8
6273,10
6273,14
6273,15
6279,6
6279,8
6280,1
6280,6
6280,8
6280,17
6281,8
6281,17
6283,1
6283,3
6283,16
6283,17
6285,8
6286,5
6286,6
6286,8
6287,5
6288,6
6288,8
6289,7
6289,12
6290,11
6291,6
6291,8
6294,1
6294,2
6294,16
6295,5
6296,5
6296,13
6297,2
6297,4
6297,5
6297,14
6298,5
6298,6
6299,7
6300,1
6300,5
6300,6
6301,8
6301,17
6302,16
6303,14
6303,16
6305,8
6305,16
6306,7
6308,5
6308,6
6308,15
6310,5
6310,8
6313,5
6314,5
6314,6
6315,5
6316,2
6316,4
6316,5
6316,9
6316,13
6319,5
6319,8
6320,5
6322,6
6322,17
6323,6
6323,11
6323,14
6323,17
6324,5
6324,8
6327,7
6329,8
6330,6
6330,8
6331,7
6332,4
6332,5
6332,15
6333,1
6333,2
6333,16
6333,17
6334,8
6335,6
6335,8
6335,17
6336,8
6337,6
6337,8
6337,17
6338,4
6338,5
6339,5
6339,8
6341,8
6342,5
6342,8
6342,15
6344,5
6344,8
6344,15
6345,5
6345,8
6345,13
6347,8
6347,13
6348,13
6349,8
6349,13
6350,1
6350,2
6350,3
6350,4
6350,9
6350,16
6357,5
6357,13
6357,15
6358,5
6358,13
6358,15
6365,1
6365,2
6365,16
6365,17
6365,12
6367,5
6367,15
6368,7
6370,5
6370,8
6370,15
6371,3
6371,4
6373,5
6373,8
6373,9
6373,15
6374,5
6375,7
6376,5
6376,8
6377,2
6377,3
6377,4
6377,5
6378,1
6378,6
6379,11
6379,17
6380,7
6382,8
6383,1
6383,6
6383,17
6385,8
6386,19
6387,1
6387,5
6387,6
6387,17
6390,13
6395,1
6395,8
6395,11
6395,16
6395,17
6400,7
6402,5
6405,2
6405,4
6407,5
6407,15
6408,5
6408,7
6410,5
6412,5
6412,19
6415,5
6415,8
6417,1
6422,8
6422,18
6422,19
6424,5
6424,6
6424,14
6424,15
6425,5
6427,4
6427,8
6428,5
6428,18
6428,19
6429,19
6433,7
6434,18
6436,8
6440,8
6440,17
6442,5
6442,15
6448,1
6448,2
6448,8
6449,8
6452,8
6453,7
6454,8
6460,8
6461,8
6461,19
6464,4
6464,5
6465,8
6466,8
6466,15
6476,14
6476,17
6477,8
6480,5
6480,13
6482,5
6483,13
6483,15
6484,1
6484,6
6484,8
6493,5
6493,8
6493,15
6502,1
6502,11
6502,16
6503,1
6503,2
6503,5
6503,6
6503,17
6506,1
6506,17
6509,8
6509,15
6510,8
6510,15
6514,11
6515,6
6515,10
6516,8
6517,8
6523,5
6523,15
6527,2
6527,15
6528,5
6530,8
6530,11
6530,14
6530,17
6533,5
6534,1
6534,2
6534,16
6535,5
6536,2
6536,3
6536,4
6536,9
6537,1
6537,2
6537,16
6538,8
6538,14
6538,17
6539,1
6539,2
6539,5
6539,9
6541,1
6541,9
6541,16
6542,5
6542,8
6542,18
6545,8
6545,15
6547,8
6547,9
6548,1
6548,5
6548,6
6548,17
6549,5
6549,8
6549,15
6550,1
6550,5
6550,17
6551,5
6551,15
6552,6
6552,8
6552,17
6553,8
6554,5
6554,13
6557,2
6557,4
6557,5
6557,8
6558,5
6558,8
6559,4
6559,5
6560,1
6560,5
6561,5
6561,18
6563,5
6563,8
6564,1
6564,2
6564,5
6564,15
6564,17
6565,8
6566,1
6566,2
6566,4
6567,5
6567,6
6567,8
6567,18
6568,5
6568,13
6571,8
6572,5
6572,6
6573,5
6573,8
6574,1
6574,16
6574,17
6577,1
6577,8
6578,5
6579,5
6581,5
6581,8
6581,14
6582,1
6582,5
6582,6
6582,17
6583,1
6583,16
6584,2
6584,5
6584,6
6584,17
6586,5
6587,5
6587,6
6587,15
6588,15
6588,17
6591,8
6592,8
6593,4
6593,5
6593,9
6595,1
6595,17
6596,5
6596,8
6596,15
6597,1
6597,16
6598,7
6603,6
6603,8
6603,10
6604,5
6609,8
6611,8
6612,7
6614,5
6614,6
6615,1
6615,11
6615,17
6616,1
6616,5
6617,19
6618,1
6618,5
6619,5
6620,5
6620,8
6624,1
6624,2
6624,4
6624,9
6625,2
6625,4
6625,5
6628,5
6629,6
6629,11
6629,14
6629,17
6631,11
6631,16
6631,17
6636,5
6636,15
6638,5
6638,15
6639,8
6639,17
6643,8
6644,8
6644,15
6645,1
6645,2
6645,8
6645,16
6650,5
6650,8
6654,2
6654,16
6656,11
6656,16
6658,5
6658,15
6659,5
6659,11
6659,16
6660,8
6660,9
6660,13
6660,15
6662,5
6662,6
6663,5
6663,6
6664,1
6664,2
6665,11
6665,15
6666,5
6666,8
6666,9
6667,7
6668,8
6668,15
6669,8
6670,5
6671,8
6678,8
6678,16
6679,7
6684,8
6684,15
6686,1
6686,5
6686,6
6686,9
6687,5
6687,15
6688,5
6688,8
6689,5
6689,8
6689,15
6691,8
6691,19
6692,7
6695,11
6695,17
6696,5
6696,8
6696,13
6696,15
6699,8
6702,5
6705,5
6705,6
6705,8
6705,17
6706,8
6707,11
6707,17
6708,5
6708,6
6708,8
6709,1
6709,2
6709,6
6709,17
6710,5
6710,8
6710,15
6711,5
6711,8
6711,15
6713,3
6713,8
6713,15
6715,11
6718,5
6720,1
6720,5
6720,6
6721,1
6721,2
6721,8
6722,1
6722,15
6723,1
6724,5
6724,6
6724,8
6731,11
6731,16
6731,17
6732,5
6732,13
6732,15
6734,5
6734,15
6734,16
6734,17
6744,5
6744,11
6746,11
6746,15
6748,11
6750,5
6750,8
6750,15
6751,8
6751,17
6752,8
6753,4
6753,5
6753,8
6754,1
6754,9
6754,11
6755,5
6755,11
6760,2
6760,8
6763,5
6763,6
6764,1
6764,2
6764,5
6765,5
6765,8
6765,15
6768,8
6769,5
6770,8
6770,15
6772,7
6773,3
6773,5
6773,9
6774,9
6774,11
6774,16
6774,17
6775,7
6776,5
6776,8
6776,13
6776,15
6777,8
6780,7
6782,5
6782,13
6783,5
6783,8
6785,5
6785,13
6785,15
6785,19
6786,8
6787,8
6787,17
6788,5
6788,8
6788,15
6789,8
6789,14
6789,15
6790,8
6790,9
6790,16
6791,8
6793,4
6793,5
6793,8
6794,4
6794,5
6796,6
6796,8
6797,6
6797,8
6798,4
6798,5
6798,6
6798,13
6800,1
6800,6
6803,11
6803,14
6803,17
6804,5
6804,6
6807,5
6808,1
6808,2
6808,18
6809,17
6810,8
6810,17
6811,5
6812,1
6812,5
6812,17
6814,1
6814,5
6816,5
6817,2
6817,8
6818,8
6818,18
6820,8
6820,11
6820,17
6821,5
6827,5
6832,8
6835,1
6835,11
6835,16
6836,16
6837,5
6837,8
6837,15
6849,8
6849,9
6849,13
6850,5
6850,8
6851,8
6851,15
6852,6
6852,8
6853,5
6856,8
6856,13
6857,1
6857,2
6857,3
6857,9
6858,8
6860,6
6860,8
6862,6
6862,8
6862,17
6863,5
6863,13
6867,5
6867,8
6868,6
6868,8
6868,14
6868,17
6869,6
6869,7
6870,6
6870,8
6870,14
6872,1
6872,11
6873,5
6873,15
6874,1
6874,6
6874,17
6879,8
6879,17
6880,11
6881,5
6881,8
6882,1
6882,2
6882,16
6883,8
6883,15
6884,6
6884,8
6884,17
6885,6
6885,8
6885,14
6885,15
6885,17
6886,8
6886,15
6886,18
6887,8
6888,5
6888,11
6889,2
6889,3
6889,4
6890,8
6893,1
6893,5
6893,6
6898,8
6899,16
6902,2
6902,5
6902,8
6902,9
6902,14
6902,16
6902,17
6909,17
6911,13
6912,5
6912,13
6912,15
6918,8
6920,6
6920,17
6927,8
6927,15
6927,17
6932,6
6932,8
6934,1
6934,2
6934,16
6934,17
6934,12
6935,7
6936,4
6936,5
6936,9
6938,7
6939,8
6939,15
6942,5
6942,8
6942,15
6944,5
6945,7
6946,1
6946,3
6946,4
6946,9
6947,2
6947,8
6947,18
6948,7
6949,5
6949,14
6949,16
6950,2
6950,17
6950,19
6951,4
6951,5
6952,11
6952,17
6953,6
6953,8
6953,14
6953,15
6953,17
6954,5
6954,6
6954,8
6954,14
6954,15
6957,5
6957,6
6958,4
6958,5
6958,9
6958,11
6959,1
6959,2
6959,16
6961,8
6962,7
6963,7
6965,7
6966,1
6966,6
6966,9
6966,16
6966,17
6967,11
6967,14
6969,8
6969,16
6970,5
6970,15
6971,8
6971,17
6973,8
6973,15
6973,17
6974,5
6974,6
6975,8
6975,11
6975,17
6978,5
6978,8
6979,8
6979,16
6979,17
6981,8
6982,8
6982,18
6983,8
6983,15
6984,8
6985,8
6986,2
6986,8
6986,15
6987,6
6987,9
6987,11
6989,6
6989,8
6989,17
6990,1
6990,2
6990,5
6990,6
6990,8
6992,5
6992,8
6993,5
6993,8
6993,15
6994,1
6994,5
6996,1
6996,16
6997,6
6997,8
6998,8
6999,5
6999,15
7000,1
7000,2
7000,5
7001,11
7001,14
7001,16
7001,17
7004,1
7004,5
7004,6
7004,17
7005,5
7007,1
7007,5
7007,6
7007,8
7007,17
7008,8
7008,15
7009,8
7010,8
7010,15
7012,5
7012,9
7013,8
7013,10
7013,17
7015,5
7015,15
7016,1
7016,8
7017,1
7017,17
7018,6
7018,8
7018,17
7019,5
7019,8
7020,5
7020,8
7020,15
7022,1
7022,8
7022,11
7022,17
7023,5
7023,8
7023,15
7024,8
7025,8
7025,18
7026,5
7027,1
7027,19
7028,5
7028,6
7030,8
7031,1
7031,6
7031,8
7031,17
7032,8
7032,15
7032,17
7033,5
7033,15
7034,8
7034,15
7036,5
7036,9
7037,5
7037,8
7038,8
7038,15
7040,1
7040,6
7040,8
7040,17
7041,5
7041,6
7044,6
7044,8
7044,14
7044,15
7044,17
7045,4
7045,9
7046,5
7046,9
7046,11
7046,17
7047,1
7047,6
7047,8
7048,1
7048,2
7048,5
7048,6
7049,5
7049,13
7049,15
7050,5
7050,13
7050,15
7051,5
7052,8
7053,5
7053,13
7053,15
7054,8
7055,5
7055,13
7055,15
7056,1
7056,6
7056,8
7057,5
7057,9
7057,15
7058,5
7059,4
7059,8
7060,8
7060,13
7061,8
7061,15
7062,8
7063,2
7063,8
7064,8
7064,9
7065,8
7065,18
7067,5
7067,8
7067,9
7067,15
7069,8
7070,1
7070,2
7070,19
7071,8
7072,1
7072,8
7072,15
7072,19
7073,5
7073,6
7073,14
7074,5
7075,2
7075,5
7075,13
7076,1
7076,6
7076,8
7076,17
7078,8
7079,8
7080,8
7080,13
7080,15
7082,5
7082,15
7083,8
7084,5
7084,15
7085,5
7085,15
7086,5
7086,8
7087,2
7087,8
7088,8
7088,15
7089,5
7089,8
7090,1
7090,2
7090,8
7091,5
7092,8
7092,15
7093,5
7096,7
7099,2
7099,3
7099,8
7099,9
7099,16
7101,5
7101,15
7102,5
7102,6
7102,8
7103,5
7104,5
7104,18
7107,5
7107,17
7108,1
7108,6
7108,8
7109,8
7109,15
7114,8
7114,11
7114,17
7115,11
7115,14
7115,17
7116,11
7116,14
7116,17
7117,5
7117,11
7118,3
7118,8
7118,16
7118,18
7121,5
7121,15
7122,5
7122,8
7122,18
7123,8
7123,9
7123,14
7123,16
7124,7
7125,8
7127,1
7127,8
7127,17
7131,8
7132,5
7132,13
7132,15
7134,8
7134,17
7137,5
7137,8
7137,15
7139,8
7139,15
7141,7
7142,8
7142,15
7143,1
7143,2
7143,8
7143,18
7147,8
7147,9
7147,15
7149,5
7149,8
7149,15
7150,5
7151,8
7151,15
7153,1
7153,2
7153,8
7153,9
7154,8
7154,15
7155,5
7156,7
7156,18
7158,8
7160,6
7160,8
7161,4
7161,5
7162,8
7162,15
7162,18
7163,1
7163,16
7163,17
7164,1
7164,2
7164,4
7164,9
7165,8
7165,13
7167,8
7169,5
7169,15
7171,7
7173,5
7173,15
7175,1
7175,6
7176,8
7177,8
7178,8
7179,8
7179,15
7181,8
7184,8
7184,15
7190,8
7191,5
7192,1
7193,1
7193,5
7202,11
7205,2
7206,5
7208,8
7208,11
7209,5
7211,5
7211,15
7212,5
7212,15
7215,2
7215,8
7215,15
7215,17
7215,18
7216,6
7216,8
7216,10
7216,17
7217,6
7217,8
7217,10
7217,15
7217,17
7218,8
7218,19
7219,8
7222,5
7222,8
7223,8
7223,10
7223,14
7225,7
7228,3
7228,5
7228,9
7234,8
7235,1
7235,5
7235,6
7235,8
7235,11
7235,17
7236,16
7238,8
7238,18
7243,8
7245,11
7245,17
7247,2
7247,4
7247,5
7247,9
7247,13
7248,1
7248,2
7248,8
7248,18
7251,8
7254,8
7254,16
7254,17
7255,5
7255,15
7256,2
7256,7
7257,5
7257,6
7257,17
7258,5
7258,6
7259,8
7259,13
7260,5
7260,8
7260,15
7261,5
7262,1
7262,2
7262,4
7262,5
7262,6
7263,8
7264,5
7264,15
7265,8
7266,5
7266,11
7266,16
7282,5
7282,11
7282,17
7285,8
7292,5
7292,18
7293,5
7293,15
7294,5
7297,5
7297,8
7299,8
7301,8
7302,1
7302,2
7302,9
7303,8
7303,18
7304,3
7304,5
7304,9
7304,13
7305,6
7305,8
7305,14
7305,17
7306,5
7306,6
7306,14
7307,1
7307,2
7307,8
7307,18
7308,2
7308,5
7310,1
7311,8
7311,15
7312,5
7312,8
7315,5
7315,8
7316,5
7317,2
7317,5
7318,8
7319,5
7319,11
7320,15
7321,17
7323,5
7323,8
7324,2
7324,8
7325,1
7325,5
7325,6
7325,17
7326,6
7326,8
7327,8
7328,8
7333,6
7333,8
7333,17
7335,10
7336,8
7336,18
7340,5
7344,5
7344,6
7345,1
7345,2
7345,4
7345,5
7346,5
7346,15
7347,14
7347,17
7348,17
7349,8
7352,5
7352,8
7352,15
7354,5
7354,8
7354,15
7357,8
7357,15
7360,1
7360,8
7360,11
7360,17
7361,8
7361,15
7361,16
7362,6
7362,8
7362,17
7364,5
7364,6
7364,8
7366,5
7366,8
7366,15
7367,5
7367,6
7368,6
7368,8
7368,17
7369,1
7369,2
7369,4
7369,5
7369,14
7371,8
7371,14
7371,17
7372,8
7373,1
7373,2
7373,9
7373,11
7375,5
7375,15
7376,1
7377,6
7377,8
7379,8
7379,18
7379,19
7380,5
7380,9
7380,15
7381,1
7381,5
7381,6
7382,8
7382,14
7382,17
7386,2
7386,8
7387,1
7387,8
7387,11
7390,8
7390,13
7394,1
7394,2
7394,5
7395,5
7395,8
7396,8
7411,5
7411,11
7414,5
7414,8
7419,5
7419,17
7438,1
7438,8
7438,17
7439,1
7439,6
7439,17
7440,7
7443,7
7444,5
7444,9
7444,15
7445,1
7445,6
7445,8
7445,14
7445,17
7448,5
7449,8
7449,11
7449,17
7450,5
7450,15
7451,5
7454,1
7454,2
7454,9
7454,11
7455,8
7457,5
7457,15
7458,1
7458,2
7458,8
7458,18
7459,6
7459,8
7460,5
7460,8
7477,11
7477,17
7479,8
7481,2
7481,8
7481,16
7482,1
7482,6
7486,8
7486,15
7487,8
7492,8
7492,11
7493,8
7541,5
7541,15
7560,8
7560,17
7560,18
7561,9
7561,11
7561,17
7562,1
7562,6
7564,11
7566,7
7569,1
7569,2
7569,16
7569,17
7570,1
7570,2
7570,17
7572,8
7573,1
7573,2
7573,17
7579,5
7579,8
7579,15
7581,8
7584,5
7584,15
7587,6
7587,8
7587,17
7614,13
7614,15
7614,19
7615,8
7616,14
7616,17
7618,8
7619,8
7620,5
7620,8
7624,8
7636,11
7636,17
7646,11
7646,14
7646,17
7647,5
7649,2
7649,16
7650,11
7657,1
7657,5
7657,9
7657,11
7669,8
7669,15
7698,8
7698,17
7700,1
7700,2
7700,8
7700,17
7701,5
7701,15
7702,8
7704,1
7705,5
7705,15
7706,5
7706,13
7707,5
7707,8
7707,15
7708,5
7708,9
7713,8
7713,11
7713,15
7713,17
7714,8
7714,13
7714,15
7716,5
7720,1
7720,2
7720,5
7720,15
7727,5
7728,6
7728,8
7728,10
7728,17
7730,5
7730,8
7742,8
7742,11
7743,2
7743,4
7743,16
7745,8
7748,6
7748,8
7749,8
7753,8
7756,1
7756,8
7756,18
7757,1
7757,2
7757,9
7762,8
7762,17
7766,1
7766,8
7766,17
7766,18
7767,8
7772,10
7772,17
7773,8
7781,5
7782,1
7782,8
7786,7
7789,8
7792,17
7802,1
7802,2
7802,6
7802,17
7810,2
7810,16
7811,8
7811,16
7812,8
7812,16
7815,5
7815,13
7820,6
7820,8
7822,2
7822,8
7822,15
7826,5
7826,15
7826,17
7831,5
7831,6
7831,8
7831,14
7831,15
7832,5
7832,6
7832,14
7833,5
7833,6
7833,14
7834,5
7834,6
7834,14
7834,15
7835,5
7835,6
7835,8
7835,13
7835,14
7835,15
7839,5
7840,2
7840,5
7840,18
7841,9
7841,16
7842,8
7842,9
7842,16
7843,5
7844,1
7844,5
7845,5
7845,11
7845,16
7846,5
7846,11
7846,16
7879,5
7882,11
7883,8
7883,11
7884,5
7888,5
7888,13
7889,19
7891,8
7891,11
7891,16
7894,1
7894,19
7895,6
7895,8
7895,17
7896,2
7896,8
7896,19
7899,1
7900,8
7900,11
7900,16
7916,5
7920,5
7920,6
7924,8
7924,10
7924,17
7925,1
7925,2
7926,6
7926,8
7926,10
7926,17
7930,11
7930,14
7930,17
7932,7
7934,5
7936,8
7936,18
7937,8
7938,8
7939,8
7940,8
7943,6
7943,10
7944,8
7944,17
7951,9
7951,11
7976,8
7979,7
7979,13
7980,1
7980,8
7980,18
7981,6
7981,8
7981,17
7982,8
7982,11
7982,14
7982,17
7983,5
7984,11
7984,16
7986,16
7987,11
7988,5
7988,16
7991,1
7991,16
7993,5
7993,11
8008,9
8008,13
8008,15
8010,8
8011,7
8012,5
8012,8
8014,8
8015,2
8015,3
8015,4
8015,9
8016,1
8016,6
8016,8
8016,17
8019,8
8019,11
8019,14
8019,17
8024,5
8024,8
8024,15
8025,8
8033,5
8033,6
8033,15
8035,6
8035,11
8035,17
8042,6
8042,8
8043,5
8043,8
8044,6
8044,8
8044,10
8045,1
8045,8
8045,18
8057,8
8092,8
8092,11
8092,16
8093,1
8093,8
8093,15
8093,17
8094,8
8094,17
8094,19
8117,1
8117,5
8118,1
8118,2
8118,17
8118,18
8119,8
8121,5
8125,8
8125,15
8126,8
8128,8
8131,5
8131,15
8132,1
8132,8
8136,6
8136,11
8136,16
8137,11
8137,16
8138,11
8138,16
8142,1
8142,6
8143,8
8147,8
8147,16
8153,8
8154,8
8157,3
8157,9
8157,17
8158,6
8158,8
8167,1
8167,2
8167,15
8169,4
8169,5
8169,9
8169,16
8183,5
8183,8
8188,8
8189,5
8190,5
8190,8
8190,18
8191,8
8195,8
8195,14
8195,15
8196,5
8196,11
8197,8
8197,15
8197,18
8199,8
8199,17
8207,6
8207,17
8225,11
8228,14
8232,5
8232,8
8235,1
8235,5
8235,15
8236,8
8236,10
8238,5
8238,6
8239,5
8239,8
8241,1
8241,5
8241,17
8253,1
8253,2
8253,3
8253,5
8253,6
8253,14
8254,5
8254,8
8254,9
8254,15
8261,8
8264,7
8266,8
8266,13
8268,1
8268,17
8270,5
8270,8
8270,15
8275,5
8290,1
8290,6
8293,5
8293,8
8302,5
8302,8
8302,15
8327,8
8327,15
8331,5
8335,8
8336,5
8336,15
8337,8
8337,18
8338,8
8340,8
8340,17
8341,2
8341,6
8341,8
8360,2
8360,3
8360,4
8360,5
8360,13
8360,15
8361,1
8361,2
8361,8
8361,16
8361,17
8362,5
8362,8
8362,15
8363,5
8364,8
8366,5
8366,8
8368,2
8368,9
8368,12
8369,1
8369,6
8369,11
8369,14
8369,17
8370,1
8370,5
8370,6
8370,8
8371,1
8371,16
8371,17
8372,3
8372,4
8372,5
8373,5
8373,9
8373,17
8375,7
8376,5
8378,8
8379,8
8380,5
8382,5
8383,5
8383,15
8385,5
8385,15
8387,5
8387,6
8391,5
8391,8
8402,5
8402,15
8405,8
8405,11
8410,6
8410,8
8410,10
8424,8
8424,15
8425,5
8426,3
8426,5
8426,8
8426,9
8426,16
8427,5
8427,16
8446,1
8446,8
8446,15
8446,18
8447,16
8450,2
8450,15
8451,8
8454,5
8454,8
8454,9
8456,6
8456,8
8456,17
8458,8
8459,8
8459,15
8461,8
8461,18
8462,8
8463,8
8464,5
8464,7
8464,8
8465,6
8465,8
8465,10
8465,15
8477,15
8477,16
8481,1
8481,2
8481,8
8481,15
8481,17
8481,19
8482,8
8482,9
8482,11
8484,8
8484,18
8487,4
8487,5
8487,13
8491,6
8491,8
8491,10
8492,8
8492,9
8493,1
8493,8
8493,18
8494,8
8495,6
8495,8
8500,1
8500,11
8500,16
8501,1
8501,17
8502,8
8502,13
8502,15
8506,14
8506,17
8507,6
8507,8
8507,11
8511,5
8512,5
8518,8
8521,8
8521,11
8526,2
8526,4
8526,5
8528,5
8529,5
8529,8
8529,15
8530,8
8530,15
8531,1
8531,5
8531,6
8532,8
8533,8
8533,15
8534,2
8534,4
8534,8
8535,8
8535,13
8542,5
8542,13
8571,5
8571,8
8574,3
8574,4
8574,5
8574,13
8575,5
8575,8
8577,7
8578,1
8578,5
8578,11
8578,16
8580,2
8580,5
8580,9
8580,13
8581,7
8581,8
8582,7
8582,18
8587,7
8588,8
8588,14
8588,15
8588,17
8591,2
8591,8
8591,16
8593,1
8593,6
8593,8
8593,17
8596,5
8596,6
8600,6
8600,8
8600,10
8600,17
8601,5
8601,8
8604,1
8604,5
8605,1
8605,5
8607,2
8607,3
8607,8
8609,5
8610,5
8610,9
8611,5
8614,5
8614,15
8617,8
8620,5
8620,8
8620,9
8620,14
8622,7
8623,5
8623,15
8626,11
8626,16
8632,5
8633,1
8633,2
8633,5
8633,16
8636,1
8636,2
8636,16
8636,12
8638,8
8638,15
8640,1
8640,2
8640,8
8640,18
8641,5
8643,5
8643,15
8644,1
8644,2
8644,16
8644,17
8645,6
8645,8
8650,8
8656,6
8656,8
8665,1
8665,6
8665,17
8666,1
8666,6
8666,9
8667,8
8667,15
8670,6
8670,11
8670,14
8670,17
8677,1
8677,16
8684,2
8684,8
8685,5
8685,8
8690,5
8690,8
8690,16
8690,18
8695,5
8711,5
8712,5
8712,15
8713,2
8713,4
8713,9
8713,13
8714,8
8714,13
8718,8
8720,5
8724,8
8724,18
8727,8
8730,1
8730,8
8730,18
8738,5
8738,8
8738,13
8738,15
8743,2
8743,9
8743,16
8748,5
8753,7
8754,8
8755,7
8765,6
8765,10
8765,17
8771,6
8771,14
8771,17
8772,8
8772,17
8773,6
8773,14
8773,17
8774,14
8778,6
8778,14
8781,17
8782,1
8782,2
8782,9
8782,16
8783,8
8783,14
8783,17
8784,5
8784,8
8784,15
8795,1
8795,2
8795,8
8795,18
8796,5
8796,13
8798,1
8798,6
8798,8
8798,17
8799,5
8799,15
8800,15
8800,16
8804,8
8807,2
8807,5
8808,5
8808,15
8809,5
8809,15
8810,1
8810,11
8810,16
8810,17
8813,8
8814,5
8815,11
8815,17
8827,5
8827,7
8830,2
8830,8
8830,11
8830,16
8830,17
8831,6
8831,17
8832,1
8832,2
8832,8
8833,8
8833,15
8835,8
8835,17
8836,8
8836,15
8836,17
8838,8
8838,15
8840,8
8844,8
8848,8
8860,1
8860,6
8860,8
8860,14
8860,17
8861,1
8861,11
8861,16
8861,17
8864,5
8864,8
8865,1
8865,2
8865,16
8866,5
8866,15
8869,5
8869,15
8870,8
8870,14
8870,16
8870,17
8873,2
8873,8
8874,5
8874,11
8875,8
8879,6
8879,14
8879,17
8880,8
8894,1
8894,8
8894,11
8894,17
8905,2
8905,8
8906,11
8907,3
8907,4
8907,5
8908,1
8908,8
8908,17
8910,5
8911,15
8912,1
8912,5
8914,8
8914,16
8915,8
8916,5
8916,15
8917,1
8917,2
8917,3
8917,5
8918,5
8918,6
8918,8
8919,5
8919,8
8919,9
8919,15
8920,8
8921,8
8921,15
8928,5
8928,11
8933,5
8933,8
8934,3
8934,4
8934,5
8937,1
8937,8
8938,7
8939,16
8939,17
8943,5
8943,8
8946,5
8947,11
8947,14
8947,17
8948,5
8948,8
8948,15
8949,5
8949,8
8949,15
8950,8
8950,14
8950,17
8951,8
8952,8
8954,7
8955,6
8955,8
8955,17
8957,11
8957,14
8957,17
8958,8
8959,8
8959,14
8961,1
8961,2
8961,3
8961,4
8961,5
8964,8
8965,2
8965,3
8965,4
8965,9
8965,12
8966,8
8967,5
8967,11
8968,1
8968,2
8968,5
8968,6
8968,17
8969,5
8969,8
8969,15
8970,8
8972,1
8972,2
8972,8
8972,14
8972,17
8973,8
8973,17
8974,2
8974,3
8974,4
8974,5
8977,1
8977,2
8977,8
8977,18
8978,4
8978,5
8979,7
8981,8
8981,15
8982,8
8983,1
8983,8
8983,15
8984,1
8984,5
8984,6
8984,17
8985,1
8985,9
8985,11
8985,17
8987,7
8989,5
8989,13
8998,7
9004,2
9004,4
9004,16
9005,8
9005,14
9005,16
9008,11
9008,16
9010,8
9010,15
9018,7
9018,18
25746,8
25746,11
25750,5
25750,9
25750,15
25752,5
25753,8
25757,8
25757,13
25757,15
25769,5
25769,15
25771,9
25773,6
25773,8
25782,5
25788,6
25788,8
25795,5
25795,8
25795,15
25797,13
25805,5
25805,8
25805,15
25825,8
25825,10
25826,5
25826,15
25827,5
25827,15
25833,8
25833,15
25834,2
25834,8
25841,8
25850,5
25850,8
25850,15
25855,6
25855,8
25855,17
25856,8
25856,15
25865,8
25865,10
25870,5
25870,9
25870,15
25886,8
25886,15
25887,5
25887,8
25898,8
25905,5
25905,15
25906,8
25906,15
25923,8
25927,8
25927,10
25927,17
25937,13
25937,15
25940,8
25940,10
25940,14
25946,1
25946,2
25946,8
25946,15
25947,5
25952,5
25952,8
25959,5
25959,13
25959,15
25959,19
25962,1
25962,2
25962,15
25963,6
25963,8
25996,8
25996,13
25999,8
26002,6
26002,8
26002,14
26002,17
26003,6
26003,7
26003,18
26038,5
26038,15
26048,8
26048,18
26052,6
26052,8
26059,8
26073,8
26073,18
26078,8
26082,8
26084,4
26084,5
26084,13
26084,15
26085,2
26085,8
26085,15
26095,5
26095,8
26095,18
26116,11
26116,17
26122,8
26122,11
26122,18
26124,16
26131,8
26131,18
26133,3
26133,4
26133,5
26142,2
26142,18
26142,19
26147,5
26147,8
26147,15
26150,8
26150,18
26151,6
26151,8
26152,1
26152,2
26152,5
26158,5
26158,8
26158,18
26159,1
26159,6
26159,8
26169,1
26169,6
26169,8
26171,5
26172,1
26172,6
26172,8
26172,17
26176,7
26176,8
26183,1
26183,2
26183,3
26183,4
26183,5
26184,1
26184,2
26184,5
26184,6
26184,17
26195,7
26195,13
26198,4
26198,5
26225,5
26225,15
26231,6
26231,8
26231,17
26236,1
26236,2
26236,5
26236,8
26236,15
26236,18
26237,8
26237,15
26242,1
26242,14
26242,17
26249,5
26249,19
26258,9
26258,19
26265,2
26265,5
26265,11
26265,15
26283,6
26283,8
26283,17
26285,5
26285,16
26285,17
26303,11
26303,17
26308,8
26308,15
26313,5
26313,8
26317,8
26317,15
26322,1
26322,6
26322,8
26326,8
26340,1
26340,2
26340,3
26340,4
26340,5
26340,9
26344,1
26344,6
26344,8
26344,17
26347,5
26347,8
26347,15
26350,8
26357,11
26357,17
26359,8
26359,18
26365,16
26365,17
26366,7
26375,1
26375,5
26375,6
26386,5
26386,17
26391,8
26391,13
26391,15
26394,8
26394,15
26399,1
26401,1
26401,8
26409,11
26409,16
26413,1
26413,5
26422,5
26422,8
26422,13
26429,5
26429,11
26429,15
26444,2
26444,5
26444,16
26453,8
26453,14
26464,1
26464,6
26464,8
26467,8
26467,16
26471,5
26471,7
26472,2
26472,8
26492,9
26492,11
26492,16
26492,17
26498,8
26504,1
26504,2
26504,4
26504,6
26504,14
26504,17
26510,2
26510,4
26510,9
26510,16
26523,11
26523,17
26524,7
26527,5
26527,8
26528,4
26528,8
26539,8
26542,2
26542,4
26542,9
26542,16
26547,1
26547,5
26547,6
26547,17
26554,8
26554,14
26554,16
26555,5
26562,8
26564,8
26564,13
26567,5
26578,8
26585,6
26585,8
26585,17
26587,6
26587,8
26587,15
26590,1
26590,2
26590,3
26590,4
26590,9
26590,16
26593,1
26593,5
26593,16
26599,5
26599,8
26599,15
26603,9
26603,11
26603,16
26603,17
26606,1
26606,9
26606,11
26606,15
26612,6
26612,8
26612,17
26614,1
26614,2
26614,8
26614,14
26614,17
26622,8
26629,5
26629,11
26629,16
26630,13
26631,3
26631,9
26631,14
26645,5
26649,2
26649,8
26649,19
26662,2
26662,3
26662,4
26662,8
26662,9
26676,5
26680,5
26680,13
26680,15
26681,1
26681,8
26681,18
26686,5
26686,9
26693,8
26693,9
26693,11
26693,14
26693,17
26694,8
26695,8
26696,1
26700,5
26700,6
26701,1
26701,3
26701,6
26701,8
26701,10
26701,14
26701,16
26701,17
26704,6
26704,8
26704,17
26712,7
26713,8
26713,15
26717,8
26717,11
26726,5
26729,7
26732,5
26736,1
26736,6
26736,17
26741,5
26741,9
26741,15
26743,3
26743,8
26745,5
26745,8
26745,15
26750,2
26750,8
26750,19
26761,6
26761,8
26761,14
26761,15
26761,17
26764,1
26764,9
26764,16
26764,17
26764,18
26765,1
26765,5
26765,15
26776,2
26776,3
26776,5
26776,9
26776,15
26777,8
26778,5
26782,8
26782,13
26791,8
26791,15
26791,17
26791,18
26792,1
26792,2
26792,4
26792,5
26796,8
26796,15
26797,7
26810,8
26812,8
26819,1
26819,16
26828,1
26828,4
26828,5
26838,5
26838,8
26840,1
26840,5
26840,6
26840,8
26849,2
26849,8
26849,9
26849,11
26849,16
26854,1
26854,6
26854,11
26861,5
26861,16
26865,1
26865,8
26870,5
26871,5
26871,15
26875,6
26875,10
26875,14
26875,17
26887,8
26887,9
26887,11
26887,14
26887,16
26887,17
26900,5
26900,8
26901,2
26901,19
26903,3
26903,8
26903,15
26913,1
26913,3
26928,5
26928,8
26928,15
26940,5
26947,6
26947,17
26958,15
26965,8
26965,17
26974,8
26985,1
26985,16
26999,2
26999,3
26999,4
26999,13
26999,15
27002,1
27002,7
27002,8
27002,17
27003,1
27003,11
27003,16
27006,8
27008,5
27008,6
27008,11
27020,8
27020,15
27022,1
27022,6
27022,17
27032,1
27032,2
27032,5
27032,16
27032,17
27036,1
27036,2
27036,8
27036,9
27036,15
27074,16
27075,4
27075,5
27075,9
27105,9
27105,19
27124,8
27124,17
27134,1
27134,6
27134,9
27140,11
27155,1
27155,2
27155,3
27155,4
27155,9
27155,16
27156,1
27156,3
27156,8
27156,9
27156,16
27176,7
27178,5
27178,15
27186,2
27186,3
27186,4
27186,9
27193,1
27193,5
27246,8
27246,15
27251,2
27251,5
27251,9
27255,8
27266,8
27266,9
27266,15
27266,16
27306,5
27306,8
27311,1
27311,3
27311,6
27311,16
27311,17
27317,8
27317,11
27317,14
27317,15
27317,17
27320,5
27320,8
27320,9
27328,1
27328,5
27328,6
27328,9
27328,17
27329,7
27368,2
27368,5
27368,9
27369,3
27369,5
27370,5
27373,8
27397,6
27397,8
27397,14
27397,17
27397,18
27408,8
27408,17
27416,5
27416,8
27416,15
27420,5
27420,8
27420,15
27420,16
27426,1
27426,5
27426,17
27434,11
27434,14
27441,1
27441,3
27441,11
27450,2
27450,19
27473,5
27473,6
27473,11
27473,14
27473,17
27478,5
27480,1
27480,6
27480,17
27482,11
27482,14
27482,16
27491,11
27491,14
27491,17
27513,8
27523,5
27523,15
27537,5
27537,9
27537,14
27537,16
27539,5
27539,15
27549,5
27549,6
27549,8
27549,16
27549,17
27555,5
27563,5
27563,11
27563,13
27584,5
27584,11
27584,14
27584,17
27592,6
27592,8
27595,1
27595,5
27595,11
27595,13
27604,11
27604,14
27604,17
27611,8
27611,16
27611,18
27618,1
27618,2
27618,8
27618,16
27618,17
27619,2
27619,3
27619,4
27619,5
27627,8
27627,15
27644,5
27644,8
27644,15
27660,1
27660,3
27660,8
27660,16
27664,8
27667,11
27674,5
27674,6
27674,8
27674,14
27674,17
27683,1
27683,5
27683,11
27683,16
27683,17
27683,19
27685,5
27689,1
27689,6
27689,17
27692,1
27692,5
27692,8
27692,18
27695,1
27695,5
27695,8
27704,1
27704,8
27704,17
27704,18
27705,1
27705,8
27705,17
27706,2
27706,4
27706,5
27706,9
27708,1
27708,2
27708,8
27708,15
27716,5
27716,6
27716,8
27716,15
27721,8
27721,14
27721,15
27721,18
27722,8
27722,15
27728,1
27728,3
27728,8
27728,16
27728,17
27731,2
27731,3
27731,4
27731,9
27741,8
27741,15
27744,8
27744,15
27746,11
27746,17
27751,8
27751,11
27751,14
27751,17
27762,5
27768,8
27769,8
27772,11
27773,14
27773,17
27776,8
27778,9
27778,11
27784,11
27784,14
27788,8
27788,14
27788,16
27788,17
27790,4
27790,5
27790,6
27790,8
27790,9
27793,1
27793,11
27793,16
27793,18
27801,1
27801,17
27802,1
27802,6
27802,8
27802,17
27803,8
27808,5
27808,8
27808,15
27815,8
27816,1
27816,2
27816,8
27816,18
27820,7
27820,8
27821,8
27821,17
27822,8
27822,17
27826,5
27826,8
27826,15
27829,7
27830,8
27831,6
27831,8
27831,17
27834,8
27837,1
27837,2
27838,8
27838,17
27839,8
27839,11
27839,14
27839,17
27846,7
27850,7
27865,1
27865,2
27865,8
27865,17
27866,8
27869,1
27869,8
27869,18
27873,7
27878,7
27879,7
27882,7
27899,5
27899,7
27899,8
27904,3
27904,8
27904,14
27904,16
27904,17
27905,1
27905,8
27905,9
27905,16
27912,7
30707,8
30745,5
30745,6
30745,8
30745,11
30745,14
30749,8
30749,18
30793,2
30793,4
30793,5
30793,9
30793,12
30803,8
30803,15
30810,2
30810,5
30810,9
30812,8
30816,8
30816,13
30816,15
30818,8
30818,13
30820,8
30822,5
30822,8
30825,5
30846,6
30846,8
30846,17
30848,8
30850,8
30883,5
30883,9
30890,8
30892,3
30892,7
30894,8
30894,11
30894,14
30894,16
30894,17
30898,5
30898,8
30898,15
30994,5
30994,8
31000,5
31030,4
31030,8
31038,8
31038,15
31049,5
31049,17
31083,5
31083,15
31086,6
31086,8
31101,1
31101,6
31101,8
31114,5
31114,8
31116,8
31116,18
31123,5
31123,6
31150,3
31150,9
31150,16
31150,18
31162,5
31162,8
31184,1
31184,3
31184,9
31184,16
31193,3
31193,4
31193,13
31221,1
31221,2
31221,6
31221,8
31223,4
31223,5
31225,8
31260,8
31297,5
31297,13
31309,6
31309,8
31364,6
31364,8
31364,14
31364,17
31367,1
31367,2
31367,5
31367,6
31367,15
31367,17
31410,8
31410,18
31420,1
31420,6
31420,8
31420,17
31422,4
31422,5
31424,1
31424,11
31424,16
31424,17
31427,11
31427,14
31427,17
31431,8
31431,11
31431,14
31431,17
31433,5
31433,15
31435,8
31437,8
31445,5
31445,8
31522,8
31545,6
31545,10
31553,1
31553,2
31553,16
31590,6
31590,8
31590,17
31610,8
31617,1
31617,2
31617,8
31617,15
31617,18
31658,2
31658,3
31658,9
31658,15
31660,1
31660,3
31660,8
31660,16
31664,1
31664,5
31664,15
31685,5
31685,15
31692,5
31694,5
31694,13
31694,15
31696,1
31696,9
31696,11
31696,17
31698,2
31698,4
31698,5
31698,9
31700,4
31700,5
31700,8
31702,8
31702,18
31737,14
31737,17
31804,1
31804,9
31804,11
31804,14
31804,16
31804,17
31851,5
31867,1
31867,5
31878,1
31878,5
31903,8
31903,15
31909,5
31909,11
31921,2
31921,5
31921,6
31921,8
31921,14
31921,17
31923,1
31923,2
31923,5
31925,2
31925,5
31925,15
31952,5
31952,6
31952,8
31952,14
31973,8
31973,18
32009,5
32009,8
32009,15
32011,11
32011,17
32017,1
32017,5
32019,5
32019,6
32019,13
32022,7
32022,18
32029,1
32029,6
32029,8
32029,17
32031,2
32031,3
32031,4
32031,5
32031,9
32031,16
32031,12
32058,8
32060,11
32060,14
32116,5
32139,8
32160,5
32179,6
32179,8
32179,17
32213,11
32213,14
32213,16
32213,17
32234,8
32243,1
32243,5
32243,6
32289,4
32289,5
32289,8
32291,5
32291,8
32294,8
32296,2
32296,5
32296,6
32298,5
32298,15
32300,1
32300,5
32302,7
32314,2
32314,5
32314,7
32371,6
32371,8
32371,10
32387,1
32387,8
32392,5
32392,6
32392,8
32392,19
32440,1
32440,5
32442,5
32456,3
32456,5
32456,8
32456,9
32460,1
32460,5
32460,6
32460,8
32469,5
32469,6
32469,8
32511,1
32511,2
32515,2
32515,8
32515,18
32515,19
32554,3
32554,9
32554,16
32554,17
32582,7
32584,8
32587,1
32587,6
32587,10
32587,14
32587,17
32589,5
32596,1
32596,2
32596,5
32598,5
32598,15
32600,8
32620,5
32620,13
32620,15
32632,1
32632,6
32649,8
32649,18
32657,3
32657,8
32659,5
32666,5
32728,8
32728,14
32728,17
32743,8
32743,11
32743,17
32770,8
32799,8
32799,15
32862,5
32862,15
32875,5
32892,8
32892,18
32898,1
32898,2
32898,9
32898,16
32906,8
32906,18
32914,8
32914,11
32914,17
32917,5
32917,9
32917,15
33004,2
33004,5
33004,16
33085,11
33085,17
33090,3
33090,5
33090,16
33124,8
33124,18
33126,5
33126,19
33132,1
33132,6
33132,8
33138,2
33138,5
33138,8
33145,5
33145,8
33145,15
33148,5
33148,6
33154,7
33158,1
33158,6
33158,17
33162,1
33162,8
33162,15
33162,18
33164,11
33164,17
33166,6
33166,8
33171,8
33171,14
33188,5
33188,15
33201,8
33201,14
33201,15
33201,17
33237,8
33237,13
33237,15
33294,3
33294,9
33294,11
33310,8
33310,15
33312,5
33312,13
33421,8
33435,7
33437,1
33437,6
33437,8
33437,17
33493,1
33493,2
33493,16
33495,5
33499,5
33499,15
33558,2
33558,8
33564,5
33615,2
33615,3
33615,4
33615,5
33629,2
33629,5
33639,4
33639,7
33644,11
33644,17
33646,5
33646,8
33649,5
33649,8
33649,15
33660,8
33660,15
33669,2
33669,5
33669,8
33672,1
33672,5
33672,8
33677,7
33679,1
33679,2
33679,5
33679,15
33681,1
33681,2
33681,4
33681,9
33683,11
33683,17
33725,5
33725,8
33725,13
33779,5
33781,8
33781,15
33794,1
33794,6
33794,12
33801,1
33801,2
33801,9
33801,16
33815,5
33815,8
33815,15
33826,5
33826,8
33830,2
33830,5
33830,15
33834,1
33834,11
33834,17
33836,5
33836,9
33836,15
33838,7
33880,5
33880,8
33893,5
33893,6
33893,17
33896,11
33903,5
33903,6
33903,8
33903,15
33966,5
34018,5
34018,13
34048,1
34048,2
34048,16
34048,17
34072,7
34129,5
34143,8
34143,11
34143,17
34148,8
34150,1
34150,2
34150,16
34153,7
34162,5
34162,15
34164,5
34164,8
34271,6
34271,8
34292,1
34292,11
34292,16
34312,5
34319,1
34319,16
34319,17
34321,4
34321,5
34323,1
34323,6
34323,11
34326,8
34330,8
34330,14
34332,1
34332,2
34332,4
34332,5
34334,1
34334,2
34334,16
34334,17
34336,5
34336,15
34338,5
34338,7
34359,5
34397,1
34397,2
34397,8
34397,17
34405,1
34405,2
34405,16
34437,5
34437,8
34450,1
34450,5
34450,6
34450,8
34482,8
34520,1
34520,2
34520,5
34523,5
34523,8
34528,5
34528,8
34530,5
34532,8
34532,11
34532,14
34532,17
34534,1
34534,6
34534,8
34536,1
34536,8
34536,18
34540,5
34540,8
34542,7
34800,5
34811,1
34811,6
34811,8
34811,17
35015,2
35015,8
35347,3
35347,8
35807,5
35836,5
35836,15
35957,11
35957,17
36276,8
36276,14
36276,17
36289,2
36289,4
36289,5
36289,9
36363,5
36363,8
36363,16
36397,2
36397,3
36397,4
36397,5
36397,9
36397,18
36401,5
36401,9
36401,11
36401,17
36477,5
36477,8
36477,15
36509,1
36509,2
36509,11
36509,14
36509,16
36509,17
36517,8
36517,17
36519,1
36519,6
36519,17
36525,5
36525,9
36525,15
36527,8
36529,1
36529,6
36529,8
36529,17
36529,18
36533,8
36533,11
36533,14
36533,17
36535,5
36535,8
36537,5
36537,8
36708,2
36708,3
36708,5
36850,1
36850,5
36850,6
36850,17
36931,1
36931,6
36931,8
37211,5
37211,13
37211,19
37240,7
37380,1
37380,11
37380,16
37382,6
37382,8
37382,17
37384,5
37386,1
37386,16
37444,5
37444,11
37444,15
37475,8
37477,1
37477,5
37477,6
37495,9
37495,14
37495,15
37495,17
37545,8
37720,6
37720,8
37720,11
37720,17
37727,1
37727,8
37727,17
37729,3
37729,5
37729,9
37729,13
37729,15
37731,6
37731,8
37733,1
37733,6
37733,8
37733,17
37736,8
37739,8
37741,6
37741,8
37830,1
37830,2
37830,3
37830,9
37830,16
37844,5
37844,8
37844,15
37853,1
37853,2
37853,6
37853,17
37857,2
37857,4
37857,8
37857,9
38038,2
38038,3
38038,4
38038,5
38061,5
38061,6
38061,14
38061,17
38095,1
38095,6
38095,8
38159,8
38159,15
38164,8
38164,15
38198,7
38294,1
38294,2
38294,8
38294,9
38304,7
38388,8
38583,1
38583,11
38583,16
38583,17
38798,5
38798,8
38886,5
38886,8
38992,8
39183,8
39183,15
39231,5
39231,8
39231,15
39234,8
39292,6
39292,8
39307,4
39307,8
39381,6
39381,8
39381,19
39400,1
39400,11
39400,14
39400,17
39414,5
39414,8
39414,15
39427,17
39435,1
39435,2
39435,8
39435,19
39444,5
39444,8
39446,11
39446,17
39449,5
39449,8
39449,15
39516,8
39715,5
39801,2
39801,5
39801,9
39801,11
39869,8
40148,6
40148,8
40148,17
40278,1
40278,8
40278,18
40339,1
40339,2
40339,3
40339,4
40339,5
40339,16
40412,6
40412,17
40414,8
40414,18
40478,11
40478,16
40478,17
40491,5
40491,8
40578,1
40578,8
40581,5
40581,15
40583,8
40583,17
40597,5
40597,8
40614,8
40614,17
40617,11
40617,17
40629,8
40629,15
40697,16
40723,6
40723,11
40723,17
40732,2
40732,8
40732,11
40732,17
40815,2
40815,9
40815,17
40815,12
40819,8
40819,13
40819,15
40826,8
40826,13
40826,15
40851,1
40851,2
40851,4
40851,9
40870,8
40946,5
40946,13
40955,5
40955,8
40959,1
40959,5
40959,6
40959,17
40962,5
40962,15
40966,8
41014,6
41014,11
41014,14
41014,17
41285,6
41285,8
41285,15
41527,6
41527,8
41527,17
41527,18
41566,2
41566,4
41566,9
41569,1
41569,2
41569,8
41569,9
41569,17
41571,8
41571,15
41573,5
41573,8
41573,15
41617,6
41617,8
41617,15
41627,1
41627,8
41712,5
41712,8
41716,5
41716,8
41716,17
41724,7
41769,5
41769,8
41769,15
41828,5
41828,18
41863,2
41863,6
41863,8
41997,1
41997,6
41997,8
41997,17
42002,5
42002,13
42004,2
42004,5
42004,8
42007,5
42007,8
42007,15
42009,2
42009,5
42011,5
42011,6
42013,5
42015,1
42015,2
42015,5
42015,8
42015,15
42018,5
42018,8
42176,8
42176,17
42191,3
42191,4
42285,11
42285,17
42418,2
42418,8
42418,15
42422,3
42422,8
42422,15
42422,16
42556,9
42556,14
42556,19
42559,1
42559,2
42559,8
42602,7
42632,6
42632,8
42632,14
42632,17
42638,5
42638,8
42718,1
42718,6
42718,16
42723,11
42725,5
42728,8
42728,15
42730,8
42732,5
42734,3
42734,4
42734,5
42738,1
42738,9
42738,11
42740,5
42761,2
42761,4
42761,5
42761,9
42943,2
42943,8
42943,18
42946,1
42946,5
43289,2
43289,5
43289,8
43289,9
43333,8
43333,15
43376,8
43376,18
43396,8
43419,1
43419,5
43419,6
43419,19
43460,5
43460,8
43549,1
43549,6
43549,8
43549,11
43556,8
43558,1
43558,5
43558,6
43560,4
43560,5
43560,9
43677,8
43677,18
43679,11
43679,14
43679,17
43684,5
43684,8
43684,15
43708,5
43708,7
43744,5
43744,8
43744,15
43836,2
43836,5
43836,6
43869,2
43869,3
43869,4
43869,5
43871,6
43871,8
43871,17
43904,11
43904,17
43908,8
43912,6
43912,8
43914,8
43917,1
43917,2
43917,8
43917,15
43919,5
43919,15
43921,1
43921,6
43921,17
43928,1
43928,9
43928,16
43928,17
43930,5
43930,15
43932,1
43932,8
43932,9
43932,11
43932,14
43932,16
43932,17
43936,6
43936,17
44004,5
44004,15
44020,1
44020,3
44020,4
44020,16
44022,2
44022,3
44022,4
44022,5
44189,8
44189,15
44191,1
44191,16
44191,17
44191,12
44193,5
44193,15
44195,5
44195,8
44197,5
44197,6
44197,8
44199,6
44199,8
44199,17
44204,6
44204,8
44225,4
44225,5
44225,9
44238,5
44238,9
44238,11
44241,5
44241,9
44241,11
44243,5
44243,9
44243,11
44243,16
44301,6
44301,8
44397,8
44397,11
44397,17
44399,2
44399,4
44399,5
44399,9
44511,7
44555,8
44555,15
44555,17
44597,1
44597,6
44597,14
44613,8
44633,7
44657,8
44665,6
44665,8
44665,14
44694,5
44694,8
44709,8
44719,8
44731,11
44731,16
44731,17
44759,6
44759,8
44759,14
44759,17
44761,6
44761,8
44761,10
44761,14
44773,5
44773,11
44777,5
44777,11
44777,16
44788,7
44828,5
44828,11
44828,16
44840,5
44849,1
44849,3
44849,10
44849,16
44849,17
44851,5
44864,5
44864,8
44864,15
44889,5
44889,8
44889,13
44929,8
44929,15
44931,8
44937,6
44937,8
44943,7
44972,5
44972,11
44974,8
44974,17
45028,5
45028,8
45028,13
45062,6
45062,8
45062,17
45074,2
45074,3
45074,4
45074,5
45074,9
45081,9
45081,11
45081,17
45106,5
45106,8
45175,5
45175,8
45183,1
45183,5
45183,6
45183,17
45186,1
45186,2
45186,17
45208,2
45208,4
45208,5
45210,6
45210,8
45221,5
45361,8
45361,11
45361,14
45361,17
45382,8
45382,15
45431,2
45431,3
45431,4
45431,5
45440,5
45440,8
45442,1
45442,2
45442,17
45442,12
45447,8
45447,14
45447,17
45499,1
45499,16
45499,17
45501,5
45501,8
45501,15
45503,8
45517,3
45517,4
45517,5
45635,8
45648,5
45648,8
45658,8
45662,11
45662,17
45666,5
45668,8
45668,9
45668,15
45672,2
45672,5
45672,8
45672,9
45672,15
45720,5
45720,8
45722,1
45722,2
45722,9
45726,5
45728,5
45730,8
45730,9
45730,14
45732,5
45732,9
45732,15
45880,8
45880,15
45928,7
45950,7
45969,5
45969,15
46062,4
46062,5
46062,8
46062,13
46062,15
46105,5
46105,7
46105,15
46231,8
46322,1
46322,8
46335,1
46335,6
46335,8
46335,17
46337,3
46337,4
46337,5
46347,7
46367,6
46367,17
46530,1
46530,2
46530,16
46530,12
46559,8
46559,18
46572,8
46572,17
46574,5
46578,2
46578,5
46578,8
46664,8
46664,14
46664,17
46723,8
46723,17
46772,5
46850,7
46855,1
46855,8
46855,17
46855,18
46862,8
46865,5
46948,3
46948,4
46948,9
46948,14
46965,1
46965,5
46965,11
46965,17
46967,5
46967,9
46967,14
46970,1
46970,5
46972,1
46972,5
46972,9
46972,12
46974,8
46976,5
46976,8
46976,9
46976,15
47044,1
47044,6
47044,8
47044,17
47099,8
47122,5
47122,15
47124,2
47124,3
47124,4
47124,5
47124,9
47124,12
47200,1
47200,17
47202,8
47202,15
47254,1
47254,6
47254,8
47254,17
47261,9
47261,14
47261,17
47382,8
47382,15
47384,2
47384,5
47384,8
47384,9
47404,2
47404,3
47404,5
47404,9
47404,15
47404,16
47423,8
47446,8
47446,14
47446,17
47465,8
47465,9
47465,17
47491,5
47491,8
47516,4
47516,5
47516,8
47518,5
47538,1
47538,2
47538,5
47538,6
47566,6
47566,8
47566,10
47610,8
47610,9
47610,14
47610,15
47629,8
47640,5
47644,8
47646,6
47646,8
47646,13
47721,4
47721,9
47725,5
47725,8
47725,9
47725,15
47736,5
47774,5
47774,9
47793,8
47793,15
47810,11
47810,14
47810,17
47894,8
47894,18
47937,5
47937,11
47937,17
47950,6
47950,8
47950,14
47950,17
47952,1
47952,11
47952,17
47970,5
47970,8
47978,8
47997,2
47997,5
47997,16
47997,17
47999,7
47999,8
48001,8
48001,15
48032,5
48032,8
48032,15
48032,18
48043,8
48043,9
48043,15
48045,5
48082,5
48082,8
48082,9
48082,15
48142,6
48142,8
48142,14
48142,17
48150,11
48161,8
48214,8
48262,7
48304,2
48304,8
48304,17
48319,1
48319,2
48319,8
48319,18
48322,5
48322,7
48326,8
48342,5
48342,8
48342,15
48385,5
48394,8
48394,9
48394,17
48412,1
48412,2
48412,8
48414,2
48414,3
48414,4
48414,5
48414,12
48416,5
48416,6
48516,6
48516,8
48516,17
48518,11
48518,17
48520,5
48560,5
48560,8
48593,5
48593,17
48596,1
48596,8
48596,17
48598,8
48638,8
48638,15
48649,8
48649,18
48678,1
48678,5
48678,11
48678,17
48696,8
48696,15
48698,7
48738,8
48738,17
48741,7
48744,5
48744,8
48744,15
48774,1
48774,2
48774,8
48774,16
48774,17
48780,8
48780,14
48780,16
48780,17
48783,8
48783,18
48872,10
48872,17
48877,6
48877,11
48877,17
48879,8
48879,17
48883,6
48883,8
48883,14
48883,17
48982,3
48982,5
48997,6
48997,8
48997,17
49013,5
49013,9
49110,5
49110,16
49130,5
49130,8
49130,15
49132,7
49220,5
49263,5
49263,7
49265,7
49265,8
49265,18
49272,1
49272,2
49272,17
49274,2
49274,3
49274,4
49274,5
49274,12
49276,5
49278,1
49278,16
49278,17
49280,8
49284,5
49284,8
49284,15
49286,5
49286,15
49314,1
49314,6
49314,8
49347,8
49389,6
49389,19
49396,2
49396,5
49396,13
49524,8
49530,1
49530,2
49530,6
49530,8
49530,17
49530,18
49647,4
49647,5
49647,8
49647,9
49649,1
49649,2
49649,9
49651,1
49651,8
49666,8
49666,9
49666,15
49688,1
49688,8
49688,18
49735,5
49772,8
49772,15
49793,8
49822,8
49822,17
49824,8
49824,13
49910,8
49917,7
49932,8
49932,14
49932,17
49957,5
49957,8
49961,8
50003,1
50003,2
50005,1
50005,8
50064,8
50064,14
50064,17
50068,8
50068,18
50147,1
50147,11
50147,17
50158,8
50158,13
50160,8
50189,5
50189,15
50274,8
50274,15
50354,5
50356,5
50440,11
50440,17
50442,6
50442,8
50445,1
50445,11
50445,17
50514,8
50601,2
50601,4
50601,9
50610,5
50613,11
50658,7
50685,5
50685,8
50685,15
50740,7
50792,5
50792,8
50792,15
50794,1
50794,6
50794,8
50794,17
50796,8
50796,9
50796,11
50796,15
50798,2
50798,5
50800,8
50800,11
50800,17
50802,5
50802,8
50802,15
50804,8
50804,11
50804,17
50806,5
50806,15
50842,5
50842,8
50851,7
50872,3
50872,4
50872,8
50912,15
50923,8
50942,5
50954,5
50954,15
50999,3
50999,5
51024,2
51024,8
51024,9
51037,8
51037,14
51037,17
51077,1
51077,9
51077,17
51080,8
51080,17
51082,5
51082,15
51084,5
51084,15
51086,8
51086,14
51086,17
51088,5
51091,8
51167,8
51174,8
51255,1
51255,5
51255,6
51255,14
51314,2
51314,8
51314,15
51357,6
51357,8
51357,17
51412,1
51412,16
51412,17
51471,8
51471,15
51498,5
51498,11
51540,6
51540,8
51540,17
51545,1
51545,5
51545,8
51545,11
51545,17
51562,16
51573,9
51575,2
51575,5
51662,1
51662,9
51662,18
51662,12
51666,11
51666,14
51666,17
51694,8
51694,15
51698,2
51698,4
51698,16
51705,5
51705,15
51709,5
51709,8
51709,11
51709,16
51709,17
51834,8
51834,15
51884,8
51884,15
51903,5
51903,8
51903,15
51925,8
51925,9
51925,14
51925,17
51927,11
51927,14
51927,17
51931,8
51933,8
51935,1
51935,8
51935,17
51937,11
51937,17
51939,1
51939,2
51939,3
51939,4
51939,5
51939,9
52042,8
52042,17
52042,18
52241,6
52241,8
52241,17
52245,5
52245,15
52279,5
52281,1
52281,6
52281,11
52281,16
52281,17
52283,11
52283,17
52287,1
52287,2
52287,3
52287,4
52287,5
52287,16
52299,7
52319,1
52319,2
52319,8
52319,18
52328,2
52328,8
52328,16
52328,17
52375,6
52375,8
52435,3
52435,5
52435,9
52435,13
52458,8
52458,17
52462,1
52462,2
52462,3
52462,5
52462,9
52462,14
52462,16
52579,8
52579,13
52604,6
52604,8
52604,14
52604,17
52644,11
52644,17
52668,5
52668,8
52668,15
52694,5
52712,6
52712,8
52712,9
52712,14
52712,17
52715,5
52722,1
52722,2
52722,16
52722,17
52722,12
52724,5
52724,8
52730,4
52730,5
52767,7
52784,7
52831,1
52831,6
52831,11
52831,17
52867,5
52867,15
52885,3
52885,14
52885,16
52950,1
52950,9
52950,11
52950,17
52952,8
52967,8
52973,5
52973,8
52973,15
52975,5
52975,8
52975,13
53000,11
53000,16
53000,17
53022,1
53022,5
53022,6
53022,15
53024,7
53121,2
53121,3
53121,4
53121,5
53121,9
53123,8
53123,13
53123,15
53125,1
53125,2
53125,5
53125,9
53127,8
53127,11
53127,17
53129,6
53129,8
53129,17
53138,1
53138,2
53138,9
53140,1
53140,2
53140,5
53140,9
53140,15
53143,1
53143,17
53161,5
53161,8
53161,15
53161,16
53280,11
53280,17
53318,5
53318,8
53318,15
53322,6
53322,17
53326,11
53355,5
53355,15
53435,6
53435,11
53435,17
53447,6
53447,8
53450,5
53450,9
53450,11
53453,1
53453,2
53453,9
53453,16
53460,3
53460,4
53460,5
53464,1
53464,2
53464,16
53466,2
53466,6
53466,17
53468,5
53468,11
53468,17
53519,1
53519,2
53519,6
53519,11
53519,17
53550,1
53550,2
53550,8
53550,18
53574,5
53574,8
53578,5
53808,5
53883,7
53894,7
53894,8
53921,8
53921,17
53953,8
53953,11
53953,17
53956,5
53972,1
53972,2
53972,6
53972,17
53974,5
53974,15
53993,5
53993,9
53996,1
53996,16
53996,17
53996,12
54001,2
54001,8
54001,9
54001,12
54004,5
54004,15
54116,8
54116,17
54121,8
54121,15
54121,19
54185,7
54190,8
54190,9
54190,13
54190,15
54256,5
54259,2
54259,5
54259,9
54259,15
54272,3
54272,5
54274,6
54274,8
54274,17
54276,5
54276,8
54276,15
54281,5
54281,8
54286,1
54286,6
54286,17
54354,7
54372,6
54372,8
54372,14
54372,17
54503,5
54617,5
54648,1
54648,5
54648,6
54648,17
54686,1
54686,2
54686,9
54686,18
54732,5
54734,5
54736,1
54736,8
54736,17
54745,5
54745,8
54768,4
54768,5
54771,1
54771,8
54771,11
54771,16
54771,17
54780,5
54780,8
54780,15
54785,11
54787,8
54787,17
54796,5
54796,8
54796,15
54881,7
54908,1
54908,5
54910,5
54910,11
54910,17
54934,5
54962,8
54962,14
54995,1
54995,11
54995,16
54997,1
54997,6
54997,8
54997,19
54999,1
54999,5
54999,6
55020,5
55036,6
55036,8
55052,8
55052,15
55052,18
55061,8
55061,16
55067,8
55067,17
55069,8
55071,7
55080,6
55080,8
55080,17
55094,8
55094,14
55110,8
55112,5
55112,8
55112,15
55116,1
55116,2
55116,5
55116,8
55116,17
55118,6
55118,8
55118,17
55156,7
55167,1
55167,2
55167,3
55167,6
55167,9
55190,5
55190,15
55205,8
55207,5
55207,8
55232,1
55232,11
55232,16
55232,17
55241,5
55245,5
55245,15
55247,1
55247,2
55247,8
55250,5
55253,8
55253,15
55253,17
55253,18
55259,1
55259,2
55259,8
55259,9
55261,5
55261,8
55261,15
55267,5
55267,8
55267,15
55269,2
55269,5
55269,8
55272,6
55272,8
55274,8
55276,8
55276,17
55278,8
55278,14
55278,17
55280,5
55280,8
55282,11
55282,17
55290,6
55290,8
55290,14
55292,5
55294,5
55294,6
55294,8
55363,6
55363,8
55363,19
55391,6
55391,8
55391,17
55442,3
55442,8
55444,8
55451,5
55451,8
55451,15
55492,11
55553,5
55553,11
55555,8
55577,6
55577,11
55577,17
55620,7
55687,7
55721,1
55721,6
55721,8
55721,17
55729,5
55765,6
55765,8
55765,17
55768,3
55768,5
55805,6
55805,8
55805,17
55814,8
55820,6
55820,8
55830,5
55844,5
55844,8
55844,15
55854,8
55872,8
55872,13
55908,8
55908,16
55946,8
55946,17
55946,18
55995,1
55995,2
55995,3
55995,9
55995,12
56003,5
56003,8
56003,16
56003,17
56012,5
56012,7
56022,8
56022,16
56060,5
56060,8
56060,15
56060,18
56145,11
56145,16
56152,2
56152,3
56152,4
56152,5
56152,9
56152,13
56152,15
56156,1
56156,6
56156,17
56169,8
56169,17
56171,2
56171,4
56171,9
56174,1
56174,11
56174,16
56174,17
56174,12
56176,4
56176,5
56251,3
56251,5
56251,16
56274,8
56286,8
56333,5
56333,8
56336,1
56336,11
56336,17
56339,8
56339,11
56339,14
56339,17
56367,5
56367,8
56367,15
56379,7
56389,8
56389,15
56563,7
56587,5
56587,8
56607,8
56620,11
56620,17
56715,8
56715,9
56715,15
56757,8
56757,11
56757,13
56757,17
56775,1
56775,2
56782,8
56782,19
56788,5
56788,8
56788,18
56801,1
56801,11
56801,16
56805,5
56805,13
56837,5
56837,8
56837,15
56869,5
56908,5
56908,8
56908,15
56915,2
56915,4
56915,9
56921,1
56921,8
56921,16
56921,17
56941,5
56941,8
56941,15
56949,5
56949,15
57147,6
57147,8
57147,17
57183,8
57243,5
57243,8
57274,8
57274,11
57274,17
57326,1
57326,2
57326,9
57368,1
57368,14
57368,16
57368,17
57421,5
57421,11
57499,1
57499,2
57499,8
57499,18
57502,2
57502,3
57502,8
57502,11
57504,3
57504,5
57504,8
57504,15
57504,16
57522,5
57522,6
57526,6
57526,17
57528,1
57528,8
57528,17
57528,18
57532,5
57536,5
57637,11
57637,16
57637,17
57640,1
57640,2
57640,9
57640,16
57669,5
57669,6
57669,8
57669,17
57772,6
57772,16
57843,1
57843,6
57843,8
57910,5
57910,11
57951,1
57951,2
57951,5
57951,15
58025,1
58025,2
58025,8
58025,16
58025,17
58047,5
58047,8
58047,15
58078,6
58078,8
58078,15
58078,17
58103,1
58103,8
58103,17
58105,2
58105,4
58105,8
58105,9
58105,12
58107,8
58107,13
58107,15
58154,8
58154,15
58156,5
58162,5
58162,15
58191,7
58287,8
58287,17
58291,5
58293,2
58293,15
58293,17
58295,1
58295,6
58295,17
58297,1
58297,8
58297,16
58297,17
58299,2
58299,3
58299,4
58299,5
58301,8
58301,17
58303,6
58303,8
58303,18
58306,8
58306,18
58309,7
58315,5
58332,11
58332,16
58347,5
58347,9
58347,15
58351,8
58376,7
58376,18
58404,1
58404,2
58404,3
58404,9
58404,16
58425,7
58492,8
58554,8
58559,1
58559,6
58559,8
58559,12
58627,1
58655,5
58783,8
58783,15
58783,16
58803,6
58803,8
58803,15
58803,17
58806,5
58806,8
58806,15
58826,1
58826,6
58826,17
58839,5
58839,8
58839,15
58842,1
58842,8
58842,18
58870,5
58876,8
58876,18
58879,7
58879,13
58879,12
58964,11
58964,17
58972,2
58972,5
58972,9
58975,11
58975,17
58998,5
58998,15
59014,1
59014,5
59014,16
59016,6
59016,8
59016,17
59018,8
59018,15
59022,2
59022,5
59026,5
59037,1
59037,4
59037,16
59037,12
59103,1
59103,2
59103,5
59103,9
59118,5
59118,8
59126,5
59126,7
59129,1
59129,11
59131,11
59141,4
59141,5
59141,8
59143,5
59143,7
59220,5
59220,15
59258,5
59295,7
59306,11
59306,14
59306,17
59315,1
59315,2
59315,16
59333,5
59333,15
59336,1
59336,8
59369,1
59369,6
59369,8
59369,17
59387,2
59387,8
59387,9
59421,5
59421,15
59429,5
59440,8
59440,15
59501,2
59501,4
59501,9
59549,8
59549,15
59604,6
59604,8
59604,11
59604,17
59615,1
59615,2
59615,5
59615,16
59667,5
59725,5
59725,15
59727,11
59727,17
59731,7
59738,11
59738,14
59738,17
59784,1
59784,3
59784,4
59784,5
59784,12
59810,8
59814,5
59814,6
59814,8
59814,11
59900,5
59915,11
59915,17
59947,1
59947,5
59947,8
59947,17
59985,5
59985,8
59985,15
59995,6
59995,8
60030,8
60030,11
60030,17
60037,8
60037,16
60037,17
60040,1
60040,16
60046,8
60046,18
60069,2
60069,3
60069,4
60069,15
60069,16
60072,1
60072,17
60074,1
60074,2
60074,5
60074,6
60074,9
60126,1
60126,5
60128,5
60141,4
60141,5
60161,1
60161,3
60161,5
60161,15
60161,16
60289,4
60289,5
60289,8
60289,14
60291,7
60293,5
60293,8
60293,15
60303,11
60303,14
60303,17
60333,7
60363,5
60363,11
60365,3
60365,4
60365,5
60365,9
60365,13
60389,18
60397,5
60397,13
60397,15
60408,5
60471,1
60471,2
60471,11
60471,16
60471,17
60487,3
60487,4
60487,5
60514,1
60514,2
60514,16
60516,2
60516,4
60516,5
60516,15
60516,16
60522,1
60522,5
60522,9
60522,11
60522,17
60538,11
60538,17
60647,6
60647,8
60647,17
60674,16
60684,1
60684,8
60684,14
60684,16
60684,17
60684,12
60735,8
60735,17
60737,5
60737,15
60753,6
60753,8
60756,5
60760,8
60760,14
60760,16
60760,17
60766,7
60803,3
60803,4
60803,13
60818,2
60818,9
60818,17
60832,6
60832,11
60832,17
60857,8
60885,8
60885,17
60894,8
60894,15
60894,18
60904,5
60904,8
60904,16
60937,1
60937,2
60937,9
60937,17
60941,11
60941,14
60941,17
60943,8
60950,5
60950,8
60950,15
60979,1
60979,3
60979,6
61011,8
61011,14
61024,1
61024,5
61024,6
61026,1
61026,2
61026,8
61026,18
61071,2
61071,5
61071,8
61071,15
61073,1
61073,8
61073,17
61123,5
61123,8
61123,13
61123,15
61132,1
61132,2
61132,5
61132,18
61160,1
61160,2
61160,3
61160,16
61167,8
61167,14
61210,1
61210,2
61210,16
61236,3
61236,7
61236,8
61236,18
61240,8
61240,9
61240,11
61240,15
61246,5
61248,1
61248,2
61248,16
61248,17
61250,5
61255,5
61257,7
61262,11
61262,14
61262,17
61289,1
61289,19
61319,8
61323,5
61323,6
61323,8
61348,5
61350,1
61350,2
61350,16
61350,17
61352,6
61352,8
61352,17
61394,5
61401,1
61401,5
61401,9
61401,17
61406,8
61465,1
61465,6
61465,17
61628,8
61692,11
61692,16
61692,17
61697,6
61697,14
61697,17
61705,8
61705,17
61729,5
61729,9
61729,15
61818,1
61818,2
61818,9
61818,17
61986,19
62008,1
62008,3
62008,5
62008,11
62081,1
62081,6
62081,17
62081,12
62113,5
62155,5
62155,8
62155,15
62208,8
62250,6
62250,8
62293,8
62293,15
62299,1
62299,11
62336,3
62336,5
62336,9
62336,16
62344,8
62344,15
62374,1
62374,8
62374,17
62376,2
62376,4
62376,16
62383,1
62383,2
62383,16
62394,1
62394,6
62394,8
62394,17
62434,5
62434,8
62434,15
62437,8
62439,5
62439,15
62511,5
62511,8
62553,8
62586,5
62586,9
62644,8
62662,7
62718,5
62718,15
62792,6
62792,8
62799,8
62834,16
62836,16
62849,1
62849,6
62956,1
62956,2
62956,3
62956,5
62956,9
62956,16
62970,2
62970,9
62970,16
62999,1
62999,2
62999,3
62999,4
62999,5
62999,12
63033,8
63033,14
63033,15
63033,17
63062,6
63062,8
63062,14
63072,2
63072,8
63072,17
63082,6
63082,8
63082,15
63113,1
63113,2
63113,17
63131,5
63179,8
63222,1
63222,8
63222,17
63239,4
63239,9
63239,13
63239,15
63276,1
63312,8
63312,9
63393,5
63393,13
63393,15
63433,1
63433,2
63433,16
63436,6
63436,11
63436,17
63479,5
63515,8
63515,14
63540,2
63540,4
63540,5
63768,6
63768,8
63808,8
63826,1
63826,11
63826,17
63853,2
63853,8
63853,18
63853,19
63859,1
63859,2
63859,3
63859,4
63859,5
63876,8
63992,8
63992,9
63992,15
63992,17
64010,11
64030,1
64030,2
64030,6
64030,17
64032,5
64034,8
64034,18
64114,8
64114,15
64116,3
64116,5
64167,2
64167,9
64197,8
64231,1
64231,6
64231,8
64231,17
64249,2
64249,3
64249,5
64249,9
64278,7
64285,3
64285,5
64497,8
64497,16
64497,17
64497,12
64499,8
64499,18
64501,8
64501,18
64575,8
64575,14
64614,6
64614,8
64620,8
64622,8
64622,15
64695,1
64695,2
64695,3
64716,8
64839,8
64957,8
64957,9
64957,14
64957,15
64969,5
64983,8
64983,17
64983,18
64993,3
64993,8
64993,15
64997,1
64997,16
65037,8
65088,2
65088,4
65088,5
65126,5
65126,8
65130,8
65130,15
65133,5
65135,5
65188,7
65193,8
65193,15
65216,8
65216,17
65216,18
65225,7
65230,5
65230,8
65261,2
65261,3
65261,4
65261,9
65350,2
65350,6
65350,17
65359,2
65359,8
65359,9
65514,1
65514,8
65514,18
65577,2
65577,3
65577,4
65577,5
65577,9
65585,5
65585,15
65588,1
65588,2
65588,5
65588,9
65596,1
65596,6
65596,8
65596,17
65601,11
65601,17
65631,1
65631,8
65642,16
65642,17
65651,2
65651,9
65682,1
65682,9
65682,11
65682,17
65685,2
65685,9
65738,5
65740,5
65740,15
65802,1
65802,5
65802,6
65810,8
65810,13
65882,8
65882,11
65882,14
65882,17
65982,1
65982,2
65982,16
66090,11
66090,17
66097,3
66097,9
66097,17
66171,16
66171,17
66198,8
66198,17
66203,5
66203,8
66203,15
66240,5
66240,9
66297,1
66297,3
66297,5
66297,16
66310,8
66310,11
66310,17
66320,7
66335,3
66371,8
66427,5
66427,11
66509,5
66509,8
66511,5
66511,8
66544,8
66544,18
66665,5
66665,8
66665,15
66744,8
66783,11
66785,1
66785,2
66785,5
66785,19
66798,2
66798,5
66798,14
66915,2
66915,3
66915,4
66915,13
66934,5
66934,8
66934,13
66934,16
66943,5
66943,6
66943,11
66943,17
67087,5
67168,2
67168,5
67168,11
67186,11
67186,17
67193,6
67193,15
67193,17
67197,1
67197,8
67197,14
67197,16
67197,17
67255,6
67255,8
67255,14
67255,17
67267,5
67267,8
67295,1
67295,3
67295,4
67295,5
67361,1
67361,14
67361,17
67408,3
67408,16
67408,12
67508,1
67508,6
67508,8
67508,17
67534,5
67618,5
67618,8
67618,15
67665,7
67665,13
67695,1
67695,5
67734,5
67734,8
67788,5
67788,15
67799,8
67799,9
67799,16
67799,17
67888,5
67923,1
67923,6
67923,8
67923,17
67997,5
68073,5
68073,8
68135,5
68135,8
68157,1
68157,8
68157,18
68159,6
68159,8
68159,17
68194,8
68205,1
68205,5
68205,6
68237,8
68237,14
68237,16
68237,17
68269,8
68269,15
68319,1
68319,16
68319,17
68347,6
68347,8
68347,17
68358,1
68358,2
68358,16
68358,12
68444,5
68480,1
68480,5
68480,6
68486,1
68486,8
68486,18
68522,7
68536,7
68552,8
68554,6
68554,8
68554,14
68554,17
68597,1
68597,8
68597,17
68600,5
68650,8
68659,2
68659,5
68659,8
68791,1
68791,2
68791,16
68791,17
68793,1
68793,5
68793,12
68835,2
68835,9
68835,13
68835,15
68848,2
68848,5
68848,6
68848,15
68872,8
68872,18
68886,5
68886,15
68932,8
68932,13
68945,1
68945,3
68945,14
68945,16
68952,5
68952,11
68954,2
68954,3
68954,4
68954,8
68959,1
68959,2
68959,3
68959,8
69069,5
69118,8
69118,14
69122,5
69122,6
69131,1
69131,6
69131,8
69131,17
69134,8
69134,9
69140,6
69140,8
69140,11
69140,17
69211,5
69211,11
69224,5
69224,8
69224,15
69227,4
69227,5
69251,8
69251,9
69275,1
69275,2
69275,5
69275,11
69278,1
69278,2
69278,5
69278,16
69304,5
69304,8
69304,9
69306,6
69306,8
69306,17
69394,6
69394,8
69406,5
69406,15
69436,2
69436,5
69453,2
69453,16
69469,3
69481,1
69481,8
69481,17
69481,18
69495,8
69495,15
69516,6
69516,8
69516,10
69524,1
69524,2
69524,17
69526,1
69526,2
69526,16
69526,12
69529,7
69604,5
69604,15
69606,5
69606,9
69606,15
69640,6
69640,8
69640,17
69644,1
69644,2
69644,3
69644,4
69644,5
69644,15
69654,1
69654,8
69654,17
69685,3
69685,5
69712,8
69720,5
69720,8
69720,11
69746,1
69746,2
69746,3
69746,11
69757,5
69757,8
69757,15
69784,5
69805,1
69805,2
69805,9
69844,2
69844,9
69844,14
69844,15
69844,12
69849,8
69849,18
69860,8
69860,18
69904,8
69904,17
69951,8
69951,9
69953,7
69988,5
70015,6
70015,8
70159,8
70159,11
70159,14
70159,17
70183,5
70183,8
70183,15
70206,6
70206,11
70206,17
70208,11
70208,17
70286,14
70286,16
70286,17
70293,5
70293,8
70293,15
70301,6
70301,8
70301,17
70305,2
70305,4
70305,9
70305,16
70305,17
70334,5
70334,8
70334,13
70334,15
70336,1
70336,2
70336,16
70336,17
70361,1
70361,17
70451,1
70451,8
70451,18
70492,19
70521,8
70521,9
70521,15
70521,16
70533,1
70533,3
70533,16
70545,5
70565,5
70599,8
70599,15
70599,16
70637,8
70637,15
70641,5
70663,5
70663,15
70687,5
70687,7
70687,8
70687,15
70697,1
70697,2
70697,4
70697,9
70703,2
70708,8
70708,14
70728,1
70728,5
70728,8
70728,17
70862,7
70932,5
70946,9
70946,11
70984,5
70990,8
70994,11
70994,17
71033,6
71033,8
71033,14
71033,15
71033,17
71057,2
71057,3
71057,16
71106,5
71106,16
71108,8
71108,14
71129,1
71129,2
71129,3
71129,9
71129,16
71131,7
71135,11
71135,16
71135,17
71147,8
71156,1
71156,5
71156,8
71160,1
71160,2
71160,9
71205,5
71205,11
71205,16
71205,17
71211,5
71211,6
71211,8
71211,17
71248,5
71252,11
71252,17
71254,1
71254,16
71254,17
71264,3
71264,4
71264,9
71264,12
71268,5
71268,8
71282,7
71302,5
71302,16
71304,8
71304,11
71327,8
71327,15
71341,11
71379,11
71379,17
71429,5
71429,8
71438,8
71453,7
71453,8
71462,7
71464,5
71464,8
71466,5
71466,8
71468,1
71468,9
71468,16
71484,3
71484,16
71494,1
71494,3
71494,5
71494,11
71494,17
71500,5
71500,11
71500,17
71518,5
71518,8
71520,5
71530,1
71530,16
71530,17
71535,1
71535,5
71535,11
71550,5
71550,8
71550,14
71579,8
71579,15
71619,8
71640,7
71668,5
71668,15
71732,5
71732,11
71745,2
71745,4
71745,8
71745,9
71745,12
71810,1
71810,2
71810,8
71810,18
71823,8
71823,15
71838,8
71838,17
71867,8
71899,3
71899,5
71899,8
71902,8
71902,15
71910,1
71970,2
71970,5
71970,15
71999,1
71999,2
71999,8
71999,9
71999,15
71999,16
71999,17
72011,8
72011,15
72104,3
72104,8
72104,14
72104,16
72104,17
72129,6
72129,11
72129,14
72129,17
72142,1
72142,5
72142,8
72142,15
72165,1
72165,2
72165,5
72165,9
72165,11
72165,17
72167,1
72167,6
72167,8
72167,17
72171,1
72171,5
72178,5
72178,8
72178,18
72224,5
72226,2
72226,3
72226,4
72226,5
72226,6
72294,3
72294,4
72294,8
72294,9
72294,12
72308,1
72308,2
72308,8
72308,16
72330,8
72356,3
72356,4
72356,5
72356,9
72378,1
72378,8
72378,16
72378,17
72395,8
72405,6
72405,8
72407,8
72407,9
72407,11
72407,15
72407,17
72424,1
72424,17
72479,8
72479,15
72479,18
72489,1
72489,6
72489,8
72489,17
72554,1
72554,8
72591,1
72591,17
72601,1
72601,2
72601,3
72601,5
72601,17
72603,3
72605,8
72605,17
72605,18
72624,8
72641,8
72692,3
72692,5
72692,9
72694,8
72696,5
72701,2
72701,3
72701,4
72701,5
72701,16
72714,7
72720,8
72731,6
72731,8
72731,9
72731,11
72731,17
72733,8
72737,3
72737,4
72737,9
72737,13
72737,15
72874,1
72919,5
72919,6
72919,8
72919,15
72921,9
72921,15
72982,1
72982,2
72982,9
72998,1
72998,2
72998,16
72998,12
73015,5
73015,15
73017,1
73017,6
73017,14
73017,17
73023,8
73023,15
73042,3
73042,4
73042,5
73042,13
73106,5
73160,5
73160,11
73211,11
73211,17
73266,5
73266,8
73266,15
73268,1
73268,8
73268,11
73268,17
73290,8
73319,5
73319,15
73321,1
73321,2
73321,8
73323,1
73323,6
73323,14
73344,6
73344,8
73386,6
73386,8
73431,5
73431,6
73488,1
73488,11
73488,17
73499,1
73499,2
73501,5
73515,5
73515,15
73569,1
73569,5
73569,6
73676,1
73676,5
73676,8
73681,5
73681,8
73741,1
73741,6
73741,8
73741,17
73804,2
73804,4
73804,5
73804,9
73808,6
73808,8
73808,17
73822,5
73822,8
73854,2
73854,3
73854,4
73854,9
73854,13
73858,5
73876,1
73876,6
73876,8
73881,5
73881,8
73881,15
73929,1
73929,9
73929,11
73929,17
74075,5
74075,11
74089,4
74089,9
74089,13
74095,3
74095,9
74095,11
74095,16
74154,5
74154,15
74226,7
74226,8
74228,8
74228,11
74228,14
74228,17
74275,5
74275,8
74275,15
74282,4
74282,8
74282,15
74324,8
74342,5
74342,8
74342,18
74370,11
74370,17
74450,5
74450,15
74452,11
74452,17
74458,8
74458,14
74458,17
74508,8
74508,15
74510,1
74510,6
74510,8
74510,14
74510,17
74530,2
74530,9
74532,1
74532,5
74532,6
74545,8
74545,14
74545,17
74553,3
74553,9
74580,1
74580,4
74580,5
74624,2
74624,8
74624,15
74647,5
74668,1
74668,16
74677,7
74683,5
74685,1
74685,8
74685,11
74685,16
74685,17
74688,8
74688,15
74688,18
74696,7
74696,8
74698,5
74698,9
74727,5
74727,6
74727,8
74727,14
74750,11
74750,17
74754,5
74754,8
74754,15
74789,2
74789,9
74789,12
74791,3
74795,1
74795,8
74795,17
74795,18
74851,1
74851,6
74868,8
74868,11
74868,16
74916,5
74916,8
74946,5
74948,6
74948,8
74948,17
75341,8
75341,15
75389,11
75389,17
75389,19
75395,8
75395,11
75395,17
75416,1
75416,2
75416,16
75446,8
75803,5
75805,1
75805,5
75805,15
75813,5
75813,6
75813,8
75813,17
75816,5
75947,7
75985,1
75985,16
75985,17
76030,11
76030,17
76054,7
76054,8
76060,5
76077,5
76077,16
76091,6
76091,8
76091,14
76091,17
76093,2
76093,3
76093,4
76093,9
76093,12
76143,6
76143,17
76173,5
76173,6
76175,1
76175,2
76175,8
76175,9
76251,1
76251,5
76293,1
76293,5
76293,15
76301,3
76301,4
76301,5
76301,15
76738,7
76743,1
76743,2
76743,5
76751,6
76751,7
76763,8
76763,13
77177,7
77191,5
77201,1
77201,8
77201,18
77206,4
77206,5
77233,5
77233,7
77266,8
77364,1
77364,2
77364,8
77364,14
77364,17
77414,8
77414,15
77421,5
77421,8
77421,15
77427,11
77455,5
77455,7
77561,1
77561,2
77561,16
77561,17
77561,12
77667,1
77667,5
77688,5
77709,2
77709,3
77709,8
77795,16
77798,9
77798,11
77798,17
77800,5
77800,8
77841,2
77841,5
77846,6
77846,8
77866,1
77866,2
77866,8
77866,15
77866,18
77881,8
77881,15
77893,1
77893,8
77931,5
77931,13
77931,16
77931,19
78034,5
78034,8
78034,15
78039,8
78039,15
78041,1
78041,5
78088,14
78088,17
78103,8
78103,18
78105,1
78105,2
78105,9
78105,15
78105,12
78116,5
78116,8
78142,5
78142,8
78142,18
78160,5
78174,5
78174,8
78174,15
78209,5
78218,8
78218,17
78264,5
78264,15
78266,11
78266,16
78266,17
78316,8
78316,15
78349,14
78349,17
78467,1
78467,8
78467,17
78467,19
78469,1
78469,5
78469,17
78499,2
78499,3
78499,4
78499,5
78499,9
78499,12
78544,5
78574,8
78574,17
78620,5
78620,19
78626,5
78626,11
78637,2
78637,3
78637,4
78637,5
78637,9
78637,12
78703,5
78703,8
78703,9
78703,15
78746,7
78772,9
78772,15
78772,17
78772,12
78836,8
78893,1
78893,2
78893,9
78959,8
79006,7
79008,3
79008,5
79008,9
79057,1
79057,16
79057,17
79073,7
79091,3
79091,4
79091,5
79091,6
79132,1
79132,6
79132,8
79132,14
79132,16
79132,17
79132,12
79134,5
79139,1
79139,2
79139,4
79139,5
79139,9
79185,1
79185,5
79185,15
79224,1
79224,4
79224,8
79242,5
79242,8
79251,11
79251,17
79259,8
79259,17
79274,1
79274,3
79293,1
79293,17
79299,5
79299,6
79299,14
79333,5
79333,6
79333,15
79357,8
79357,9
79357,15
79357,16
79428,5
79501,6
79501,8
79501,17
79536,6
79553,1
79572,4
79572,5
79590,5
79590,15
79592,1
79592,5
79677,6
79677,7
79684,5
79684,8
79695,1
79695,2
79695,17
79702,1
79702,5
79702,9
79702,13
79702,15
79798,8
79868,9
79868,11
79868,14
79868,17
79879,1
79879,11
79879,17
79895,1
79895,2
79895,9
79895,14
79897,5
79897,8
79897,14
79946,5
79946,8
80083,1
80083,2
80083,3
80083,9
80083,16
80094,11
80094,17
80124,1
80124,6
80124,8
80126,8
80126,17
80139,5
80139,7
80162,1
80162,11
80162,17
80166,5
80166,15
80219,1
80219,2
80219,5
80219,6
80219,17
80241,5
80241,15
80363,1
80363,11
80363,16
80363,17
80363,12
80454,8
80463,8
80478,7
80478,8
80478,14
80489,6
80489,8
80489,17
80549,5
80549,15
80551,8
80551,15
80553,8
80572,5
80572,8
80584,5
80584,8
80584,15
80586,5
80586,8
80586,15
80590,8
80615,2
80615,3
80615,9
80615,12
80693,5
80693,8
80727,5
80727,6
80727,8
80748,2
80748,4
80748,9
80831,8
80831,11
80831,14
80834,3
80834,9
80839,2
80839,8
80846,11
80846,14
80846,17
80858,5
80860,5
80860,15
80862,7
80862,14
80864,5
80864,15
80880,8
80880,17
80906,7
80917,8
80917,16
80969,8
80969,15
80969,16
81018,3
81087,8
81132,1
81132,2
81132,5
81132,6
81132,8
81132,10
81132,11
81132,14
81132,17
81132,19
81156,1
81156,5
81156,7
81158,7
81158,18
81191,7
81229,1
81229,5
81257,8
81383,5
81383,15
81417,11
81417,12
81456,8
81456,15
81512,8
81512,9
81520,1
81520,6
81520,8
81535,11
81535,14
81535,17
81537,5
81562,2
81562,8
81562,17
81564,1
81564,3
81564,4
81564,5
81564,16
81564,12
81591,8
81591,17
81681,8
81681,15
81681,19
81782,1
81782,8
81782,17
81784,5
81784,8
81784,15
81786,8
81788,6
81788,8
81788,15
81788,17
81791,8
81819,8
81831,5
81831,8
81834,1
81834,2
81834,9
81834,12
81845,8
81847,3
81847,4
81847,5
81847,9
81847,13
81847,15
81847,12
81910,7
81932,8
81949,5
81949,8
81949,15
82041,11
82053,5
82053,6
82088,8
82093,6
82093,15
82095,16
82095,17
82152,8
82152,9
82152,15
82167,5
82167,8
82167,15
82169,2
82169,4
82169,9
82202,8
82202,17
82242,1
82242,5
82366,5
82366,11
82366,17
82378,8
82378,14
82378,17
82459,19
82461,1
82461,2
82461,16
82461,12
82499,5
82499,8
82499,15
82527,8
82534,8
82641,1
82641,8
82667,6
82667,17
82684,8
82744,1
82744,6
82744,8
82765,1
82765,2
82765,5
82765,8
82765,18
82767,8
82848,5
82852,5
82854,2
82854,5
82854,9
82857,2
82857,7
82857,19
83086,8
83086,13
83086,15
83132,3
83132,4
83132,9
83134,5
83134,11
83177,4
83177,5
83270,5
83270,8
83349,1
83349,5
83349,6
83349,9
83349,17
83349,12
83369,8
83374,1
83374,9
83374,19
83480,2
83480,8
83480,9
83601,8
83601,11
83613,1
83613,16
83613,17
83613,19
83613,12
83796,6
83796,8
83796,17
83803,3
83803,4
83827,7
83910,5
83910,8
83969,5
83969,8
83969,15
83976,5
83976,8
84152,16
84152,17
84156,7
84187,1
84187,3
84187,8
84187,16
84189,6
84189,11
84189,17
84240,8
84246,5
84246,15
84273,7
84374,5
84374,15
84392,6
84392,8
84392,17
84414,1
84414,2
84414,3
84414,16
84512,5
84523,1
84523,5
84523,8
84553,5
84601,8
84601,14
84601,17
84615,5
84637,2
84637,3
84637,4
84637,5
84637,9
84637,15
84696,5
84696,17
84716,5
84716,8
84716,15
84772,2
84772,5
84772,16
84799,11
84799,16
84844,6
84844,8
84847,5
84847,8
84847,15
84942,1
84942,9
84942,17
84944,1
84944,2
84944,3
84944,4
84944,5
84944,19
84950,5
84950,8
84952,8
84952,11
84954,15
84954,16
84954,17
85020,1
85020,8
85020,17
85022,5
85025,2
85025,8
85056,1
85056,16
85056,17
85056,12
85131,1
85131,16
85131,18
85179,2
85179,3
85179,5
85179,16
85213,8
85259,3
85259,4
85261,1
85261,2
85261,3
85261,4
85261,5
85261,16
85261,12
85295,2
85295,4
85295,5
85295,14
85316,3
85316,4
85334,1
85334,5
85342,1
85342,6
85342,8
85354,1
85354,6
85367,5
85367,15
85394,7
85397,9
85397,11
85397,14
85397,17
85399,5
85401,1
85401,5
85401,8
85412,9
85412,11
85414,1
85414,8
85414,14
85414,16
85414,17
85438,8
85438,15
85510,1
85510,9
85510,17
85510,12
85565,5
85565,15
85736,2
85736,3
85736,4
85736,16
85774,7
85780,3
85780,5
85780,16
85788,9
85788,11
85788,17
85796,1
85796,2
85796,6
85796,17
85881,5
85881,8
85885,8
85885,15
86000,5
86000,8
86014,5
86028,5
86028,6
86059,3
86059,4
86059,5
86066,5
86068,11
86068,17
86142,1
86190,1
86190,2
86190,14
86190,17
86237,7
86279,7
86286,3
86286,4
86286,5
86286,11
86290,5
86290,7
86293,5
86295,5
86295,11
86295,14
86295,17
86298,2
86298,3
86298,4
86298,5
86320,8
86320,16
86332,1
86332,2
86332,8
86332,9
86332,12
86345,5
86347,5
86355,8
86355,14
86355,16
86377,5
86487,8
86504,7
86548,8
86548,15
86593,2
86593,7
86628,1
86628,6
86644,1
86644,6
86644,8
86644,17
86644,12
86668,7
86721,3
86721,8
86721,9
86781,8
86781,14
86781,18
86815,1
86815,8
86817,5
86817,8
86817,15
86833,5
86835,1
86835,11
86835,16
86835,17
86864,2
86864,9
86864,16
86880,1
86880,2
86880,9
86880,12
86882,5
86882,9
86882,15
86892,1
86892,6
86892,17
86898,8
86911,5
86922,5
86960,17
87028,8
87028,17
87192,1
87192,5
87192,16
87194,2
87194,5
87194,8
87197,1
87197,5
87222,1
87222,2
87222,3
87222,4
87222,5
87222,12
87232,1
87232,2
87232,16
87232,17
87232,18
87234,5
87234,8
87234,15
87287,7
87298,5
87298,8
87304,8
87306,14
87306,16
87306,17
87306,12
87413,5
87413,8
87430,1
87430,2
87430,16
87444,5
87483,5
87485,5
87520,1
87520,2
87520,16
87520,18
87520,12
87522,5
87522,8
87522,15
87529,1
87529,2
87529,5
87529,9
87660,8
87785,1
87785,6
87785,17
87834,3
87834,5
87834,8
87867,5
87869,5
87869,6
87876,2
87876,3
87876,4
87876,5
87876,12
87960,7
88069,5
88069,6
88094,7
88108,2
88108,5
88108,15
88125,1
88125,2
88125,8
88125,9
88125,14
88125,12
88129,6
88129,8
88129,10
88129,17
88140,1
88140,2
88140,16
88140,17
88140,18
88163,5
88163,8
88163,15
88179,8
88179,15
88235,5
88235,6
88267,3
88267,4
88267,5
88272,11
88327,1
88327,8
88327,18
88345,3
88345,5
88356,3
88356,4
88356,5
88405,5
88405,15
88448,5
88448,8
88515,1
88515,6
88515,17
88593,6
88593,8
88593,17
88672,5
88697,8
88699,1
88699,16
88699,17
88744,1
88744,8
88744,16
88744,17
88746,5
88785,5
88810,8
88812,1
88812,5
88812,6
88911,5
88932,11
88932,17
88932,12
88954,5
89028,11
89028,17
89030,5
89030,11
89039,8
89039,15
89039,16
89047,8
89072,11
89085,8
89085,17
89087,1
89087,2
89087,8
89087,17
89090,7
89118,8
89190,1
89190,2
89190,9
89208,11
89208,17
89281,15
89281,17
89305,2
89305,5
89343,1
89343,6
89343,11
89343,17
89386,7
89386,13
89388,5
89427,11
89427,17
89470,16
89470,17
89470,12
89492,8
89580,8
89582,8
89582,17
89586,2
89586,3
89586,4
89678,8
89678,15
89745,1
89745,2
89745,16
89745,12
89753,8
89753,10
89753,17
89759,8
89761,8
89761,17
89774,8
89804,8
89837,11
89837,14
89837,17
89840,1
89840,17
89862,1
89862,8
89862,15
89864,5
89864,8
89898,5
89898,8
89898,16
89904,5
89904,8
89904,15
89939,5
89945,11
89945,16
90057,8
90243,1
90243,8
90245,7
90249,1
90249,8
90249,16
90249,12
90343,5
90343,8
90343,13
90345,11
90345,14
90345,16
90345,17
90353,8
90357,8
90374,8
90374,17
90376,8
90376,17
90384,1
90384,17
90384,18
90403,1
90403,2
90405,6
90405,16
90405,17
90428,8
90430,5
90430,8
90439,8
90439,17
90469,11
90471,8
90522,2
90522,5
90522,17
90524,1
90524,8
90524,14
90524,17
90528,6
90528,8
90528,17
90531,8
90576,5
90576,15
90600,1
90600,6
90600,17
90603,1
90603,3
90603,6
90630,7
90647,2
90647,3
90647,5
90647,9
90647,12
90717,1
90717,5
90717,6
90719,8
90738,1
90738,6
90738,8
90738,14
90738,17
90746,1
90746,3
90746,14
90746,12
90769,7
90809,8
90863,7
90866,4
90866,8
90866,14
90888,1
90888,8
90888,9
90890,5
90943,7
90945,2
90945,6
90945,8
91077,5
91077,8
91079,8
91079,15
91094,4
91094,5
91094,13
91104,2
91104,8
91104,9
91104,15
91126,8
91126,18
91128,5
91128,8
91128,17
91233,3
91233,5
91233,16
91261,8
91261,13
91261,15
91266,4
91266,5
91266,13
91266,15
91273,1
91273,8
91273,9
91323,5
91325,8
91337,5
91337,15
91353,2
91353,3
91353,4
91353,5
91355,2
91355,3
91355,4
91355,5
91355,9
91386,3
91386,4
91386,5
91386,12
91414,3
91414,4
91414,5
91414,8
91470,1
91470,8
91483,1
91483,6
91483,10
91485,1
91485,2
91488,3
91488,4
91488,13
91500,1
91500,2
91500,8
91500,16
91500,17
91529,1
91529,2
91529,6
91529,12
91535,1
91535,2
91535,8
91535,17
91535,12
91542,1
91542,2
91542,5
91542,6
91542,14
91542,17
91571,8
91571,17
91622,5
91622,8
91628,5
91628,15
91630,1
91630,2
91630,17
91630,12
91653,5
91653,8
91658,8
91658,17
91660,1
91660,11
91660,16
91660,17
91666,5
91666,8
91666,15
91671,3
91671,5
91688,5
91688,17
91690,5
91784,5
91784,8
91784,9
91842,1
91842,6
91842,8
91842,17
91860,7
91869,7
91873,5
91873,13
91890,8
91935,8
91947,5
91947,11
91974,1
91974,9
91974,11
91974,12
91976,1
91976,8
91978,6
91978,17
91981,8
92008,1
92008,17
92046,5
92048,8
92048,17
92094,8
92192,11
92192,16
92192,17
92198,1
92198,8
92198,17
92234,1
92234,2
92234,8
92234,18
92243,8
92243,18
92259,5
92259,8
92264,1
92264,5
92264,6
92309,11
92309,17
92348,2
92348,3
92348,4
92348,5
92348,9
92348,15
92391,11
92420,1
92420,16
92420,17
92422,8
92422,11
92422,17
92427,5
92439,8
92439,15
92475,7
92494,5
92494,7
92507,1
92507,6
92507,14
92507,17
92509,8
92509,15
92535,5
92637,6
92637,8
92637,9
92643,4
92643,5
92643,8
92665,5
92665,8
92665,15
92674,8
92674,13
92681,1
92681,2
92681,5
92681,16
92681,12
92694,8
92694,15
92694,16
92730,4
92730,9
92760,11
92760,16
92938,1
92938,9
92938,17
92954,8
93006,5
93006,13
93008,5
93008,13
93022,5
93022,6
93040,7
93040,18
93114,5
93114,8
93134,5
93139,1
93139,2
93139,11
93193,6
93193,17
93193,19
93208,3
93208,4
93242,8
93242,17
93270,5
93272,3
93272,9
93272,13
93272,12
93287,5
93297,1
93297,17
93297,18
93320,5
93320,6
93326,1
93326,5
93326,15
93363,1
93363,2
93363,16
93363,12
93443,5
93443,8
93502,8
93502,17
93510,1
93510,5
93510,6
93512,5
93512,8
93563,1
93563,16
93563,17
93598,6
93598,8
93598,17
93610,1
93610,2
93610,8
93721,7
93723,5
93723,15
93740,5
93740,8
93740,15
93766,1
93766,2
93766,9
93766,12
93790,8
93805,1
93805,5
93805,16
93819,11
93831,5
93838,1
93838,6
93840,5
93840,11
93840,16
93840,17
93855,5
93855,8
93980,5
93982,14
93982,17
93988,8
93988,15
94011,1
94011,17
94015,2
94015,5
94015,9
94018,1
94018,16
94018,17
94018,12
94070,5
94070,8
94122,7
94130,7
94150,5
94150,15
94160,1
94160,3
94160,9
94262,16
94262,17
94266,5
94266,15
94323,5
94325,8
94405,1
94405,6
94405,17
94478,5
94478,11
94478,12
94494,8
94494,17
94503,5
94503,15
94661,5
94661,8
94677,5
94735,7
94777,1
94777,5
94777,16
94777,12
94780,1
94780,2
94780,8
94799,8
94799,14
94799,16
94810,8
94810,9
94810,16
94833,2
94833,3
94833,4
94833,5
94864,1
94864,11
94864,16
94864,12
94867,11
94867,14
94867,17
94896,5
94896,6
94896,8
94919,8
94919,17
94931,8
94931,15
94953,5
94959,5
94959,8
94959,15
94985,1
94985,6
94985,8
94985,17
95004,1
95004,3
95067,5
95067,8
95088,5
95088,8
95105,2
95105,3
95105,4
95105,5
95105,12
95135,5
95135,8
95145,1
95145,2
95145,3
95145,4
95147,1
95147,2
95147,3
95147,4
95149,1
95149,3
95149,9
95163,1
95163,2
95163,3
95163,4
95165,1
95165,2
95165,3
95165,16
95165,17
95167,1
95167,2
95167,3
95167,4
95170,3
95170,4
95170,9
95170,13
95175,8
95182,1
95182,2
95182,3
95182,16
95193,2
95193,3
95193,4
95199,5
95199,8
95199,15
95201,5
95207,1
95207,9
95207,11
95207,17
95218,7
95307,5
95307,8
95307,13
95307,12
95309,5
95309,8
95309,15
95311,3
95311,4
95311,5
95311,9
95313,2
95313,3
95313,4
95313,5
95377,3
95377,5
95377,13
95441,5
95441,9
95449,8
95449,15
95473,1
95473,2
95473,3
95475,1
95475,2
95475,3
95497,1
95497,2
95497,3
95499,1
95499,2
95499,3
95508,6
95508,8
95508,17
95510,1
95510,2
95510,16
95510,12
95519,1
95519,2
95519,3
95519,9
95543,2
95543,3
95543,5
95558,8
95558,9
95583,6
95583,8
95583,17
95624,8
95633,11
95654,3
95654,4
95690,5
95690,17
95717,2
95720,5
95720,16
95738,4
95738,13
95738,14
95744,5
95761,6
95761,17
95771,1
95771,2
95771,3
95780,1
95780,2
95780,3
95796,1
95796,11
95796,16
95796,17
95839,8
95839,9
95843,5
95843,9
95843,15
95858,3
95858,4
95858,5
95873,5
95873,9
95873,15
95875,1
95875,16
95875,17
95939,5
95939,8
95949,5
95965,1
95965,2
95965,3
96004,1
96004,2
96004,3
96007,1
96007,2
96007,3
96020,8
96079,1
96079,2
96079,17
96079,12
96084,8
96110,5
96114,6
96114,17
96121,5
96121,8
96150,7
96281,2
96281,3
96281,5
96283,4
96283,5
96373,8
96411,7
96417,1
96417,17
96430,5
96430,8
96430,9
96432,6
96432,8
96448,5
96448,11
96471,6
96471,8
96471,14
96488,7
96518,8
96518,17
96520,8
96520,14
96530,5
96530,15
96563,7
96567,8
96567,15
96588,5
96588,13
96606,7
96608,3
96608,5
96608,16
96610,1
96610,6
96610,16
96616,5
96655,5
96655,8
96655,16
96691,1
96691,11
96691,16
96691,12
96726,5
96726,15
96728,8
96737,1
96737,16
96811,6
96811,8
96811,17
96815,11
96815,17
96821,8
96821,15
96829,8
96832,8
96832,9
96832,13
96832,14
96832,16
96861,1
96861,6
96861,8
96861,17
96917,11
96917,17
96935,5
96935,9
96935,15
96945,5
96945,8
96945,15
96964,6
96964,8
96964,14
96975,5
96975,8
96975,15
97024,8
97024,15
97168,7
97172,3
97172,5
97172,11
97172,12
97188,11
97188,17
97194,7
97225,3
97225,4
97225,5
97230,7
97285,1
97285,6
97285,14
97304,8
97304,17
97306,5
97306,6
97328,5
97328,8
97470,1
97470,8
97470,17
97643,11
97643,17
97665,2
97665,5
97701,11
97701,12
97742,1
97742,6
97742,14
97742,17
97752,8
97752,16
97752,12
97757,1
97757,2
97757,5
97757,7
97757,9
97785,11
97785,14
97785,17
97836,1
97836,5
97858,5
97858,8
97860,6
97860,8
97860,17
97866,7
97870,8
97904,5
97904,8
97913,3
97913,5
97921,5
97921,8
97923,8
97936,8
97938,2
97938,8
97938,12
97950,1
97950,2
97950,6
97988,11
97988,16
97988,17
98061,4
98061,6
98061,8
98083,5
98083,7
98122,7
98124,1
98124,3
98124,16
98154,8
98154,18
98160,5
98175,5
98175,11
98175,15
98203,2
98203,8
98203,9
98203,15
98203,12
98230,5
98230,8
98230,15
98239,1
98239,18
98243,2
98243,3
98243,4
98243,9
98243,12
98279,5
98296,6
98296,8
98296,17
98361,8
98361,9
98361,17
98491,3
98491,5
98491,15
98499,1
98499,5
98503,1
98503,5
98585,8
98604,3
98604,8
98604,15
98607,1
98607,3
98607,16
98623,1
98623,5
98623,6
98633,1
98633,5
98697,2
98697,5
98799,3
98799,5
98809,2
98809,9
98809,12
98836,5
98836,8
98908,5
98908,15
98961,1
98961,8
98961,17
99005,1
99005,6
99005,8
99007,5
99007,11
99007,15
99030,5
99030,8
99087,5
99087,15
99106,5
99112,1
99112,6
99112,17
99114,1
99114,8
99114,19
99117,8
99122,5
99122,11
99130,5
99130,11
99145,8
99145,17
99149,8
99149,13
99149,15
99149,12
99191,11
99415,5
99437,5
99437,9
99437,11
99532,8
99532,15
99574,8
99636,5
99636,8
99638,5
99721,11
99721,14
99721,17
99728,1
99728,6
99728,8
99750,6
99750,8
99750,17
99764,3
99764,5
99764,8
99764,9
99764,16
99813,1
99813,3
99846,7
99853,5
99853,15
99853,16
99910,1
99910,6
99910,17
99917,15
99917,16
99917,17
99992,6
99992,8
99992,17
100044,7
100068,5
100083,5
100106,7
100159,5
100163,1
100163,9
100163,11
100163,12
100194,5
100226,5
100226,8
100277,8
100277,15
100302,8
100302,15
100302,16
100304,1
100304,17
100306,8
100306,11
100326,5
100326,6
100383,6
100383,8
100383,14
100383,17
100390,5
100390,6
100397,11
100487,8
100487,9
100487,15
100498,1
100498,6
100498,17
100498,12
100507,5
100527,8
100527,14
100527,15
100553,7
100556,7
100579,1
100579,16
100579,17
100611,2
100611,3
100611,5
100611,16
100714,8
100714,15
100737,1
100737,8
100737,17
100810,11
100810,16
100810,17
100843,5
100843,8
100882,2
100882,5
100882,9
100882,15
100882,12
100906,1
100906,11
100906,17
101025,2
101025,9
101025,12
101070,8
101072,5
101074,3
101074,5
101074,11
101074,13
101076,1
101076,2
101076,16
101076,17
101076,12
101088,8
101088,14
101088,17
101112,1
101112,2
101112,9
101112,12
101142,2
101142,3
101142,5
101283,5
101360,8
101360,17
101362,1
101362,17
101415,5
101415,8
101415,15
101423,1
101423,3
101423,5
101525,6
101525,8
101529,5
101529,9
101529,17
101531,8
101577,1
101577,2
101577,15
101612,5
101612,15
101739,11
101741,6
101741,17
101765,2
101765,5
101765,15
101864,1
101864,2
101864,16
101864,12
101884,2
101884,8
101884,17
101895,8
101962,3
101962,9
101973,8
101973,17
102007,3
102025,4
102025,11
102025,16
102033,1
102033,5
102033,6
102058,3
102066,11
102066,17
102070,5
102070,11
102070,16
102084,1
102084,3
102084,9
102088,1
102088,8
102088,12
102123,1
102123,5
102125,1
102125,16
102125,17
102125,12
102165,5
102165,8
102194,2
102194,6
102194,8
102217,5
102278,6
102278,17
102338,1
102338,2
102338,8
102378,5
102378,8
102407,8
102445,1
102445,2
102445,16
102445,12
102481,5
102590,7
102590,9
102602,5
102666,2
102666,5
102684,8
102684,17
102686,5
102716,1
102716,6
102716,17
102716,12
102720,2
102720,3
102720,9
102735,1
102735,8
102742,7
102747,5
102749,1
102749,6
102760,5
102760,6
102760,8
102800,5
102800,8
102802,11
102802,17
102819,8
102823,7
102852,7
102880,1
102880,2
102880,16
102880,12
102903,6
102903,14
102903,17
102984,11
102984,17
102993,5
102993,8
103027,5
103027,8
103027,15
103042,1
103042,2
103042,9
103042,16
103042,12
103048,5
103075,6
103075,11
103075,17
103085,5
103085,9
103107,7
103137,6
103137,8
103141,2
103141,3
103141,5
103171,5
103210,1
103210,2
103210,3
103219,11
103219,17
103221,5
103221,15
103228,1
103228,2
103228,16
103228,12
103233,1
103233,2
103233,3
103235,17
103245,5
103245,8
103245,15
103249,1
103249,8
103249,11
103249,12
103253,1
103253,8
103253,16
103253,12
103335,3
103335,4
103335,5
103335,12
103339,1
103339,8
103339,17
103339,12
103341,1
103341,5
103341,16
103366,1
103366,6
103366,17
103372,1
103372,5
103372,6
103384,1
103384,2
103384,19
103384,12
103449,6
103449,8
103449,14
103449,17
103483,11
103483,17
103502,5
103502,15
103539,5
103539,8
103539,15
103543,5
103543,8
103596,16
103602,5
103602,7
103606,5
103606,8
103606,15
103609,5
103624,8
103655,1
103655,5
103655,9
103685,8
103685,9
103685,17
103685,18
103688,11
103688,17
103755,2
103755,3
103755,4
103755,5
103755,9
103772,1
103772,2
103772,9
103772,16
103801,5
103801,8
103801,15
103810,1
103810,5
103810,6
103810,17
103819,5
103865,5
103865,8
103883,1
103883,5
103883,6
103980,8
103984,5
103984,8
104017,1
104017,2
104017,16
104069,5
104074,2
104074,4
104074,9
104076,3
104076,4
104076,5
104078,5
104129,1
104129,12
104141,1
104141,3
104141,4
104141,6
104211,5
104211,6
104218,5
104241,1
104241,5
104241,6
104243,1
104243,16
104243,17
104243,12
104245,2
104245,3
104245,5
104272,7
104283,3
104283,8
104283,15
104303,8
104337,8
104339,5
104374,8
104374,9
104374,15
104419,1
104419,3
104419,16
104457,11
104457,17
104644,5
104760,1
104760,6
104780,2
104780,3
104780,16
104837,1
104837,6
104841,1
104841,16
104841,12
104863,5
104863,8
104863,15
104875,2
104875,5
104875,13
104875,16
104879,8
104879,14
104879,17
104906,5
104906,15
104908,11
104908,17
104913,1
104913,8
104925,1
104925,5
104925,6
104944,8
105020,1
105020,5
105020,17
105037,5
105121,1
105121,8
105121,18
105197,2
105197,8
105211,5
105211,8
105211,15
105213,5
105213,8
105213,15
105246,8
105246,9
105250,7
105254,2
105254,5
105325,5
105325,11
105351,6
105351,8
105351,17
105355,8
105355,15
105468,3
105468,4
105468,5
105468,9
105504,2
105504,8
105504,17
105504,12
105540,3
105540,4
105540,5
105540,13
105585,1
105585,6
105585,17
105593,5
105593,6
105593,8
105653,1
105653,14
105653,17
105720,5
105720,6
105720,8
105731,8
105731,11
105746,7
105755,6
105755,8
105755,17
105801,8
105801,9
105801,11
105835,5
105835,8
105835,17
105844,8
105954,1
105954,2
105954,8
106002,1
106002,2
106002,16
106002,12
106062,5
106072,1
106072,2
106072,9
106072,12
106100,8
106144,8
106330,5
106330,8
106330,15
106438,5
106438,8
106441,4
106441,8
106441,18
106487,1
106487,2
106487,16
106487,12
106489,2
106489,9
106489,12
106491,1
106491,2
106491,9
106540,5
106542,1
106542,5
106542,15
106594,5
106594,8
106594,15
106642,2
106642,8
106642,16
106648,6
106648,8
106648,11
106696,2
106696,3
106696,5
106696,9
106696,13
106696,15
106766,8
106782,5
106782,6
106782,8
106785,1
106785,6
106785,17
106839,8
106873,1
106873,3
106873,8
106883,5
106883,8
106889,7
106916,6
106916,8
106918,2
106918,5
106918,8
106920,8
106920,15
106920,16
106927,1
106927,5
106927,16
107013,8
107013,9
107069,1
107069,8
107069,17
107069,18
107141,5
107141,8
107159,1
107159,8
107314,1
107314,8
107314,14
107338,5
107338,6
107348,5
107406,1
107406,8
107406,16
107408,5
107408,8
107408,18
107410,2
107410,8
107410,16
107412,5
107412,15
107436,11
107436,14
107436,17
107447,5
107447,6
107449,4
107449,5
107462,1
107462,6
107462,17
107565,5
107630,5
107702,5
107723,1
107723,2
107723,9
107771,8
107771,11
107771,15
107780,13
107846,1
107846,2
107945,17
107951,5
107951,6
107953,1
107953,3
107953,9
107953,12
107962,1
107962,17
107997,8
107997,11
107997,14
107997,17
107999,3
107999,4
108078,5
108078,15
108090,1
108090,2
108090,3
108090,4
108156,1
108156,5
108188,1
108188,8
108188,17
108188,12
108190,2
108190,15
108190,16
108190,12
108192,8
108540,2
108540,3
108540,4
108540,5
108540,8
108540,15
108601,8
108689,1
108689,9
108689,16
108689,12
108715,5
108715,8
108727,8
108729,14
108729,17
108795,1
108795,2
108795,3
108795,9
108928,1
108928,8
108928,18
108932,1
108932,2
108932,3
108932,4
108932,5
108932,9
108945,1
108945,6
108945,16
108945,12
108949,6
108981,8
108981,14
109042,2
109042,5
109042,9
109161,8
109183,5
109187,8
109187,9
109187,16
109191,8
109191,9
109191,14
109241,1
109241,5
109241,6
109282,7
109295,6
109295,8
109295,17
109313,5
109317,5
109372,5
109372,15
109374,5
109374,8
109383,3
109383,5
109383,8
109383,15
109416,5
109483,5
109483,15
109487,16
109487,12
109569,1
109569,6
109569,8
109576,5
109578,1
109578,14
109578,17
109596,3
109596,8
109633,3
109633,15
109673,1
109673,8
109673,18
109673,12
109687,7
109723,6
109723,8
109723,17
109846,2
109846,3
109846,5
109848,11
109848,16
109848,17
109850,1
109850,6
109850,8
109850,12
109853,5
109853,8
109853,15
109864,5
109864,6
109864,8
109895,5
109897,8
109941,3
109941,5
109968,1
109968,8
109971,5
110102,1
110102,2
110102,16
110102,12
110127,2
110127,8
110127,12
110130,2
110130,3
110130,4
110130,5
110281,5
110281,8
110281,15
110286,11
110286,17
110297,2
110297,5
110297,6
110330,8
110350,7
110387,7
110501,1
110501,6
110501,17
110541,1
110541,5
110553,1
110553,16
110553,12
110586,5
110586,8
110591,11
110603,8
110611,8
110611,17
110655,2
110655,3
110655,4
110655,5
110669,5
110669,7
110718,5
110730,8
110730,16
110730,12
110746,5
110746,11
110771,5
110771,15
110773,5
110773,11
110781,1
110781,3
110781,4
110781,5
110781,13
110826,1
110826,6
110826,8
110882,8
111113,5
111146,1
111146,2
111146,3
111146,4
111146,5
111320,5
111360,1
111360,16
111362,1
111362,2
111362,16
111364,1
111364,2
111364,16
111364,12
111375,5
111384,17
111443,5
111551,11
111551,16
111551,17
111617,5
111622,5
111622,15
111659,1
111659,2
111659,4
111659,12
111663,1
111663,5
111663,11
111680,5
111680,15
111732,8
111732,9
111743,5
111743,19
111759,1
111759,16
111759,12
111781,1
111781,2
111781,17
111785,1
111785,2
111785,9
111795,5
111795,8
111800,5
111817,8
111844,1
111844,8
111913,8
111921,8
111921,15
112006,1
112006,3
112006,4
112070,8
112138,1
112138,5
112138,6
112171,1
112171,6
112171,17
112175,1
112175,2
112175,3
112183,5
112183,8
112290,8
112303,5
112303,15
112316,8
112316,13
112326,1
112326,16
112334,7
112370,1
112370,2
112370,16
112421,5
112421,8
112421,14
112450,5
112450,15
112454,8
112460,2
112460,3
112460,5
112497,5
112512,3
112512,8
112512,9
112512,14
112515,8
112515,11
112515,17
112552,8
112556,8
112556,17
112580,5
112580,8
112623,16
112727,6
112727,11
112727,17
112749,5
112749,8
112749,15
112788,5
112804,8
112804,16
112818,1
112818,11
112818,17
112852,1
112852,2
112852,16
112868,16
112868,17
112897,1
112897,2
112911,1
112911,2
112940,17
113159,5
113159,11
113159,15
113186,17
113207,8
113207,13
113225,5
113225,8
113225,15
113252,5
113252,11
113252,17
113275,5
113275,8
113278,1
113278,3
113278,6
113278,17
113280,8
113313,11
113313,17
113345,1
113345,2
113345,16
113348,1
113348,2
113348,5
113350,8
113350,14
113350,16
113374,3
113374,5
113378,8
113378,16
113394,5
113394,8
113416,1
113416,6
113416,8
113453,5
113453,6
113532,5
113565,11
113565,17
113573,1
113573,6
113573,17
113604,8
113705,8
113741,8
113741,14
113741,16
113741,17
113780,11
113780,17
113829,5
113829,8
113829,15
113849,6
113849,8
113849,17
113862,17
114028,5
114028,8
114044,11
114060,6
114060,8
114060,17
114066,7
114066,8
114066,13
114074,8
114126,7
114180,1
114180,14
114180,16
114184,8
114246,1
114246,6
114246,14
114246,17
114265,5
114265,15
114396,8
114494,17
114554,3
114554,8
114554,9
114601,5
114601,8
114627,3
114627,8
114627,9
114662,1
114662,18
114670,5
114670,8
114670,11
114678,2
114678,5
114678,8
114707,11
114707,14
114713,11
114762,5
114762,15
114795,1
114795,8
114795,9
114818,1
114818,5
114818,6
114847,16
114847,17
114925,6
114925,8
114925,17
114935,1
114935,14
114935,16
114935,17
115065,2
115065,3
115111,1
115111,3
115111,5
115111,11
115122,5
115122,11
115149,1
115149,17
115151,1
115151,6
115170,8
115203,7
115210,1
115210,8
115210,18
115216,8
115216,19
115231,5
115502,5
115502,15
115569,6
115569,8
115569,17
115617,1
115617,3
115617,5
115664,2
115664,3
115664,15
115667,5
115667,15
115680,6
115680,8
115680,16
115680,17
115713,8
115713,16
115713,17
115727,1
115727,2
115819,3
115819,5
115828,2
115828,8
115828,15
115877,3
115877,5
115969,8
115969,18
116044,5
116044,15
116138,8
116169,1
116207,6
116207,8
116207,17
116411,8
116413,5
116413,15
116419,1
116419,5
116419,6
116505,1
116505,5
116529,1
116529,8
116529,18
116529,12
116668,1
116668,5
116668,11
116718,5
116718,13
116724,5
116724,8
116724,15
116738,2
116738,5
116738,11
116797,8
116797,17
116797,18
116799,5
116799,6
116799,8
116799,14
116799,15
116817,5
116817,8
116823,2
116823,16
116823,17
116849,5
116849,15
116887,1
116887,2
116887,8
116897,5
116897,8
116897,17
116941,3
116941,4
116941,5
116941,13
116941,16
116963,5
116977,5
116985,5
116985,8
117107,8
117109,5
117133,1
117133,8
117133,17
117176,8
117176,15
117192,2
117192,8
117364,7
117364,18
117368,3
117368,5
117444,3
117444,4
117444,9
117466,1
117466,2
117466,8
117511,5
117529,1
117529,2
117529,8
117529,16
117529,17
117531,7
117533,7
117545,3
117572,5
117572,6
117572,15
117590,5
117590,6
117630,1
117630,5
117630,6
117630,15
117646,1
117646,2
117646,5
117646,8
117646,9
117646,17
117849,5
117851,2
117851,3
117851,4
117851,5
117867,1
117867,8
117867,17
117867,18
117877,2
117877,3
117881,8
117887,4
117887,5
117895,1
117895,17
117922,2
117922,3
117922,4
118082,5
118082,6
118082,17
118166,5
118166,8
118166,15
118198,7
118198,8
118198,17
118248,8
118248,17
118270,5
118270,11
118270,17
118290,16
118326,6
118326,8
118326,17
118354,6
118354,8
118354,14
118354,17
118512,5
118530,5
118572,5
118572,6
118572,8
118696,2
118696,9
118700,8
118702,8
118702,18
118706,2
118706,14
118706,17
118784,7
118814,5
118814,15
118834,5
118862,5
118862,8
118880,11
118880,15
118880,17
118888,5
118894,3
118894,4
118894,14
118896,8
118900,8
118924,5
118930,5
118985,8
118997,4
118997,5
118997,9
118997,13
119068,5
119068,8
119141,1
119141,5
119145,1
119145,2
119145,5
119145,6
119153,5
119155,2
119155,4
119155,5
119155,9
119167,16
119167,17
119218,1
119218,6
119218,8
119655,2
119655,4
119655,9
119714,5
119828,1
119828,8
119828,17
119828,19
119964,5
120130,3
120130,8
120130,9
120138,5
120138,8
120138,9
120138,14
120138,15
120466,1
120466,17
120478,7
120625,8
120635,1
120635,6
120635,17
120637,1
120637,6
120637,8
120637,14
120637,17
120761,8
120783,1
120783,6
120783,8
120799,1
120799,2
120799,16
120799,17
120807,5
120813,5
120827,6
120827,8
120827,11
120827,14
120919,1
120919,5
121007,2
121007,4
121007,9
121007,16
121035,8
121097,2
121097,4
121097,5
121099,3
121099,4
121129,5
121169,8
121171,7
121231,11
121253,11
121253,17
121338,2
121338,5
121338,15
121342,5
121342,15
121372,5
121374,5
121469,5
121469,11
121469,14
121469,17
121715,5
121781,3
121781,4
121781,5
121781,9
122092,5
122092,18
122246,4
122246,5
122260,8
122260,18
122433,11
122433,14
122433,17
122490,1
122490,8
122490,17
122627,16
122882,1
122882,2
122882,16
122882,17
122884,9
122884,11
122884,17
122886,1
122886,2
122886,9
122886,16
122886,12
122890,1
122890,2
122890,9
122892,1
122892,2
122892,16
122898,1
122898,2
122898,16
122900,1
122900,2
122900,16
122902,1
122902,2
122902,9
122902,16
122904,1
122904,2
122904,5
122904,16
122906,1
122906,2
122906,16
122912,1
122912,2
122912,16
122916,1
122916,2
122916,16
122918,1
122918,2
122918,16
122920,1
122920,16
122920,17
122922,1
122922,2
122922,16
122924,1
122924,2
122924,9
122924,16
122926,1
122926,2
122926,9
122932,4
122932,5
122932,15
123200,5
123310,1
123545,8
123545,15
123553,1
123553,2
123553,8
123553,9
123947,8
124273,5
124404,2
124404,3
124404,4
124404,5
124484,5
124484,8
124851,2
124851,15
124851,16
124853,3
124853,7
124859,6
124859,8
124859,17
125221,11
125221,16
125221,19
125914,2
125914,5
125914,14
125914,15
125916,8
125916,15
125970,2
125970,4
125970,5
125970,9
125974,2
125974,4
125974,5
125974,9
126088,3
126088,4
126088,5
126090,3
126142,2
126142,4
126142,9
126420,1
126426,8
126426,16
126430,1
126430,2
126430,8
126430,18
126482,3
126482,4
126482,9
126482,13
126548,5
126577,3
126577,5
126577,9
126921,2
126921,3
126921,4
126921,5
127052,5
127052,6
127052,15
127096,16
127096,17
127098,5
127108,8
127108,15
127114,8
127116,8
127130,5
127132,8
127132,17
127134,2
127134,5
127134,8
127136,8
127136,14
127136,17
127146,7
127152,7
127164,7
127172,7
127180,7
127184,8
127194,5
127198,5
127198,8
127202,8
127204,5
127212,8
127212,17
127298,5
127298,8
127319,17
127323,1
127323,2
127323,16
127323,17
127390,3
127390,5
128087,5
128087,19
128089,5
128097,5
128099,5
128197,5
128197,15
128360,19
128366,5
128488,1
128488,6
128488,8
128488,17
128512,8
128512,14
128512,15
128520,5
128542,1
128542,11
128542,16
128592,14
128592,17
128594,5
128594,8
128594,15
128620,6
128620,8
128620,15
128695,19
128736,8
128832,5
128832,8
128832,13
128832,15
128838,11
128842,1
128842,2
128842,9
128852,5
128900,7
128902,7
128908,2
128908,5
128908,8
128914,5
128944,1
128944,2
128944,4
128944,5
128944,16
128968,3
128968,4
128968,5
128975,5
128975,16
128991,3
128991,5
128991,16
129011,5
129229,1
129229,2
129313,5
129333,11
129333,17
129354,5
129354,6
129354,8
129354,15
129397,1
129397,9
129397,16
129428,5
129428,8
129514,5
129657,1
129659,8
129737,5
129779,1
129779,3
129779,16
129937,1
129937,6
129937,8
129937,17
130050,8
130050,9
130050,11
130050,14
130050,17
130052,8
130052,11
130073,4
130073,8
130073,9
130073,15
130083,1
130083,6
130083,8
130083,17
130087,5
130087,8
130087,9
130444,2
130444,4
130444,9
130444,16
130450,2
130450,4
130450,9
130452,5
130452,8
130482,6
130482,8
130482,10
130482,14
130482,17
130490,1
130490,16
130490,17
130498,5
130518,1
130518,2
130518,3
130518,5
130518,16
130520,2
130520,3
130520,4
130520,5
130520,9
130520,16
130576,8
130576,16
130578,1
130578,17
130634,1
130634,6
130634,17
130686,5
130686,11
130840,11
130840,15
130840,16
130842,1
130842,2
130842,16
130970,5
130976,8
130978,5
130978,15
131013,5
131013,6
131023,7
131098,3
131098,4
131098,5
131104,5
131104,6
131130,3
131130,5
131237,5
131439,17
131480,1
131480,6
131480,17
131578,5
131610,5
131610,9
131656,2
131656,3
131656,4
131656,5
131714,1
131714,2
131724,7
131739,1
131739,2
131739,3
131749,5
131796,8
131826,5
131920,5
131920,8
131934,5
132046,1
132046,2
132046,4
132046,14
132046,16
132153,5
132153,8
132153,11
132157,1
132157,5
132157,6
132333,7
132333,8
132335,8
132362,1
132362,3
132362,16
132422,5
132422,15
132422,17
132424,8
132424,15
132454,5
132454,6
132454,8
132462,1
132462,2
132462,8
132488,5
132488,15
132496,5
132496,8
132584,4
132584,5
132618,1
132618,6
132618,8
132618,14
132618,17
132660,5
132660,15
132796,1
132796,8
132796,17
132800,5
132800,8
132888,5
133115,7
133195,1
133195,6
133195,17
133217,5
133217,6
133217,16
133281,5
133281,8
133365,8
133365,17
133377,11
133377,16
133377,17
133419,5
133545,5
133545,8
133645,8
133645,15
133712,5
133712,15
133716,5
133716,6
133771,5
133771,15
133771,16
133780,5
133780,8
133782,8
133782,11
133782,17
133798,1
133798,5
133802,1
133802,17
133802,19
133832,11
133832,17
133867,1
133867,2
133867,5
133879,5
134004,5
134004,15
134019,3
134021,5
134021,8
134021,15
134041,5
134041,8
134041,15
134095,3
134095,8
134109,5
134130,2
134130,8
134130,16
134158,17
134170,1
134170,5
134170,9
134170,16
134184,5
134214,8
134246,1
134246,17
134248,7
134252,5
134252,8
134252,9
134326,5
134334,5
134368,1
134368,5
134368,6
134393,5
134393,15
134515,2
134515,6
134515,8
134524,7
134528,5
134528,8
134528,15
134775,1
134775,2
134775,8
134783,5
134796,7
134808,5
134847,5
134849,3
134849,4
134849,5
134853,2
134853,3
134853,4
134853,5
134853,8
134853,9
134859,7
134881,8
135133,2
135133,16
135137,1
135137,5
135137,16
135143,9
135198,5
135198,8
135216,2
135216,4
135216,5
135216,16
135288,8
135288,14
135436,3
135436,5
135456,1
135456,3
135456,6
135456,16
135518,1
135518,14
135518,16
135518,17
135532,1
135532,2
135532,9
135534,5
135534,9
135534,11
135536,1
135536,6
135536,16
135567,1
135567,2
135567,16
135569,1
135569,2
135569,16
135777,4
135777,5
135787,7
135803,1
135815,1
135815,8
135861,5
135885,5
135885,16
135887,2
135887,3
135887,4
135887,5
135937,5
135937,17
136012,1
136012,17
136016,2
136016,3
136016,4
136016,5
136016,9
136018,6
136018,8
136020,1
136020,2
136020,6
136024,1
136024,3
136024,6
136297,1
136297,3
136305,11
136305,16
136341,3
136341,4
136341,5
136353,3
136353,4
136353,5
136355,3
136355,4
136355,5
136359,3
136359,4
136359,5
136443,5
136445,5
136447,5
136449,1
136449,3
136449,16
136469,5
136471,5
136471,7
136503,3
136503,4
136503,5
136511,5
136540,5
136556,3
136556,4
136562,8
136564,8
136598,2
136598,5
136602,11
136602,17
136654,8
136664,6
136664,8
136666,5
136778,5
136778,8
136786,17
136800,1
136800,2
136800,16
136816,1
136816,5
136834,11
136838,5
136838,15
136840,5
136840,8
136840,15
136850,6
136850,8
136850,17
136859,1
136859,2
136859,15
136859,16
136864,1
136864,2
136864,9
136864,16
136912,2
136958,11
137218,8
137337,7
137345,6
137345,17
137517,8
137517,9
137595,5
137595,8
137857,2
137857,8
137857,9
137859,1
137859,2
137859,3
137863,1
137863,2
137863,3
137863,9
138036,1
138036,2
138036,5
138186,6
138186,8
138186,11
138204,5
138208,2
138208,8
138208,17
138210,8
138396,5
138396,8
138546,5
138610,11
138610,17
138632,1
138632,6
138632,8
138632,16
138702,3
138702,4
138702,5
138702,8
138702,15
138798,5
138835,2
138835,3
138835,5
138966,3
139052,8
139052,14
139052,17
139130,1
139130,2
139130,3
139130,8
139130,9
139157,5
139157,11
139157,17
139385,2
139385,8
139415,6
139415,8
139511,11
139640,3
139642,1
139642,8
139644,6
139644,8
139644,14
139655,8
139655,9
139655,11
139655,17
139717,6
139717,17
139747,15
139855,3
139855,5
139855,9
139857,17
139859,1
139859,3
139859,16
139859,17
139915,5
139915,15
139994,5
139994,11
140016,11
140038,5
140110,5
140133,5
140133,11
140162,8
140162,15
140174,8
140237,8
140247,8
140247,11
140265,5
140267,11
140289,5
140289,8
140301,5
140301,15
140359,2
140359,4
140359,16
140481,3
140481,5
140481,16
140523,5
140523,11
140525,6
140525,8
140525,14
140541,3
140541,5
140541,16
140561,5
140561,7
140627,8
140627,15
140627,18
140711,1
140711,5
140711,16
140711,17
140715,8
140725,6
140725,17
140737,1
140737,9
140737,14
140816,5
140816,8
140850,6
140850,8
140850,14
140850,17
140852,11
140852,16
140928,5
140928,8
140956,1
140956,16
140956,17
141004,8
141004,11
141004,16
141400,1
141408,1
141408,5
141408,11
141422,8
141513,5
141544,1
141544,2
141544,16
141646,5
141646,8
141668,8
141688,6
141688,17
141718,5
141718,11
141749,8
141799,5
141799,11
141810,5
141810,8
141816,2
141816,5
141818,5
141818,8
141818,9
141818,15
141820,5
141830,2
141830,5
141836,5
141844,2
141844,5
141846,7
141890,8
141890,18
141928,5
141928,11
141994,4
141994,5
142020,5
142056,1
142056,2
142056,3
142074,6
142074,11
142074,17
142115,7
142196,5
142196,11
142222,8
142366,11
142366,17
142372,5
142372,8
142420,1
142420,8
142420,16
142422,5
142424,8
142424,16
142444,5
142444,11
142444,14
142448,2
142448,8
142448,17
142488,17
142507,8
142509,1
142509,2
142509,16
142536,8
142550,1
142550,5
142558,5
142598,11
142602,5
142831,5
142961,5
142961,6
142961,17
142997,3
142997,5
143001,6
143031,5
143031,8
143031,15
143245,3
143245,9
143255,14
143255,16
143255,17
143257,5
143257,8
143355,1
143355,2
143355,9
143365,8
143365,16
143365,17
143367,8
143367,17
143385,8
143385,17
143458,8
143458,14
143458,17
143472,1
143472,11
143472,17
143511,7
143525,5
143525,8
143559,5
143559,6
143559,9
143859,5
143896,7
143969,5
144210,7
144222,5
144262,5
144262,15
144352,1
144352,6
144352,8
144478,5
144478,8
144522,1
144522,11
144522,17
144606,5
144606,6
144606,8
144606,15
144606,17
144620,2
144620,5
144620,11
144714,8
144714,17
144716,5
144734,5
144734,11
144734,16
144976,11
144976,19
145080,3
145080,11
145080,14
145150,5
145150,8
145150,17
145283,7
145418,8
145491,4
145491,5
145491,8
145724,16
145745,6
145745,8
145839,8
145935,2
145935,3
145935,4
145935,5
145951,1
145951,17
145994,5
146024,5
146024,15
146024,19
146028,6
146028,14
146210,5
146244,5
146244,8
146244,15
146309,1
146309,2
146309,3
146656,8
146662,2
146662,3
146662,5
146682,7
146684,3
146684,4
146684,5
146688,9
146688,14
146688,17
146730,1
146730,8
146730,17
146986,5
147002,8
147002,15
147142,4
147142,5
147196,5
147196,15
147282,5
147286,6
147286,14
147300,6
147300,14
147326,6
147326,14
147328,6
147330,6
147372,2
147372,8
147372,9
147372,16
147374,2
147374,8
147376,16
147378,2
147378,4
147378,8
147378,16
147380,2
147380,4
147380,8
147380,16
147382,1
147382,16
147384,16
147410,5
147410,8
147657,1
147662,1
147662,2
147936,5
147936,8
148166,7
148172,2
148172,16
148172,17
148238,5
148424,5
148424,8
148482,8
148592,5
148626,8
148632,5
148652,5
148652,19
148667,5
148671,6
148671,11
148675,4
148675,9
148709,17
148775,2
148775,4
148775,5
148775,8
148775,9
148775,16
148881,3
148881,5
148888,5
148956,5
148956,15
148978,3
148978,9
148978,11
148978,14
148982,11
149011,5
149011,8
149011,11
149144,11
149144,16
149146,11
149146,16
149334,8
149334,17
149350,5
149350,11
149352,5
149354,4
149354,5
149380,15
149406,1
149406,2
149406,3
149508,5
149508,15
149566,5
149566,15
149590,17
149612,1
149612,8
149612,17
149830,5
149830,11
149830,15
149830,17
149902,1
149902,16
149902,17
150254,11
150401,1
150401,6
150548,1
150548,6
150548,8
150548,14
150548,17
150554,2
150554,4
150554,5
150554,9
150596,5
150596,8
150596,16
150604,5
150696,7
150993,1
150993,5
151311,5
151315,1
151315,5
151317,5
151455,5
151479,1
151479,9
151479,16
151501,8
151557,8
151559,11
151559,17
151653,5
151653,8
151653,9
151687,4
151687,8
151695,8
151695,16
151695,17
151739,5
151745,11
151745,16
151759,7
151763,14
151769,3
151777,8
151777,17
151781,1
151781,3
151781,6
151781,16
151781,17
152063,2
152063,9
152065,2
152065,8
152071,8
152077,17
152079,1
152079,6
152079,17
152081,1
152081,2
152081,3
152081,4
152081,5
152083,5
152083,18
152085,8
152091,5
152105,5
152173,11
152270,8
152284,8
152284,15
152372,11
152591,1
152658,4
152711,7
152970,2
152970,5
153070,5
153070,8
153070,9
153236,3
153386,4
153386,5
153386,9
153408,5
153408,8
153408,9
154065,5
154358,7
154975,5
154975,7
155064,8
155064,11
155064,14
155168,5
155288,8
155288,17
155288,18
155358,1
155358,2
155358,17
155509,1
155509,5
155509,15
155659,5
155659,8
155743,5
155774,2
155812,5
155820,5
155892,5
156025,2
156025,3
156025,4
156025,5
156371,5
156387,8
156553,3
156553,5
156553,8
156607,1
156607,2
156607,8
156607,9
156609,5
156675,14
156675,16
156706,6
156706,17
156726,17
156781,5
156783,5
157108,5
157108,19
157110,5
157110,6
157122,8
157130,8
157130,15
157130,17
157172,1
157172,9
157200,8
157200,17
157270,5
157296,2
157296,3
157296,5
157312,5
157340,3
157340,5
157369,5
157369,8
157407,1
157407,6
157407,8
157407,17
157432,1
157432,6
157699,8
157699,17
157775,3
157775,5
157865,1
157865,2
157865,3
157865,4
157865,5
157865,16
158022,5
158027,8
158027,16
158035,1
158035,3
158035,5
158238,6
158238,14
158238,17
158254,1
158254,5
158388,16
158398,5
158402,1
158528,8
158528,17
158721,1
158721,5
158721,17
158783,8
158783,15
158783,17
158813,2
158813,4
158813,9
158830,4
158830,9
158842,7
158872,3
158872,5
158874,1
158874,8
158882,5
158882,8
158882,15
158956,1
158956,11
158956,16
158966,8
158972,8
159061,14
159061,17
159069,5
159077,5
159077,8
159093,1
159093,5
159093,17
159193,5
159193,8
159193,15
159403,2
159403,3
159403,9
159403,11
159403,16
159415,5
159415,8
159415,15
159441,5
159510,11
159690,1
159690,2
159690,5
159717,8
159755,5
159811,3
159811,8
159811,9
159817,7
159849,5
159858,11
159976,8
160080,1
160080,5
160080,11
160080,16
160271,1
160271,5
160289,7
160341,1
160341,17
160400,8
160422,8
160422,18
160438,1
160440,17
160527,1
160527,6
160527,8
160563,1
160563,2
160565,1
160565,11
160565,16
160567,5
160569,2
160569,3
160569,4
160569,5
160571,11
160573,2
160573,4
160573,9
160644,8
160646,8
160684,1
160718,3
160730,1
160730,8
160730,17
160836,1
160836,8
160836,17
160848,3
160872,11
160954,8
160954,17
160978,11
160978,16
160980,8
161024,5
161032,1
161032,8
161044,16
161127,6
161127,8
161131,5
161290,1
161354,1
161354,3
161354,6
161354,8
161580,5
161582,6
161582,8
161594,1
161594,2
161594,3
161594,8
161594,9
161594,16
161634,17
161830,8
161830,11
161830,17
161918,1
161918,2
161918,11
161918,16
161922,5
161966,17
162082,1
162082,17
162344,5
162350,1
162350,19
162414,8
162478,1
162478,5
162478,6
162578,2
162578,3
162578,4
162578,9
162590,5
162590,15
162598,8
162600,9
162602,17
162606,6
162606,8
162606,17
162828,6
162828,8
162828,17
162968,1
162968,3
162968,14
162982,3
162982,8
162982,16
163056,1
163056,2
163056,9
163056,16
163072,3
163072,4
163112,3
163134,3
163134,8
163134,9
163134,15
163386,3
163527,5
163639,3
163645,8
163645,18
163653,5
163809,2
163809,3
163809,8
163925,3
163925,5
163937,11
163937,17
163981,11
163985,16
163985,17
164179,16
164200,3
164200,4
164200,5
164226,1
164226,2
164226,5
164226,9
164226,16
164226,17
164280,8
164280,9
164367,8
164367,11
164367,16
164367,17
164375,5
164540,7
164647,5
164647,15
164655,7
164707,4
164707,5
164707,8
164753,15
164881,1
164881,16
164909,5
164909,8
164909,15
164917,7
165075,8
165101,14
165101,17
165103,5
165139,5
165343,5
165343,11
165343,16
165343,17
165347,1
165347,6
165347,8
165347,14
165347,17
165483,5
165529,8
165549,8
165551,8
165635,17
165639,5
165639,9
165639,16
165645,5
165671,7
165843,7
165947,1
165947,5
165959,3
165959,5
165959,8
165969,7
166015,5
166015,8
166183,2
166183,3
166183,4
166203,2
166203,4
166203,9
166203,16
166291,3
166291,8
166291,15
166461,2
166461,3
166461,4
166461,5
166461,9
166492,5
166526,2
166526,16
166528,1
166528,2
166528,9
166528,16
166534,8
166534,11
166534,17
166558,1
166558,11
166568,17
166635,2
166635,8
166635,15
166635,16
166643,8
166705,8
166946,8
167018,5
167036,3
167036,4
167036,5
167064,7
167296,8
167370,1
167370,2
167370,16
167380,5
167380,8
167538,11
167634,5
167706,7
167732,5
167732,8
167746,1
167746,3
167746,5
167772,3
167772,5
167790,4
167790,5
167790,8
167854,5
168026,1
168026,2
168026,9
168026,16
168090,3
168090,9
168090,14
168144,5
168174,5
168218,3
168218,9
168218,14
168248,1
168248,6
168248,17
168250,11
168252,1
168252,16
168254,1
168254,2
168254,9
168266,6
168266,8
168326,5
168326,15
168350,8
168358,16
168358,17
168366,9
168366,15
168418,3
168418,4
168418,5
168456,1
168456,2
168456,8
168492,8
168492,15
168608,8
168612,1
168612,8
168612,16
168632,5
168712,8
168712,15
168846,5
169180,17
169670,11
169904,16
169912,5
169958,8
169958,14
169982,1
169982,2
169982,16
169984,1
169984,11
169984,16
169984,17
169992,1
169992,6
169992,8
170289,1
170289,11
170289,16
170297,1
170297,3
170297,16
170355,8
170355,14
170355,15
170357,5
170399,1
170399,5
170399,8
170401,5
170401,8
170411,5
170551,5
170597,3
170697,8
170705,1
170705,8
170705,18
170777,3
170777,4
170777,5
170813,1
170813,5
170817,1
170817,5
170827,1
170827,2
170827,9
170827,11
170827,17
170837,4
170837,5
170837,9
170875,1
170875,6
170875,8
170875,17
170897,5
170907,7
170937,5
170939,1
170939,3
170939,4
170939,5
170945,11
170945,14
170945,17
170957,2
170957,3
170957,5
170993,5
170993,6
170993,8
171011,7
171023,8
171251,7
171695,5
171701,8
171751,5
171759,8
171759,17
171759,19
171763,1
171763,6
171763,17
171765,1
171765,2
171765,8
171765,16
171811,5
171811,16
171811,18
171867,5
171867,8
171917,8
171917,14
171917,17
172013,8
172215,5
172229,5
172229,14
172229,15
172229,17
172233,8
172233,15
172253,5
172321,5
172461,7
172547,2
172547,3
172547,4
172547,5
172577,3
172577,4
172577,5
172577,9
172583,3
172585,2
172585,3
172585,4
172587,3
172589,3
172637,1
172637,2
172637,3
172637,5
172705,7
172793,2
172793,3
172793,4
172793,9
172825,2
172825,3
172825,4
172875,3
172875,16
172881,1
172881,3
172881,16
172887,3
172887,16
172909,3
173145,1
173145,2
173145,8
173145,16
173197,8
173205,5
173209,5
173209,8
173209,18
173235,7
173253,5
173255,5
173291,1
173291,2
173291,16
173307,1
173307,11
173307,16
173317,7
173351,3
173351,4
173351,5
173351,9
173355,3
173619,5
173619,6
173751,17
173873,2
173873,4
173873,9
173925,16
173925,17
173941,17
173963,5
174045,5
174053,8
174053,11
174053,14
174053,16
174053,17
174055,1
174055,8
174055,17
174055,18
174141,3
174141,8
174141,9
174479,11
174479,17
174551,5
174681,5
174727,6
174727,8
174737,5
174815,5
174909,5
175197,9
175197,11
175197,16
175197,19
175199,11
175293,3
175293,4
175303,11
175387,2
175387,3
175387,4
175397,3
175397,4
175397,9
175401,3
175431,3
175431,5
175435,3
175435,9
175475,3
175475,4
175475,5
175485,11
175485,17
175569,1
175569,6
175569,14
175569,17
175577,5
175585,1
175585,6
175585,8
175585,17
175661,1
175661,5
175693,5
175693,6
175705,5
175705,11
175707,7
175743,5
175781,5
176051,3
176101,1
176101,2
176101,5
176329,5
176371,16
176389,2
176389,3
176389,4
176389,5
176413,8
176415,5
176415,8
176419,8
176419,11
176419,14
176419,17
176423,7
176579,8
176579,11
176579,17
176621,3
176621,4
176621,5
176621,15
176751,6
176751,17
176805,5
176805,8
176935,1
177185,5
177285,1
177285,2
177285,3
177285,9
177285,16
177593,6
177593,8
177615,5
177763,6
177763,8
177763,14
177765,2
177765,3
177765,4
177939,3
177939,15
178061,8
178111,3
178129,7
178323,7
178613,5
178615,5
178615,8
178615,15
178827,2
178827,3
178827,4
178827,5
179053,16
179053,17
179073,5
179119,5
179133,3
179133,6
179133,8
179135,7
179211,5
179401,1
179401,2
179401,4
179427,5
179491,1
179491,11
179511,2
179511,8
179511,9
179511,15
179709,8
179749,5
179749,11
179813,8
179815,8
179815,17
179817,8
179817,18
179819,1
179819,2
179819,9
179819,16
179953,5
180031,2
180031,8
180031,9
180045,8
180095,8
180231,5
180231,8
180263,8
180263,11
180263,17
180265,7
180297,5
180297,8
180497,8
180497,17
180777,7
180985,8
180987,3
180987,4
180987,5
181065,5
181139,5
181315,8
181315,15
181659,5
182293,3
182293,4
182293,5
182297,3
182297,5
182297,9
182299,3
182299,4
182299,5
182639,3
182639,16
182715,2
182715,14
182715,16
182715,17
182731,4
182731,5
182731,16
182749,5
182793,8
182823,1
182823,6
182823,9
183011,6
183011,8
183011,14
183011,17
183197,5
183199,7
183227,5
183295,11
183295,14
183295,17
183301,4
183317,5
183317,8
183611,1
183611,5
183611,6
183611,11
183635,1
183635,14
183635,16
183635,17
183897,3
183897,5
183911,5
183959,5
184015,5
184053,1
184053,16
184245,7
184253,11
184253,14
184253,16
184253,17
184257,6
184257,7
184349,5
184349,8
184349,15
184471,1
184471,2
184471,9
184641,1
184641,2
184641,9
184721,8
184721,17
184791,5
184931,1
184931,6
184931,8
184931,17
184987,2
184987,4
184987,9
184987,16
184997,5
184997,8
185029,8
185029,11
185029,17
185031,2
185031,17
185033,8
185033,9
185033,17
185135,6
185435,1
185435,5
185473,5
185585,1
185585,9
185585,16
186587,1
186587,2
186587,16
187031,1
187031,2
187031,8
187031,16
187031,17
187541,1
187541,2
187541,3
187541,4
187593,1
187593,5
187593,16
187595,1
187595,2
187595,4
187595,16
187717,7
188189,5
188189,9
188189,16
188301,1
188301,2
188301,5
188301,9
188301,16
188675,6
188675,8
188751,5
188751,15
188797,5
188833,2
188833,5
188833,9
189043,5
189043,8
189111,7
189333,1
189333,2
189333,17
189381,1
189381,6
189381,17
189547,1
189547,16
189713,5
189713,6
189713,8
190183,16
190183,17
190207,8
190207,15
190209,5
190213,8
190215,8
190219,3
190221,7
191005,1
191005,2
191005,5
191005,16
193565,1
193565,3
193565,5
193565,16
193567,3
193567,8
193571,5
193571,8
193573,3
193579,7
193581,1
193581,3
193581,5
193581,9
193583,3
193583,5
193583,9
193585,8
193587,1
193587,3
193609,5
