userId,movieId,tag,date_str
2,60756,funny,2015-10-25 03:29:54
2,60756,highly quotable,2015-10-25 03:29:56
2,60756,will ferrell,2015-10-25 03:29:52
2,89774,boxing story,2015-10-25 03:33:27
2,89774,mma,2015-10-25 03:33:20
2,89774,tom hardy,2015-10-25 03:33:25
2,106782,drugs,2015-10-25 03:30:54
2,106782,leonardo dicaprio,2015-10-25 03:30:51
2,106782,martin scorsese,2015-10-25 03:30:56
7,48516,way too long,2007-01-25 09:08:45
18,431,al pacino,2016-05-02 05:39:25
18,431,gangster,2016-05-02 05:39:09
18,431,mafia,2016-05-02 05:39:15
18,1221,al pacino,2016-04-27 03:35:06
18,1221,mafia,2016-04-27 03:35:03
18,5995,holocaust,2016-02-18 02:57:52
18,5995,true story,2016-02-18 02:57:59
18,44665,twist ending,2016-03-03 03:51:23
18,52604,anthony hopkins,2016-03-11 06:58:16
18,52604,courtroom drama,2016-03-11 06:58:31
18,52604,twist ending,2016-03-11 06:58:02
18,88094,britpop,2016-03-08 21:41:40
18,88094,indie record label,2016-03-08 21:43:12
18,88094,music,2016-03-08 21:43:29
18,144210,dumpster diving,2016-02-10 07:26:21
18,144210,sustainability,2016-02-10 07:27:32
21,1569,romantic comedy,2014-12-29 06:23:33
21,1569,wedding,2014-12-29 06:23:39
21,118985,painter,2014-12-29 06:24:37
21,119141,bloody,2014-12-29 03:12:42
49,109487,black hole,2017-04-25 12:08:26
49,109487,sci-fi,2017-04-25 12:08:52
49,109487,time-travel,2017-04-25 12:09:16
62,2,fantasy,2018-06-13 06:52:09
62,2,magic board game,2018-06-13 06:52:12
62,2,robin williams,2018-06-13 06:51:47
62,110,beautiful scenery,2018-06-05 06:49:01
62,110,epic,2018-06-05 06:48:52
62,110,historical,2018-06-05 06:48:43
62,110,inspirational,2018-06-05 06:48:47
62,110,medieval,2018-06-05 06:48:48
62,110,mel gibson,2018-06-05 06:48:41
62,110,oscar (best cinematography),2018-06-05 06:48:59
62,110,revenge,2018-06-05 06:48:51
62,110,sword fight,2018-06-05 06:48:55
62,410,black comedy,2018-05-07 03:56:47
62,410,christina ricci,2018-05-07 03:58:05
62,410,christopher lloyd,2018-05-07 03:57:02
62,410,dark comedy,2018-05-07 03:56:50
62,410,family,2018-05-07 03:58:28
62,410,gothic,2018-05-07 03:56:49
62,2023,al pacino,2018-05-07 03:58:48
62,2023,andy garcia,2018-05-07 03:59:28
62,2023,classic,2018-05-07 03:59:12
62,2023,francis ford coppola,2018-05-07 03:59:12
62,2023,mafia,2018-05-07 03:58:53
62,2124,black comedy,2018-05-07 04:00:47
62,2124,christina ricci,2018-05-07 04:01:07
62,2124,christopher lloyd,2018-05-07 04:00:59
62,2124,family,2018-05-07 04:00:55
62,2124,gothic,2018-05-07 04:00:49
62,2124,quirky,2018-05-07 04:00:46
62,2953,family,2018-05-07 04:01:23
62,2953,funny,2018-05-07 04:01:25
62,2953,macaulay culkin,2018-05-07 04:01:30
62,2953,sequel,2018-05-07 04:01:27
62,3114,animation,2018-05-07 04:01:43
62,3114,disney,2018-05-07 04:01:42
62,3114,funny,2018-05-07 04:01:53
62,3114,original,2018-05-07 04:01:57
62,3114,pixar,2018-05-07 04:01:41
62,3114,sequel,2018-05-07 04:01:50
62,3114,tom hanks,2018-05-07 04:02:05
62,3578,ancient rome,2018-06-05 06:48:24
62,3578,epic,2018-06-05 06:47:49
62,3578,history,2018-06-05 06:47:47
62,3578,imdb top 250,2018-06-05 06:48:18
62,3578,revenge,2018-06-05 06:48:16
62,3578,rome,2018-06-05 06:47:43
62,3578,russell crowe,2018-06-05 06:47:45
62,4223,ed harris,2018-06-03 19:21:09
62,4223,jude law,2018-06-03 19:20:54
62,4223,rachel weisz,2018-06-03 19:21:13
62,4223,sniper,2018-06-03 19:20:52
62,4223,world war ii,2018-06-03 19:21:17
62,5388,al pacino,2018-06-30 06:20:09
62,5388,atmospheric,2018-06-30 06:22:39
62,5388,hilary swank,2018-06-30 06:22:32
62,5388,robin williams,2018-06-30 06:20:11
62,6058,sequel,2018-05-06 05:17:33
62,6058,violent,2018-05-06 05:17:31
62,6534,dogs,2018-05-06 05:01:36
62,6534,eric bana,2018-05-06 05:01:26
62,6534,mad scientist,2018-05-06 05:01:38
62,6534,marvel,2018-05-06 05:01:40
62,6541,captain nemo,2018-05-06 05:00:54
62,6541,comic book,2018-05-06 05:00:28
62,6541,gothic,2018-05-06 05:00:56
62,6541,peta wilson,2018-05-06 05:00:40
62,6541,sean connery,2018-05-06 05:00:26
62,6541,superhero,2018-05-06 05:00:51
62,6564,adventure,2018-05-06 05:07:19
62,6564,angelina jolie,2018-05-06 05:07:12
62,6564,heroine in tight suit,2018-05-06 05:07:21
62,7153,adventure,2018-06-05 06:49:18
62,7153,ensemble cast,2018-06-05 06:49:38
62,7153,fantasy,2018-06-05 06:49:16
62,7153,fantasy world,2018-06-05 06:49:31
62,7153,great soundtrack,2018-06-05 06:49:35
62,7153,lord of the rings,2018-06-05 06:49:41
62,7153,scenic,2018-06-05 06:49:40
62,7153,stylized,2018-06-05 06:49:37
62,7153,tolkien,2018-06-05 06:49:21
62,8641,hilarious,2018-05-14 06:05:38
62,8641,steve carell,2018-05-14 06:05:56
62,8641,will ferrell,2018-05-14 06:05:35
62,27660,animation,2018-05-06 05:08:10
62,27660,anime,2018-05-06 05:08:08
62,27660,cyberpunk,2018-05-06 05:08:06
62,27660,dark,2018-05-06 05:08:20
62,27660,matrix,2018-05-06 05:08:13
62,27660,sci-fi,2018-05-06 05:08:11
62,27706,dark comedy,2018-05-14 05:56:38
62,27706,jim carrey,2018-05-14 05:56:15
62,27706,meryl streep,2018-05-14 05:56:20
62,27706,quirky,2018-05-14 05:55:53
62,27706,stylized,2018-05-14 05:56:41
62,27808,adam sandler,2018-05-06 05:15:00
62,27808,family,2018-05-06 05:15:19
62,27808,sweet,2018-05-06 05:15:22
62,27831,british gangster,2018-07-28 04:28:24
62,27831,confusing,2018-07-28 04:29:24
62,27831,daniel craig,2018-07-28 04:28:25
62,27831,exquisite plotting.,2018-07-28 04:29:15
62,27831,organized crime,2018-07-28 04:29:29
62,27831,stylish,2018-07-28 04:29:16
62,27831,tom hardy,2018-07-28 04:29:19
62,31658,anime,2018-05-09 20:30:41
62,31658,fantasy world,2018-05-09 20:30:51
62,31658,hayao miyazaki,2018-05-09 20:30:46
62,31658,studio ghibli,2018-05-09 20:30:44
62,33162,david thewlis,2018-05-06 05:10:05
62,33162,eva green,2018-05-06 05:09:10
62,33162,liam neeson,2018-05-06 05:09:37
62,33162,orlando bloom,2018-05-06 05:08:31
62,34150,chris evans,2018-05-06 05:02:21
62,34150,comic book,2018-05-06 05:00:03
62,34150,heroine in tight suit,2018-05-06 05:02:18
62,34150,jessica alba,2018-05-06 05:02:07
62,34150,sexy female scientist,2018-05-06 05:02:24
62,34150,superhero,2018-05-06 04:59:37
62,37729,gothic,2018-06-30 06:15:27
62,37729,helena bonham carter,2018-06-30 06:15:34
62,37729,johnny depp,2018-06-30 06:15:29
62,37729,tim burton,2018-06-30 06:15:26
62,37729,visually appealing,2018-06-30 06:15:41
62,38061,black comedy,2018-07-28 04:29:40
62,38061,clever,2018-07-28 04:30:03
62,38061,fast-paced dialogue,2018-07-28 04:30:06
62,38061,good dialogue,2018-07-28 04:30:28
62,38061,robert downey jr.,2018-07-28 04:30:08
62,38061,witty,2018-07-28 04:30:02
62,45447,adventure,2018-05-07 04:04:24
62,45447,audrey tautou,2018-05-07 04:04:35
62,45447,conspiracy theory,2018-05-07 04:04:22
62,45447,mystery,2018-05-07 04:04:41
62,45447,paris,2018-05-07 04:04:39
62,45447,tom hanks,2018-05-07 04:04:27
62,45447,treasure hunt,2018-05-07 04:04:44
62,46723,brad pitt,2018-05-06 05:03:37
62,46723,cate blanchett,2018-05-06 05:03:47
62,46723,multiple storylines,2018-05-06 05:03:35
62,46723,social commentary,2018-05-06 05:04:06
62,46972,ben stiller,2018-05-06 05:04:14
62,46972,robin williams,2018-05-06 05:04:15
62,46976,emma thompson,2018-09-14 05:38:12
62,46976,maggie gyllenhaal,2018-09-14 05:37:35
62,46976,modern fantasy,2018-09-14 05:37:38
62,46976,romance,2018-09-14 05:37:31
62,46976,surreal,2018-09-14 05:37:42
62,46976,will ferrell,2018-09-14 05:37:33
62,49130,marion cotillard,2018-05-18 02:39:31
62,49530,africa,2018-09-14 05:38:26
62,49530,corruption,2018-09-14 05:38:24
62,49530,jennifer connelly,2018-09-14 05:38:21
62,49530,justice,2018-09-14 05:38:29
62,49530,leonardo dicaprio,2018-09-14 05:38:18
62,53464,bad acting,2018-05-06 05:13:17
62,53464,bad jokes,2018-05-06 05:13:31
62,53464,bad plot,2018-05-06 05:13:42
62,53464,chris evans,2018-05-06 05:13:27
62,53464,jessica alba,2018-05-06 05:13:14
62,53464,marvel,2018-05-06 05:13:12
62,53464,sexy female scientist,2018-05-06 05:13:33
62,58047,rachel weisz,2018-06-14 01:02:44
62,58047,ryan reynolds,2018-06-14 01:02:27
62,59501,fantasy,2018-05-07 04:11:47
62,59501,lion,2018-05-07 04:11:57
62,59501,narnia,2018-05-07 04:11:48
62,59501,tilda swinton,2018-05-07 04:13:23
62,60074,bad script,2018-05-06 05:01:56
62,60074,charlize theron,2018-05-06 05:02:01
62,60074,will smith,2018-05-06 05:01:47
62,60126,anne hathaway,2018-05-22 23:50:40
62,60126,steve carell,2018-05-22 23:50:38
62,60756,comedy,2018-06-14 07:59:44
62,60756,funny,2018-06-14 07:59:41
62,60756,will ferrell,2018-06-14 07:59:39
62,61024,comedy,2018-06-14 07:56:58
62,61024,james franco,2018-06-14 07:56:54
62,61024,seth rogen,2018-06-14 07:56:56
62,61024,stoner movie,2018-06-14 07:56:59
62,63992,audience intelligence underestimated,2018-06-14 07:57:17
62,63992,boring,2018-06-14 07:57:21
62,63992,chick flick,2018-06-14 07:57:27
62,63992,overrated,2018-06-14 07:57:20
62,63992,teen movie,2018-06-14 07:57:13
62,68848,adrien brody,2018-05-26 02:51:45
62,68848,con artists,2018-05-26 02:52:00
62,68848,funny,2018-05-26 02:52:02
62,68848,interesting characters,2018-05-26 02:52:04
62,68848,mark ruffalo,2018-05-26 02:51:56
62,68848,rachel weisz,2018-05-26 02:51:51
62,71535,bill murray,2018-06-24 02:06:38
62,71535,dark comedy,2018-06-24 02:06:29
62,71535,emma stone,2018-06-24 02:06:32
62,71535,funny,2018-06-24 02:06:34
62,71535,jesse eisenberg,2018-06-24 02:06:26
62,71535,woody harrelson,2018-06-24 02:05:29
62,87430,audience intelligence underestimated,2018-05-06 05:19:32
62,87430,cgi,2018-05-06 05:19:28
62,87430,cheesy,2018-05-06 05:19:30
62,87430,comic book,2018-05-06 05:19:24
62,87430,dc,2018-05-06 05:19:36
62,87430,dc comics,2018-05-06 05:19:44
62,87430,ryan reynolds,2018-05-06 05:19:22
62,87430,space,2018-05-06 05:19:42
62,87430,superhero,2018-05-06 05:19:41
62,88405,comedy,2018-05-06 05:14:39
62,88405,funny,2018-05-06 05:14:28
62,88405,happy ending,2018-05-06 05:14:32
62,88405,hot actress,2018-05-06 05:14:40
62,88405,justin timberlake,2018-05-06 05:14:33
62,88405,mila kunis,2018-05-06 05:14:21
62,88405,new york city,2018-05-06 05:14:26
62,88405,romance,2018-05-06 05:14:43
62,88405,sex,2018-05-06 05:14:24
62,96861,istanbul,2018-06-22 04:01:02
62,96861,liam neeson,2018-06-22 04:00:50
62,96861,predictable,2018-06-22 04:01:06
62,96861,turkey,2018-06-22 04:00:56
62,96861,unnecessary sequel,2018-06-22 04:01:09
62,99114,action,2018-05-12 06:46:32
62,99114,christoph waltz,2018-05-12 06:46:06
62,99114,funny,2018-05-12 06:46:18
62,99114,good soundtrack,2018-05-12 06:46:25
62,99114,great performances,2018-05-12 06:46:08
62,99114,humour,2018-05-12 06:46:27
62,99114,leonardo dicaprio,2018-05-12 06:46:02
62,99114,quentin tarantino,2018-05-12 06:46:00
62,99114,samuel l. jackson,2018-05-12 06:46:03
62,99114,soundtrack,2018-05-12 06:46:21
62,99114,western,2018-05-12 06:46:13
62,103042,amy adams,2018-05-06 05:22:08
62,103042,superhero,2018-05-06 05:21:59
62,104863,daniel radcliffe,2018-06-13 06:52:48
62,104863,zoe kazan,2018-06-13 06:52:45
62,107348,comedy,2018-06-14 08:10:11
62,107348,steve carell,2018-06-14 08:10:00
62,107348,stupid but funny,2018-06-14 08:10:13
62,107348,will ferrell,2018-06-14 08:10:02
62,108190,anti-intellectual,2018-05-06 05:14:01
62,108190,bad writing,2018-05-06 05:13:55
62,108190,dystopia,2018-05-06 05:13:50
62,108190,new society,2018-05-06 05:13:52
62,108190,plot holes,2018-05-06 05:14:05
62,108190,predictable,2018-05-06 05:14:07
62,108190,scifi,2018-05-06 05:13:59
62,108190,unintelligent,2018-05-06 05:14:03
62,111743,charlize theron,2018-07-02 02:57:00
62,111743,liam neeson,2018-07-02 02:57:14
62,111743,seth macfarlane,2018-07-02 02:56:59
62,111743,witty,2018-07-02 02:56:57
62,114180,action,2018-05-06 05:07:40
62,114180,dystopia,2018-05-06 05:07:30
62,114180,plot holes,2018-05-06 05:07:34
62,114180,post-apocalyptic,2018-05-06 05:07:38
62,114180,survival,2018-05-06 05:07:36
62,114180,thriller,2018-05-06 05:07:51
62,114180,unexplained,2018-05-06 05:07:53
62,114180,weak plot,2018-05-06 05:07:43
62,115149,dark hero,2018-06-05 06:44:11
62,115149,gun-fu,2018-06-05 06:44:17
62,115149,keanu reeves,2018-06-05 06:44:04
62,115149,revenge,2018-06-05 06:44:01
62,115149,secret society,2018-06-05 06:44:18
62,115149,stylish,2018-06-05 06:44:07
62,116897,black comedy,2018-06-05 06:54:09
62,116897,dark comedy,2018-06-05 06:54:19
62,116897,dark humor,2018-06-05 06:54:07
62,116897,ironic,2018-06-05 06:54:14
62,116897,multiple short stories,2018-06-05 06:54:22
62,116897,short stories,2018-06-05 06:54:12
62,119141,bromance,2018-05-06 05:19:06
62,119141,comedy,2018-05-06 05:18:58
62,119141,funny,2018-05-06 05:18:49
62,119141,james franco,2018-05-06 05:18:52
62,119141,seth rogen,2018-05-06 05:18:47
62,122912,comic book,2018-05-11 16:57:03
62,122912,dr. strange,2018-05-11 16:56:41
62,122912,great villain,2018-05-11 16:57:05
62,122912,guardians of the galaxy,2018-05-11 16:56:55
62,122912,marvel,2018-05-11 16:56:37
62,122912,mcu,2018-05-11 16:56:23
62,122912,robert downey jr.,2018-05-11 16:56:31
62,122912,thanos,2018-05-11 16:56:25
62,122912,thor,2018-05-11 16:56:50
62,122912,visually stunning,2018-05-11 16:56:34
62,128360,characters,2018-05-12 06:48:30
62,128360,dialogue,2018-05-12 06:48:22
62,128360,humor,2018-05-12 06:48:21
62,128360,kurt russell,2018-05-12 06:48:06
62,128360,quentin tarantino,2018-05-12 06:47:57
62,128360,samuel l. jackson,2018-05-12 06:48:03
62,128360,tension building,2018-05-12 06:48:00
62,128360,violent,2018-05-12 06:48:32
62,128360,western,2018-05-12 06:48:19
62,135133,dystopia,2018-05-07 04:11:20
62,135133,jennifer lawrence,2018-05-07 04:11:24
62,135133,love story,2018-05-07 04:11:27
62,135133,nonsense,2018-05-07 04:11:28
62,135133,politics,2018-05-07 04:11:39
62,135133,rebellion,2018-05-07 04:11:23
62,135133,revolution,2018-05-07 04:11:21
62,135518,ben kingsley,2018-07-02 02:56:05
62,135518,ethics,2018-07-02 02:55:46
62,135518,immortality,2018-07-02 02:55:43
62,135518,ryan reynolds,2018-07-02 02:55:52
62,135536,bad story,2018-05-06 05:18:10
62,135536,bad writing,2018-05-06 05:18:04
62,135536,batman,2018-05-06 05:17:57
62,135536,ben affleck,2018-05-06 05:18:26
62,135536,comic book,2018-05-06 05:18:12
62,135536,dc comics,2018-05-06 05:18:00
62,135536,good soundtrack,2018-05-06 05:18:09
62,135536,harley quinn,2018-05-06 05:17:59
62,135536,harley quinn's ass,2018-05-06 05:18:14
62,135536,horrible directing,2018-05-06 05:18:19
62,135536,jared leto,2018-05-06 05:17:52
62,135536,joker,2018-05-06 05:17:54
62,135536,lack of plot,2018-05-06 05:17:49
62,135536,margot robbie,2018-05-06 05:17:53
62,135536,poor story,2018-05-06 05:18:07
62,135536,poorly paced,2018-05-06 05:18:03
62,135536,superhero,2018-05-06 05:18:23
62,135536,visually appealing,2018-05-06 05:18:29
62,135536,will smith,2018-05-06 05:17:56
62,136864,action,2018-05-06 05:20:42
62,136864,batman,2018-05-06 05:20:11
62,136864,ben affleck,2018-05-06 05:20:23
62,136864,dark,2018-05-06 05:20:27
62,136864,dc comics,2018-05-06 05:20:25
62,136864,gal gadot,2018-05-06 05:20:40
62,136864,superhero,2018-05-06 05:20:43
62,136864,superman,2018-05-06 05:20:13
62,136864,wonderwoman,2018-05-06 05:20:33
62,139385,leonardo dicarpio,2018-05-12 06:50:25
62,139385,survival,2018-05-12 06:50:19
62,139385,tom hardy,2018-05-12 06:50:29
62,139385,visually appealing,2018-05-12 06:50:38
62,158966,building a family,2018-05-12 06:05:53
62,158966,creative,2018-05-12 06:05:41
62,158966,freedom,2018-05-12 06:05:39
62,158966,good writing,2018-05-12 06:05:50
62,158966,individualism,2018-05-12 06:05:44
62,158966,viggo mortensen,2018-05-12 06:05:42
62,168248,action,2018-06-05 06:44:55
62,168248,dark hero,2018-06-05 06:44:51
62,168248,gun tactics,2018-06-05 06:44:47
62,168248,hitman,2018-06-05 06:44:53
62,168248,keanu reeves,2018-06-05 06:44:44
62,168248,organized crime,2018-06-05 06:44:49
62,168248,secret society,2018-06-05 06:44:42
62,174053,dystopia,2018-05-07 04:09:01
62,174053,future,2018-05-07 04:09:03
62,174053,interesting,2018-05-07 04:09:06
62,174053,jon hamm,2018-05-07 04:09:44
62,174053,thought provoking,2018-05-07 04:09:04
62,179401,action,2018-06-14 08:02:18
62,179401,comedy,2018-06-14 08:02:14
62,179401,dwayne johnson,2018-06-14 08:02:20
62,179401,funny,2018-06-14 08:02:16
62,183611,comedy,2018-05-14 04:51:29
62,183611,funny,2018-05-14 04:51:28
62,183611,rachel mcadams,2018-05-14 04:51:49
62,184471,adventure,2018-06-03 19:21:40
62,184471,alicia vikander,2018-06-03 19:21:54
62,184471,video game adaptation,2018-06-03 19:21:38
62,187593,josh brolin,2018-05-26 02:48:16
62,187593,ryan reynolds,2018-05-26 02:48:12
62,187593,sarcasm,2018-05-26 02:48:10
62,187595,emilia clarke,2018-06-14 08:02:40
62,187595,star wars,2018-06-14 08:02:32
63,260,classic,2015-09-26 00:48:18
63,260,space action,2015-09-26 00:48:30
76,260,action,2015-08-10 08:13:14
76,260,sci-fi,2015-08-10 08:13:08
103,260,epic,2015-05-18 21:05:12
103,260,great soundtrack,2015-05-18 21:05:37
103,296,good dialogue,2015-05-18 21:09:15
103,296,great soundtrack,2015-05-18 21:09:15
103,296,non-linear,2015-05-18 21:09:15
106,4896,everything you want is here,2016-07-04 01:29:04
106,106489,adventure,2016-07-04 01:29:39
112,260,classic sci-fi,2015-09-18 08:21:22
112,260,engrossing adventure,2015-09-18 08:21:13
112,260,epic,2015-09-18 08:21:06
119,260,classic,2015-07-04 00:55:30
119,260,nerd,2015-07-04 00:55:20
119,101142,animation,2015-07-11 05:17:47
119,101142,funny,2015-07-11 05:17:47
119,101142,stone age,2015-07-11 05:17:47
119,115149,action,2015-07-25 02:39:03
119,115149,killer,2015-07-25 02:39:03
119,115149,widows/widowers,2015-07-25 02:39:03
119,115617,animation,2015-07-04 01:34:50
119,115617,kids,2015-07-04 01:34:50
119,115617,robots,2015-07-04 01:34:50
119,120635,action,2015-08-01 22:28:26
119,120635,murder,2015-08-01 22:28:26
119,120635,police,2015-08-01 22:28:26
125,1726,kevin costner,2016-09-22 02:41:57
125,1726,post apocalyptic,2016-09-22 02:42:00
125,2387,dark comedy,2016-09-20 22:37:05
125,2387,dark humor,2016-09-20 22:37:03
125,3052,irreverent,2016-09-23 08:54:32
125,3052,jay and silent bob,2016-09-23 08:53:24
125,3052,kevin smith,2016-09-23 08:53:20
125,3052,satire,2016-09-23 08:53:17
125,5088,irreverent,2016-09-23 08:56:47
125,7022,based on a book,2016-09-20 22:29:09
125,7022,bloody,2016-09-20 22:29:15
125,7022,brutal,2016-09-20 22:26:52
125,7022,controversial,2016-09-20 22:30:12
125,7022,dystopia,2016-09-20 22:29:39
125,7022,goretastic,2016-09-20 22:29:46
125,7022,satire,2016-09-20 22:28:59
125,7022,social commentary,2016-09-20 22:29:48
125,7022,survival,2016-09-20 22:26:49
125,7022,violence,2016-09-20 22:29:05
125,7254,alternate reality,2016-09-20 22:24:01
125,7254,sci-fi,2016-09-20 22:24:08
125,7254,science fiction,2016-09-20 22:24:15
125,7254,time travel,2016-09-20 22:23:59
125,8957,brutal,2016-09-20 22:33:21
125,8957,clever,2016-09-20 22:33:39
125,8957,disturbing,2016-09-20 22:33:35
125,8957,great ending,2016-09-20 22:33:07
125,8957,mindfuck,2016-09-20 22:33:02
125,8957,surprise ending,2016-09-20 22:32:53
125,8957,suspense,2016-09-20 22:33:14
125,9010,cruel characters,2016-09-20 22:25:29
125,42632,brutality,2016-09-20 22:24:52
125,58301,dark humor,2016-09-20 22:26:01
125,60950,threesome,2016-09-23 08:50:17
125,62434,seth rogen,2016-09-23 09:01:16
125,62434,sexual humor,2016-09-23 09:01:13
125,67695,seth rogen,2016-09-20 22:35:23
125,100083,embarassing scenes,2016-09-20 21:11:15
125,100083,offensive,2016-09-20 21:11:00
125,100083,r language,2016-09-20 21:10:35
125,100083,sarcasm,2016-09-20 21:10:15
125,100083,satire,2016-09-20 22:31:41
125,156371,80's,2016-09-21 22:55:00
125,158872,crude humor,2016-09-20 22:33:55
125,158872,mindfuck,2016-09-20 22:34:47
125,158872,sarcasm,2016-09-20 22:34:13
125,158872,satire,2016-09-20 22:34:07
125,158872,vulgar,2016-09-20 22:35:00
132,3556,sofia coppola,2006-11-10 16:40:16
132,6323,john cusack,2006-10-26 02:14:01
132,6367,ewan mcgregor,2006-10-26 02:11:25
132,6367,renee zellweger,2006-10-26 02:12:31
138,59103,jackie chan,2008-09-29 16:19:54
138,59103,kung fu,2008-09-29 16:20:05
161,52287,something for everyone in this one... saw it without and plan on seeing it with kids!,2007-04-14 05:14:21
166,293,assassin,2007-09-03 07:08:04
166,293,jean reno,2007-09-03 07:08:07
166,54286,assassin,2007-09-03 07:08:39
166,54286,assassin-in-training (scene),2007-09-03 07:08:37
166,54286,espionage,2007-09-03 07:08:35
166,54286,robert ludlum,2007-09-03 07:08:44
167,104,test tag,2006-08-05 03:14:32
177,115617,feel-good,2015-06-29 04:37:56
177,115617,fun family movie,2015-06-29 04:37:56
177,115617,very funny,2015-06-29 04:37:56
184,2579,black and white,2018-09-16 18:38:27
184,2579,christopher nolan,2018-09-16 18:38:46
184,2579,directorial debut,2018-09-16 18:38:43
184,2579,mindfuck,2018-09-16 18:39:35
184,2579,not linear,2018-09-16 18:38:38
184,2579,twist ending,2018-09-16 18:38:29
184,3793,action,2018-09-16 18:39:41
184,3793,comic book,2018-09-16 18:39:19
184,3793,hugh jackman,2018-09-16 18:39:30
184,3793,marvel,2018-09-16 18:39:26
184,3793,superhero,2018-09-16 18:39:14
184,4226,dark,2018-09-16 18:40:53
184,4226,mindfuck,2018-09-16 18:41:04
184,4226,nonlinear,2018-09-16 18:40:45
184,4226,psychology,2018-09-16 18:40:48
184,4226,twist ending,2018-09-16 18:40:47
184,4896,alan rickman,2018-09-16 18:42:56
184,4896,harry potter,2018-09-16 18:42:24
184,4896,humorous,2018-09-16 18:42:30
184,4896,magic,2018-09-16 18:42:10
184,5388,atmospheric,2018-09-16 18:44:40
184,5388,insomnia,2018-09-16 18:44:48
184,5388,thought-provoking,2018-09-16 18:44:45
184,6283,amazing artwork,2018-09-16 18:41:46
184,6283,anime,2018-09-16 18:41:27
184,6283,sci-fi,2018-09-16 18:41:43
184,27156,anime,2018-09-16 18:37:41
184,27156,end of the world,2018-09-16 18:37:49
184,27156,epic,2018-09-16 18:37:50
184,27156,mecha,2018-09-16 18:37:58
184,27156,psychology,2018-09-16 18:37:43
184,193565,anime,2018-09-16 19:49:42
184,193565,comedy,2018-09-16 19:49:47
184,193565,gintama,2018-09-16 19:50:03
184,193565,remaster,2018-09-16 19:49:52
193,260,classic sci-fi,2015-07-03 01:09:00
193,260,space action,2015-07-03 01:09:15
193,260,space epic,2015-07-03 01:09:10
193,4878,atmospheric,2015-07-03 01:12:30
193,4878,cult film,2015-07-03 01:12:11
193,4878,dreamlike,2015-07-03 01:12:19
193,4878,hallucinatory,2015-07-03 01:12:24
193,4878,psychological,2015-07-03 01:12:27
193,4878,surreal,2015-07-03 01:12:08
193,4878,time travel,2015-07-03 01:12:15
193,7147,dreamlike,2015-07-03 01:10:17
193,7147,sentimental,2015-07-03 01:10:38
193,7147,surreal,2015-07-03 01:10:20
193,7147,tim burton,2015-07-03 01:10:24
193,7361,alternate reality,2015-07-03 01:12:48
193,7361,memory,2015-07-03 01:12:51
193,7361,thought-provoking,2015-07-03 01:12:43
193,97938,cinematography,2015-07-03 01:11:41
193,97938,india,2015-07-03 01:11:32
193,97938,surreal,2015-07-03 01:11:16
205,260,oldie but goodie,2018-03-01 18:11:41
205,260,sci-fi,2018-03-01 18:11:18
205,260,star wars,2018-03-01 18:11:48
226,6938,big wave,2006-10-13 03:29:22
226,6938,surfing,2006-10-13 03:29:22
226,48780,ummarti2006,2006-10-23 22:57:15
256,126548,funny,2015-11-15 04:23:12
256,126548,high school,2015-11-15 04:22:55
274,68319,comic book,2009-05-08 14:02:57
288,7020,notable nudity,2006-06-22 22:54:37
289,3,moldy,2006-03-27 10:01:00
289,3,old,2006-03-27 10:01:00
289,527,moving,2006-03-27 10:01:35
289,1101,predictable,2006-03-27 10:00:46
291,50872,a clever chef rat,2016-01-18 01:25:51
291,50872,inspirational,2016-01-18 01:25:59
291,102007,animation,2016-01-19 00:37:27
291,118696,hope,2016-01-19 00:37:59
300,6711,atmospheric,2015-03-03 11:12:23
305,4034,drugs,2016-05-11 06:35:21
305,4995,mathematics,2016-05-28 17:46:23
305,6502,zombies,2018-05-02 23:19:19
305,6953,depressing,2016-05-05 05:40:32
305,8641,stupid,2018-03-11 02:37:58
305,34405,predictable,2018-03-06 05:22:01
305,55721,favelas,2016-05-11 06:36:17
305,83134,black comedy,2018-02-17 04:04:37
318,778,based on a book,2010-02-17 20:11:50
318,778,dark comedy,2010-02-17 20:11:47
318,778,narrated,2010-02-17 20:11:43
318,4612,reciprocal spectator,2014-11-16 05:21:52
318,4708,reciprocal spectator,2014-11-16 05:21:30
318,6400,documentary,2011-09-07 02:18:56
318,30892,animation,2009-04-20 00:29:50
318,30892,documentary,2009-04-20 00:29:11
318,30892,henry darger,2009-04-20 00:29:20
318,48698,the catholic church is the most corrupt organization in history,2010-06-08 22:09:49
318,64034,childish naivity,2009-05-13 04:33:24
318,64034,friendship,2009-05-13 04:33:47
318,68954,adventure,2010-02-17 20:10:34
318,68954,bechdel test:fail,2010-02-17 20:10:41
318,68954,cartoon,2010-02-17 20:10:38
318,68954,children,2010-02-17 20:10:43
318,68954,computer animation,2010-02-17 20:10:45
318,68954,divorce,2010-02-17 20:10:56
318,68954,dogs,2010-02-17 20:10:58
318,68954,dreams,2010-02-17 20:11:02
318,68954,pixar,2010-02-17 20:11:15
318,71494,narrative pisstake,2015-03-20 00:49:01
318,81158,american idolatry,2011-03-07 07:09:14
318,82459,atmospheric,2011-03-19 05:57:43
318,82459,coen brothers,2011-03-19 05:57:57
318,82459,jeff bridges,2011-03-19 05:57:59
318,82459,matt damon,2011-03-19 05:58:00
318,82459,predictable,2011-03-19 05:56:45
318,90769,celebrity fetishism,2015-01-29 17:38:40
318,90769,mediacentralism,2015-01-29 17:38:40
318,90769,system holism,2015-01-29 17:38:40
318,96084,city politics,2015-01-13 18:42:15
318,96084,italy,2015-01-13 18:42:15
318,96084,political right versus left,2015-01-13 18:42:15
318,111364,creature feature,2014-10-31 02:31:58
318,118784,documentary,2015-01-05 03:49:52
318,118784,music industry,2015-01-05 03:49:52
318,118784,remix culture,2015-01-05 03:49:52
318,127172,film history,2015-02-06 19:36:05
318,127172,poetic,2015-02-06 19:36:05
318,127172,representation of children,2015-02-06 19:36:05
319,364,disney,2016-04-23 03:04:58
319,364,disney animated feature,2016-04-23 03:05:08
319,364,oscar (best music - original score),2016-04-23 03:05:19
327,1288,music,2009-02-16 21:14:28
327,1923,ben stiller,2009-02-16 21:09:15
327,2616,comic book,2009-02-16 20:58:18
327,3481,music,2009-02-16 20:44:17
327,3897,music,2009-02-16 20:56:19
327,8641,awesome,2009-02-16 20:59:37
327,51255,british comedy,2009-02-16 20:58:35
336,1,pixar,2006-02-04 17:36:04
336,153,superhero,2006-02-04 17:37:20
336,552,knights,2006-02-04 17:37:05
336,1246,highschool,2006-02-04 17:52:48
336,32587,cult,2006-02-04 17:52:28
336,33660,boksdrama,2006-02-04 17:43:23
336,34162,stiller,2006-02-04 17:53:31
336,36529,wapendrama,2006-02-04 17:44:49
336,37729,animation,2006-02-04 18:01:34
336,38798,sisters,2006-02-04 18:01:02
341,260,robots and androids,2015-08-17 02:49:16
341,260,space,2015-08-17 02:49:21
356,2146,post-college,2008-12-13 12:36:35
356,37384,restaurant,2008-12-13 12:27:38
356,40955,transvestite,2008-12-13 11:58:09
356,44889,satire,2008-12-13 12:01:03
356,61323,dark comedy,2008-12-01 03:31:21
357,39,chick flick,2012-09-26 10:51:07
357,39,funny,2012-09-26 10:51:09
357,39,paul rudd,2012-09-26 10:51:11
357,39,quotable,2012-09-26 10:51:13
357,39,seen more than once,2012-09-26 10:51:18
357,1059,amazing cinematography,2012-09-26 10:40:35
357,1059,leonardo dicaprio,2012-09-26 10:40:33
357,1059,shakespeare,2012-09-26 10:41:04
357,1059,updated classics,2012-09-26 10:40:43
357,2762,atmospheric,2012-09-26 10:35:02
357,2762,bruce willis,2012-09-26 10:35:19
357,2762,ghosts,2012-09-26 10:35:04
357,2762,imdb top 250,2012-09-26 10:35:08
357,2762,mindfuck,2012-09-26 10:35:10
357,2762,stylized,2012-09-26 10:35:15
357,2762,twist ending,2012-09-26 10:35:13
357,4370,android(s)/cyborg(s),2012-09-26 11:04:02
357,4370,artificial intelligence,2012-09-26 11:03:58
357,4370,bittersweet,2012-09-26 11:03:48
357,4370,steven spielberg,2012-09-26 11:03:55
357,5464,cinematography,2012-09-26 10:39:34
357,5464,tom hanks,2012-09-26 10:39:39
357,7078,bette davis,2012-09-26 11:01:45
357,7078,oscar (best actress),2012-09-26 11:01:42
357,7444,mark ruffalo,2012-09-26 10:52:40
357,7451,clever,2012-09-26 10:51:47
357,7451,high school,2012-09-26 10:51:42
357,7451,lesbian subtext,2012-09-26 10:51:49
357,48516,leonardo dicaprio,2012-09-26 10:39:09
357,48516,suspense,2012-09-26 10:39:12
357,48516,twist ending,2012-09-26 10:39:14
357,48516,undercover cop,2012-09-26 10:39:16
357,54997,christian bale,2012-09-26 10:39:55
357,55290,casey affleck,2012-09-26 10:38:36
357,55290,great performances,2012-09-26 10:38:47
357,55290,twist,2012-09-26 10:38:51
357,91500,ending,2012-09-26 10:35:41
357,91529,anne hathaway,2012-09-26 10:32:38
357,91529,christian bale,2012-09-26 10:32:35
357,91529,christopher nolan,2012-09-26 10:32:40
357,91529,comic book,2012-09-26 10:32:55
357,91529,great ending,2012-09-26 10:32:59
357,91529,morgan freeman,2012-09-26 10:32:46
357,91529,political commentary,2012-09-26 10:33:06
357,91529,superhero,2012-09-26 10:33:10
419,98961,afghanistan,2013-03-10 06:15:27
419,98961,american propaganda,2013-03-10 06:14:50
419,98961,assassination,2013-03-10 06:15:08
419,98961,military,2013-03-10 06:15:15
419,98961,terrorism,2013-03-10 06:15:03
424,32,time travel,2016-03-14 04:44:32
424,47,mystery,2016-03-13 12:14:30
424,47,twist ending,2016-03-13 12:14:18
424,50,mindfuck,2016-03-13 12:12:08
424,50,suspense,2016-03-13 12:11:55
424,50,thriller,2016-03-13 12:12:12
424,50,tricky,2016-03-13 12:12:20
424,50,twist ending,2016-03-13 12:11:46
424,147,addiction,2016-03-14 04:40:27
424,147,heroin,2016-03-14 04:40:31
424,147,leonardo dicaprio,2016-03-14 04:40:25
424,147,mark wahlberg,2016-03-14 04:40:24
424,175,controversial,2016-03-14 04:41:05
424,175,new york city,2016-03-14 04:41:11
424,175,nudity (full frontal),2016-03-14 04:41:08
424,223,cynical,2016-03-13 12:41:06
424,223,hilarious,2016-03-13 12:41:26
424,223,independent film,2016-03-13 12:41:24
424,223,quirky,2016-03-13 12:41:13
424,223,witty,2016-03-13 12:41:20
424,260,classic sci-fi,2016-03-14 04:26:12
424,260,sci-fi,2016-03-14 04:26:06
424,260,space adventure,2016-03-14 04:26:10
424,260,star wars,2016-03-14 04:26:15
424,288,brutality,2016-03-13 13:16:24
424,288,controversial,2016-03-13 13:16:35
424,288,dark comedy,2016-03-13 13:16:20
424,288,psychedelic,2016-03-13 13:16:31
424,288,satire,2016-03-13 13:16:38
424,288,stylized,2016-03-13 13:16:29
424,296,cult film,2016-03-13 12:49:06
424,296,drugs,2016-03-13 12:49:10
424,296,quentin tarantino,2016-03-13 12:49:01
424,296,tarantino,2016-03-13 12:49:17
424,364,soundtrack,2016-03-13 13:04:57
424,527,thought-provoking,2016-03-14 04:30:41
424,541,sci-fi,2016-03-14 04:28:38
424,589,apocalypse,2016-03-13 12:54:14
424,589,arnold schwarzenegger,2016-03-13 12:54:01
424,589,nuclear war,2016-03-13 12:54:21
424,589,sci-fi,2016-03-13 12:54:07
424,589,suspense,2016-03-13 12:54:24
424,589,time travel,2016-03-13 12:54:03
424,608,based on a true story,2016-03-14 04:28:02
424,608,dark comedy,2016-03-14 04:27:50
424,608,kidnapping,2016-03-14 04:27:57
424,608,steve buscemi,2016-03-14 04:27:45
424,628,edward norton,2016-03-13 12:36:14
424,628,psychology,2016-03-13 12:36:16
424,628,suspense,2016-03-13 12:36:22
424,628,thought-provoking,2016-03-13 12:36:20
424,628,twist ending,2016-03-13 12:36:11
424,1089,ensemble cast,2016-03-13 12:52:19
424,1089,nonlinear,2016-03-13 12:52:22
424,1089,quentin tarantino,2016-03-13 12:52:09
424,1089,stylized,2016-03-13 12:52:17
424,1120,freedom of expression,2016-03-13 13:05:58
424,1136,british comedy,2016-03-14 04:38:18
424,1136,monty python,2016-03-14 04:38:16
424,1193,emotional,2016-03-13 12:34:48
424,1193,jack nicholson,2016-03-13 12:34:44
424,1198,adventure,2016-03-14 04:32:09
424,1198,archaeology,2016-03-14 04:37:44
424,1198,indiana jones,2016-03-14 04:32:12
424,1198,steven spielberg,2016-03-14 04:37:46
424,1198,treasure hunt,2016-03-14 04:37:51
424,1200,action,2016-03-14 04:34:18
424,1200,aliens,2016-03-14 04:34:12
424,1200,horror,2016-03-14 04:34:25
424,1200,sci-fi,2016-03-14 04:34:05
424,1200,space,2016-03-14 04:34:21
424,1200,space craft,2016-03-14 04:34:34
424,1200,space travel,2016-03-14 04:34:29
424,1200,suspense,2016-03-14 04:34:16
424,1219,alfred hitchcock,2016-03-14 04:54:15
424,1219,psychology,2016-03-14 04:54:19
424,1219,suspenseful,2016-03-14 04:54:12
424,1219,tense,2016-03-14 04:54:21
424,1240,action,2016-03-14 04:35:08
424,1240,artificial intelligence,2016-03-14 04:35:13
424,1240,robots,2016-03-14 04:35:05
424,1240,sci-fi,2016-03-14 04:35:02
424,1240,special effects,2016-03-14 04:35:22
424,1240,tense,2016-03-14 04:35:19
424,1240,time travel,2016-03-14 04:35:00
424,1258,atmospheric,2016-03-13 12:29:04
424,1258,disturbing,2016-03-13 12:29:07
424,1258,horror,2016-03-13 12:29:12
424,1258,jack nicholson,2016-03-13 12:29:00
424,1258,masterpiece,2016-03-13 12:29:14
424,1258,psychological,2016-03-13 12:29:02
424,1258,stanley kubrick,2016-03-13 12:28:58
424,1258,suspense,2016-03-13 12:29:21
424,1343,horror,2016-03-13 13:17:37
424,1343,juliette lewis,2016-03-13 13:17:24
424,1343,martin scorsese,2016-03-13 13:17:32
424,1343,robert de niro,2016-03-13 13:17:34
424,1625,mindfuck,2016-03-13 13:00:52
424,1625,mystery,2016-03-13 13:00:49
424,1625,plot twist,2016-03-13 13:00:55
424,1625,psychological,2016-03-13 13:00:47
424,1625,suspense,2016-03-13 13:00:58
424,1625,twist ending,2016-03-13 13:00:44
424,1704,inspirational,2016-03-13 12:56:11
424,1921,hallucinatory,2016-03-14 04:55:16
424,1921,mental illness,2016-03-14 04:54:37
424,1921,mindfuck,2016-03-14 04:55:18
424,1921,paranoid,2016-03-14 04:55:21
424,1923,ben stiller,2016-03-13 13:21:43
424,1923,crude humor,2016-03-13 13:21:46
424,1923,goofy,2016-03-13 13:21:51
424,2160,atmospheric,2016-03-13 12:28:20
424,2160,creepy,2016-03-13 12:28:37
424,2160,paranoia,2016-03-13 12:28:18
424,2160,scary,2016-03-13 12:28:15
424,2160,suspense,2016-03-13 12:28:28
424,2296,snl,2016-03-13 13:25:04
424,2329,thought-provoking,2016-03-13 12:35:29
424,2505,nicolas cage,2016-03-14 04:49:40
424,2571,martial arts,2016-03-13 12:21:52
424,2571,sci-fi,2016-03-13 12:21:39
424,2700,adult humor,2016-03-13 12:46:30
424,2700,controversial,2016-03-13 12:46:39
424,2700,crude humor,2016-03-13 12:46:37
424,2700,free speech,2016-03-13 12:46:42
424,2700,parody,2016-03-13 12:46:33
424,2700,satire,2016-03-13 12:46:32
424,2700,south park,2016-03-13 12:46:47
424,2700,trey parker,2016-03-13 12:46:52
424,2959,dark comedy,2016-03-13 12:19:57
424,2959,psychology,2016-03-13 12:20:02
424,2959,thought-provoking,2016-03-13 12:19:46
424,2959,twist ending,2016-03-13 12:19:37
424,3176,based on a book,2016-03-13 12:57:22
424,3176,creepy,2016-03-13 12:57:13
424,3176,disturbing,2016-03-13 12:57:09
424,3176,jude law,2016-03-13 12:57:06
424,3176,murder,2016-03-13 12:57:18
424,3176,obsession,2016-03-13 12:57:16
424,3176,psychology,2016-03-13 12:57:03
424,3176,secrets,2016-03-13 12:57:25
424,3176,serial killer,2016-03-13 12:57:11
424,3176,suspense,2016-03-13 12:57:21
424,3186,asylum,2016-03-13 13:13:25
424,3186,based on a true story,2016-03-13 13:13:22
424,3186,brittany murphy,2016-03-13 13:13:29
424,3186,mental hospital,2016-03-13 13:13:32
424,3186,psychology,2016-03-13 13:13:14
424,3186,winona ryder,2016-03-13 13:13:18
424,3499,claustrophobic,2016-03-13 13:18:01
424,3499,horror,2016-03-13 13:18:07
424,3499,scary,2016-03-13 13:18:15
424,3499,stephen king,2016-03-13 13:18:11
424,3499,suspenseful,2016-03-13 13:17:59
424,3499,tense,2016-03-13 13:18:03
424,3499,thriller,2016-03-13 13:18:05
424,3527,aliens,2016-03-14 04:34:43
424,3527,sci-fi,2016-03-14 04:34:45
424,3527,scifi cult,2016-03-14 04:34:48
424,3911,satire,2016-03-13 12:42:56
424,3948,comedy,2016-03-13 13:21:28
424,3948,robert de niro,2016-03-13 13:21:24
424,4226,mystery,2016-03-13 12:23:03
424,4226,psychological,2016-03-13 12:22:59
424,4226,twist ending,2016-03-13 12:22:57
424,4262,al pacino,2016-03-14 04:29:25
424,4816,ben stiller,2016-03-13 13:29:20
424,4816,comedy,2016-03-13 13:29:30
424,4816,david bowie,2016-03-13 13:29:12
424,4816,goofy,2016-03-13 13:29:09
424,4816,mindless one liners,2016-03-13 13:29:16
424,4816,will ferrell,2016-03-13 13:29:19
424,4878,jake gyllenhaal,2016-03-14 04:45:10
424,4993,fantasy,2016-03-14 04:32:36
424,4993,high fantasy,2016-03-14 04:32:42
424,4993,magic,2016-03-14 04:32:38
424,4993,mythology,2016-03-14 04:32:54
424,4993,tolkien,2016-03-14 04:32:45
424,4993,wizards,2016-03-14 04:32:48
424,5291,black and white,2016-03-13 13:02:11
424,5291,samurai,2016-03-13 13:02:18
424,6016,multiple storylines,2016-03-14 04:29:59
424,6016,true story,2016-03-14 04:30:05
424,6188,comedy,2016-03-13 13:14:58
424,6188,will ferrell,2016-03-13 13:15:00
424,6290,rob zombie,2016-03-14 04:52:47
424,7361,jim carrey,2016-03-14 04:42:20
424,8641,comedy,2016-03-13 13:22:17
424,8641,will ferrell,2016-03-13 13:22:13
424,8950,christian bale,2016-03-13 12:20:41
424,8950,creepy,2016-03-13 12:20:47
424,8950,powerful ending,2016-03-13 12:20:57
424,8950,psychology,2016-03-13 12:20:44
424,8950,schizophrenia,2016-03-13 12:20:54
424,8950,twist ending,2016-03-13 12:20:37
424,27020,drugs,2016-03-14 04:39:35
424,27020,lesbian,2016-03-14 04:39:30
424,30825,ben stiller,2016-03-13 13:22:53
424,30825,robert de niro,2016-03-13 13:22:49
424,34323,rob zombie,2016-03-14 04:52:35
424,40278,jake gyllenhaal,2016-03-13 13:20:43
424,40278,modern war,2016-03-13 13:20:49
424,48516,atmospheric,2016-03-13 12:26:28
424,48516,jack nicholson,2016-03-13 12:26:13
424,48516,leonardo dicaprio,2016-03-13 12:26:18
424,48516,martin scorsese,2016-03-13 12:26:16
424,48516,suspense,2016-03-13 12:26:24
424,53127,based on a play,2016-03-14 10:42:14
424,53127,conspiracy theory,2016-03-14 10:41:53
424,53127,creepy,2016-03-14 10:42:17
424,53127,insanity,2016-03-14 10:41:24
424,53127,paranoia,2016-03-14 10:41:58
424,53127,ptsd,2016-03-14 10:40:56
424,60756,funny,2016-03-13 13:15:27
424,60756,will ferrell,2016-03-13 13:15:29
424,66097,claymation,2016-03-13 12:47:48
424,66097,creepy,2016-03-13 12:48:04
424,66097,dark,2016-03-13 12:47:55
424,66097,dark fairy tale,2016-03-13 12:48:18
424,66097,surreal,2016-03-13 12:48:01
424,66097,tim burton,2016-03-13 12:48:14
424,68157,black comedy,2016-03-13 12:51:07
424,68157,brad pitt,2016-03-13 12:51:03
424,68157,christoph waltz,2016-03-13 12:51:00
424,68157,quentin tarantino,2016-03-13 12:50:52
424,68157,satire,2016-03-13 12:51:10
424,74458,insanity,2016-03-13 12:25:02
424,74458,leonardo dicaprio,2016-03-13 12:25:10
424,74458,martin scorsese,2016-03-13 12:25:07
424,74458,plot twist,2016-03-13 12:25:04
424,74458,psychological,2016-03-13 12:24:58
424,74458,psychological thriller,2016-03-13 12:25:13
424,74458,thought-provoking,2016-03-13 12:25:22
424,79132,action,2016-03-13 12:55:27
424,79132,alternate reality,2016-03-13 12:55:11
424,79132,leonardo dicaprio,2016-03-13 12:55:16
424,79132,sci-fi,2016-03-13 12:55:03
424,79132,thought-provoking,2016-03-13 12:55:20
424,79132,visually appealing,2016-03-13 12:55:14
424,81562,stranded,2016-03-14 04:36:44
424,81591,alter ego,2016-03-13 13:08:04
424,81591,atmospheric,2016-03-13 13:07:38
424,81591,creepy,2016-03-13 13:07:48
424,81591,horror,2016-03-13 13:07:50
424,81591,obsession,2016-03-13 13:07:57
424,81591,surreal,2016-03-13 13:07:41
424,102903,illusions,2016-03-13 13:07:03
424,102903,overcomplicated,2016-03-13 13:06:33
424,102903,predictable,2016-03-13 13:06:36
424,102903,stupid ending,2016-03-13 13:06:27
424,104879,absorbing,2016-03-13 13:19:20
424,104879,acting,2016-03-13 13:19:18
424,104879,atmospheric,2016-03-13 13:19:26
424,104879,hugh jackman,2016-03-13 13:19:24
424,104879,jake gyllenhaal,2016-03-13 13:19:15
424,104879,morality,2016-03-13 13:19:28
424,104879,mystery,2016-03-13 13:19:38
424,104879,thriller,2016-03-13 13:19:22
424,106100,jared leto,2016-03-13 13:12:04
424,106100,social commentary,2016-03-13 13:12:01
424,106100,uplifting,2016-03-13 13:12:13
424,106489,fantasy,2016-03-14 04:33:30
424,106489,tolkien,2016-03-14 04:33:34
424,106489,too long,2016-03-14 04:33:21
424,109487,christopher nolan,2016-03-14 04:43:25
424,109487,sci-fi,2016-03-14 04:43:28
424,109487,time-travel,2016-03-14 04:43:31
424,112515,atmospheric,2016-03-13 12:27:38
424,112515,dark,2016-03-13 12:27:36
424,112515,metaphorical,2016-03-13 12:27:08
424,112515,psychological,2016-03-13 12:27:41
424,112556,annoying,2016-03-13 12:58:08
424,112556,stupid ending,2016-03-13 12:59:15
435,750,dark comedy,2013-04-23 08:14:04
435,2959,dark comedy,2013-04-23 08:14:48
435,58559,psychology,2013-04-23 08:14:00
435,58559,superhero,2013-04-23 08:14:14
439,5952,myth,2015-07-15 15:07:18
439,98809,action,2015-07-15 15:08:48
439,98809,myth,2015-07-15 15:09:01
462,152711,cambodia,2016-11-07 11:34:48
462,152711,crime,2016-11-07 11:35:09
462,152711,human rights,2016-11-07 11:34:56
462,152711,murder,2016-11-07 11:35:01
462,152711,procedural,2016-11-07 11:35:13
474,1,pixar,2006-01-14 10:47:05
474,2,game,2006-01-16 09:39:12
474,5,pregnancy,2006-01-16 09:11:43
474,5,remake,2006-01-16 09:11:43
474,7,remake,2006-01-16 09:40:42
474,11,politics,2006-01-16 09:28:24
474,11,president,2006-01-16 09:28:24
474,14,politics,2006-01-16 09:40:23
474,14,president,2006-01-16 09:40:23
474,16,mafia,2006-01-14 03:47:20
474,17,jane austen,2006-01-14 03:39:13
474,21,hollywood,2006-01-14 10:36:18
474,22,serial killer,2006-01-16 09:38:16
474,25,alcoholism,2006-01-25 05:19:15
474,26,shakespeare,2006-01-25 05:20:03
474,28,in netflix queue,2006-01-14 09:25:42
474,28,jane austen,2006-01-14 03:20:37
474,29,kidnapping,2006-01-25 05:17:53
474,31,high school,2006-01-16 09:38:22
474,31,teacher,2006-01-16 09:38:22
474,32,time travel,2006-01-14 10:47:06
474,34,animal movie,2006-01-14 03:35:56
474,34,pigs,2006-01-14 10:20:37
474,36,death penalty,2006-01-14 09:32:43
474,36,nun,2006-01-14 06:27:07
474,38,twins,2006-01-16 09:09:20
474,39,emma,2006-01-25 05:18:12
474,39,jane austen,2006-01-25 05:18:12
474,40,in netflix queue,2006-01-14 09:28:27
474,40,south africa,2006-01-14 09:28:27
474,41,shakespeare,2006-01-25 05:20:46
474,43,england,2006-01-25 05:20:40
474,45,journalism,2006-01-14 10:47:06
474,46,wedding,2006-01-16 09:38:59
474,47,serial killer,2006-01-14 10:40:52
474,50,heist,2006-01-14 10:47:06
474,52,adoption,2006-01-14 10:38:35
474,52,prostitution,2006-01-14 10:39:31
474,58,writing,2006-01-25 05:20:13
474,62,music,2006-01-16 09:29:17
474,92,jekyll and hyde,2006-01-25 05:19:34
474,96,theater,2006-01-25 05:18:57
474,101,crime,2006-01-25 05:17:40
474,104,golf,2006-01-16 09:13:34
474,107,muppets,2006-01-16 09:39:33
474,110,scotland,2006-01-14 03:36:14
474,111,assassination,2006-01-14 10:41:53
474,116,holocaust,2006-01-24 02:19:58
474,122,dating,2006-01-16 09:07:59
474,140,journalism,2006-01-16 09:30:31
474,150,moon,2006-01-14 10:20:34
474,150,nasa,2006-01-14 03:36:17
474,150,space,2006-01-14 10:20:33
474,153,superhero,2006-01-16 09:37:33
474,160,michael crichton,2006-01-16 09:08:46
474,161,submarine,2006-01-25 05:18:17
474,162,in netflix queue,2006-01-14 09:27:18
474,185,computers,2006-01-16 09:40:04
474,199,made me cry,2006-01-14 09:45:24
474,215,generation x,2006-01-24 02:20:10
474,216,school,2006-01-16 09:07:55
474,222,ireland,2006-01-14 03:47:24
474,223,generation x,2006-01-25 05:18:00
474,224,mental illness,2006-01-25 05:18:36
474,224,psychology,2006-01-25 05:18:36
474,230,stephen king,2006-01-25 05:18:26
474,232,in netflix queue,2006-01-14 09:10:27
474,235,movie business,2006-01-14 03:47:31
474,237,basketball,2006-01-25 05:18:48
474,237,france,2006-01-25 05:18:48
474,237,infertility,2006-01-25 05:18:48
474,246,basketball,2006-01-21 03:19:40
474,247,australia,2006-01-14 03:47:46
474,249,beethoven,2006-01-14 03:47:52
474,252,einstein,2006-01-16 09:13:41
474,257,court,2006-01-16 09:39:15
474,260,darth vader,2006-01-14 10:41:34
474,260,luke skywalker,2006-01-14 10:41:36
474,260,space opera,2006-01-14 10:41:44
474,261,louisa may alcott,2006-01-14 03:48:08
474,262,england,2006-01-14 10:36:43
474,262,girl power,2006-01-14 10:36:43
474,262,india,2006-01-14 10:36:43
474,272,england,2006-01-25 05:19:26
474,272,mental illness,2006-01-25 05:19:26
474,277,christmas,2006-01-16 09:13:47
474,279,in netflix queue,2006-01-14 09:29:19
474,280,prison,2006-01-16 09:39:45
474,282,disability,2006-01-16 09:39:54
474,282,twins,2006-01-16 09:39:54
474,290,in netflix queue,2006-01-14 09:25:07
474,293,hit men,2006-01-25 05:20:19
474,296,hit men,2006-01-14 10:16:41
474,300,tv,2006-01-14 10:39:36
474,307,death,2006-01-14 09:44:47
474,308,marriage,2006-01-14 10:47:07
474,316,time travel,2006-01-25 05:21:13
474,317,christmas,2006-01-16 09:14:07
474,318,prison,2006-01-14 10:17:40
474,318,stephen king,2006-01-14 03:39:31
474,318,wrongful imprisonment,2006-01-14 10:17:44
474,326,in netflix queue,2006-01-14 09:23:17
474,329,enterprise,2006-01-14 10:41:31
474,337,mental illness,2006-01-14 10:47:08
474,338,serial killer,2006-01-16 09:41:02
474,339,coma,2006-01-25 05:23:01
474,342,australia,2006-01-25 05:19:53
474,342,weddings,2006-01-25 05:19:53
474,345,cross dressing,2006-01-24 02:19:41
474,345,men in drag,2006-01-24 02:19:41
474,345,remade,2006-01-24 02:19:41
474,349,tom clancy,2006-01-14 03:36:01
474,350,john grisham,2006-01-16 09:38:02
474,351,interracial romance,2006-01-16 09:13:28
474,356,shrimp,2006-01-16 09:38:39
474,356,vietnam,2006-01-16 09:38:39
474,357,wedding,2006-01-16 09:38:47
474,361,gambling,2006-01-25 05:19:11
474,363,holocaust,2006-01-14 09:28:43
474,363,in netflix queue,2006-01-14 09:28:43
474,364,disney,2006-01-14 03:35:59
474,371,journalism,2006-01-16 09:40:29
474,377,bus,2006-01-14 10:41:16
474,380,spies,2006-01-14 10:47:06
474,381,alcoholism,2006-01-16 09:30:43
474,412,edith wharton,2006-01-14 03:47:13
474,421,horses,2006-01-24 02:20:15
474,425,mental illness,2006-01-24 02:20:34
474,425,oscar (best actress),2006-01-24 02:20:34
474,440,president,2006-01-14 06:28:49
474,454,john grisham,2006-01-14 03:47:38
474,457,based on a tv show,2006-01-21 03:18:37
474,471,hula hoop,2006-01-16 09:39:07
474,474,assassination,2006-01-25 05:19:03
474,475,ireland,2006-01-14 03:47:57
474,477,biopic,2006-01-25 05:22:56
474,480,dinosaur,2006-01-14 09:42:01
474,488,japan,2006-01-16 09:39:30
474,488,sexuality,2006-01-16 09:39:30
474,497,shakespeare,2006-01-14 03:39:03
474,500,cross dressing,2006-01-16 09:29:19
474,500,divorce,2006-01-16 09:29:21
474,500,men in drag,2006-01-16 09:29:27
474,508,aids,2006-01-16 09:40:34
474,513,radio,2006-01-25 05:20:37
474,513,show business,2006-01-25 05:20:37
474,515,butler,2006-01-14 09:36:39
474,515,housekeeper,2006-01-14 09:36:39
474,516,military,2006-01-16 09:17:30
474,522,australia,2006-01-25 05:21:00
474,522,racism,2006-01-25 05:21:00
474,522,violence,2006-01-25 05:21:00
474,524,football,2006-01-16 09:30:02
474,527,holocaust,2006-01-14 03:36:10
474,529,chess,2006-01-14 03:48:25
474,531,in netflix queue,2006-01-14 09:24:56
474,534,c.s. lewis,2006-01-14 03:39:23
474,535,large cast,2006-01-14 10:41:11
474,538,race,2006-01-25 05:21:05
474,539,empire state building,2006-01-14 09:44:01
474,541,robots,2006-01-16 09:37:44
474,543,beat poetry,2006-01-14 09:44:17
474,551,christmas,2006-01-16 09:40:15
474,551,halloween,2006-01-16 09:40:15
474,556,politics,2006-01-16 09:41:06
474,562,adolescence,2006-01-14 10:47:07
474,586,christmas,2006-01-16 09:16:22
474,587,overrated,2006-01-14 03:35:51
474,588,disney,2006-01-14 03:36:11
474,589,robots,2006-01-14 10:41:57
474,590,american indians,2006-01-14 03:36:16
474,590,native americans,2006-01-14 03:36:16
474,592,superhero,2006-01-14 10:36:04
474,593,hannibal lector,2006-01-14 03:36:22
474,594,disney,2006-01-16 09:40:48
474,595,disney,2006-01-14 03:36:03
474,596,disney,2006-01-16 09:17:04
474,597,prostitution,2006-01-14 10:38:44
474,608,coen brothers,2006-01-14 03:36:08
474,616,disney,2006-01-24 02:20:01
474,628,priest,2006-01-16 09:44:44
474,638,babies,2006-01-16 09:43:18
474,647,gulf war,2006-01-16 09:41:58
474,648,based on a tv show,2006-01-25 05:19:44
474,668,india,2006-01-25 05:20:07
474,670,india,2006-01-14 03:42:00
474,671,spoof,2006-01-25 05:19:57
474,673,bugs bunny,2006-01-16 09:12:58
474,708,veterinarian,2006-01-14 09:45:07
474,720,aardman,2006-01-14 10:47:08
474,728,in netflix queue,2006-01-14 09:28:16
474,733,alcatraz,2006-01-14 10:40:18
474,736,disaster,2006-01-14 03:36:00
474,745,aardman,2006-01-14 10:47:07
474,748,aliens,2006-01-25 05:23:40
474,750,atomic bomb,2006-01-14 09:41:28
474,778,drug abuse,2006-01-14 06:31:30
474,780,aliens,2006-01-14 10:36:21
474,800,in netflix queue,2006-01-14 09:26:14
474,805,john grisham,2006-01-16 09:46:09
474,818,based on a tv show,2006-01-16 09:46:36
474,830,adultery,2006-01-16 09:15:23
474,832,kidnapping,2006-01-16 09:17:22
474,838,jane austen,2006-01-16 09:42:28
474,852,golf,2006-01-16 09:17:42
474,858,mafia,2006-01-14 03:35:55
474,892,shakespeare,2006-01-16 09:46:28
474,898,divorce,2006-01-14 10:38:42
474,899,movie business,2006-01-14 03:48:33
474,900,france,2006-01-25 05:23:29
474,902,capote,2006-01-25 05:24:09
474,903,falling,2006-01-14 10:20:55
474,904,voyeurism,2006-01-14 10:39:40
474,905,screwball,2006-01-14 09:34:59
474,906,brooch,2006-01-14 06:27:11
474,907,divorce,2006-01-16 09:43:00
474,908,mount rushmore,2006-01-25 05:26:08
474,909,adultery,2006-01-14 10:36:02
474,910,men in drag,2006-01-14 06:31:21
474,911,heist,2006-01-27 04:19:40
474,912,start of a beautiful friendship,2006-01-14 09:31:59
474,913,statue,2006-01-14 10:37:09
474,914,george bernard shaw,2006-01-14 09:42:53
474,915,rich guy - poor girl,2006-01-14 10:40:49
474,916,italy,2006-01-14 10:40:29
474,916,royalty,2006-01-14 10:40:29
474,918,1900s,2006-01-25 05:25:49
474,919,dorothy,2006-01-14 10:21:10
474,919,toto,2006-01-14 10:21:10
474,920,civil war,2006-01-16 09:15:45
474,921,television,2006-01-16 09:44:17
474,922,movies,2006-01-14 10:56:46
474,923,rosebud,2006-01-14 09:41:08
474,924,hal,2006-01-16 07:33:55
474,924,space,2006-01-16 07:33:55
474,926,hollywood,2006-01-14 09:40:21
474,927,divorce,2006-01-16 07:35:40
474,928,mrs. dewinter,2006-01-14 09:36:30
474,929,europe,2006-02-20 21:24:47
474,929,journalism,2006-02-20 21:24:47
474,929,war,2006-02-20 21:24:47
474,930,assassination,2006-01-14 10:50:35
474,931,amnesia,2006-01-25 05:26:39
474,934,wedding,2006-01-16 09:42:47
474,936,cold war,2006-01-18 02:07:08
474,936,russia,2006-01-18 02:07:08
474,938,prostitution,2006-01-16 09:28:57
474,940,swashbuckler,2006-01-25 05:23:18
474,941,swashbuckler,2006-01-25 05:25:43
474,943,ghosts,2006-01-27 04:21:18
474,944,shangri-la,2006-01-14 10:50:08
474,945,astaire and rogers,2006-01-14 03:41:41
474,947,butler,2006-01-18 02:04:56
474,947,homeless,2006-01-18 02:04:56
474,947,screwball,2006-01-18 02:05:03
474,948,oil,2006-01-14 10:48:58
474,950,nick and nora charles,2006-01-14 09:09:54
474,951,screwball,2006-01-14 09:41:46
474,952,race,2006-01-16 09:41:25
474,953,christmas,2006-01-25 05:25:27
474,954,politics,2006-01-14 09:42:36
474,955,leopard,2006-01-16 07:34:12
474,955,screwball,2006-01-16 07:34:12
474,956,adoption,2006-01-14 10:50:58
474,965,fugitive,2006-01-14 10:47:41
474,968,zombies,2006-01-14 03:49:47
474,969,missionary,2006-01-14 09:30:49
474,970,crime,2006-01-27 04:19:30
474,971,tennessee williams,2006-01-25 05:24:30
474,973,journalism,2006-01-27 04:22:36
474,976,hemingway,2006-01-16 09:42:42
474,986,animal movie,2006-01-14 03:49:15
474,991,ireland,2006-01-16 09:43:41
474,994,food,2006-01-25 05:23:52
474,1006,death penalty,2006-01-25 05:24:40
474,1006,john grisham,2006-01-25 05:24:40
474,1010,disney,2006-01-16 09:43:29
474,1010,race,2006-01-16 09:43:29
474,1013,twins,2006-01-16 09:44:24
474,1022,disney,2006-01-14 03:49:09
474,1025,disney,2006-01-16 09:45:59
474,1025,king arthur,2006-01-16 09:45:59
474,1028,disney,2006-01-16 09:43:35
474,1028,nanny,2006-01-16 09:43:35
474,1029,disney,2006-01-16 09:42:21
474,1030,disney,2006-01-16 09:16:59
474,1032,disney,2006-01-16 09:14:33
474,1033,disney,2006-01-14 09:41:40
474,1035,rogers and hammerstein,2006-01-14 03:39:39
474,1041,in netflix queue,2006-01-14 09:17:43
474,1042,music,2006-01-14 09:44:30
474,1059,shakespeare,2006-01-14 03:41:53
474,1066,astaire and rogers,2006-01-14 03:50:30
474,1068,anti-semitism,2006-01-27 04:20:51
474,1076,governess,2006-01-18 02:09:54
474,1079,fish,2006-01-14 09:41:35
474,1080,bible,2006-01-16 09:44:01
474,1080,parody,2006-01-16 09:44:01
474,1080,religion,2006-01-16 09:44:01
474,1081,cross dressing,2006-01-25 05:26:53
474,1082,politics,2006-01-25 05:24:21
474,1084,1920s,2006-01-25 05:24:04
474,1084,gangsters,2006-01-25 05:24:04
474,1088,dance,2006-01-27 04:20:56
474,1088,music,2006-01-27 04:20:56
474,1089,heist,2006-01-14 10:51:40
474,1089,violence,2006-01-14 10:51:40
474,1090,vietnam,2006-01-25 05:26:30
474,1093,1960s,2006-01-16 09:42:16
474,1093,jim morrison,2006-01-16 09:42:16
474,1093,music,2006-01-16 09:42:16
474,1096,holocaust,2006-01-16 09:30:15
474,1097,aliens,2006-01-18 02:06:44
474,1101,navy,2006-01-25 05:26:44
474,1103,1950s,2006-01-14 10:51:28
474,1103,adolescence,2006-01-14 10:51:28
474,1104,tennessee williams,2006-01-14 10:52:26
474,1124,aging,2006-01-14 10:50:41
474,1125,clousseau,2006-01-16 09:44:58
474,1135,military,2006-01-16 09:17:13
474,1136,england,2006-01-14 09:42:29
474,1136,king arthur,2006-01-14 09:42:29
474,1147,boxing,2006-01-14 09:11:33
474,1147,in netflix queue,2006-01-14 09:11:33
474,1148,aardman,2006-01-16 07:35:33
474,1171,politics,2006-01-14 03:48:58
474,1177,italy,2006-01-14 06:27:08
474,1178,court,2006-01-18 02:06:09
474,1178,military,2006-01-18 02:06:09
474,1179,crime,2006-01-27 04:21:23
474,1183,adultery,2006-01-16 09:15:03
474,1185,in netflix queue,2006-01-14 09:10:55
474,1187,disability,2006-01-14 10:50:53
474,1188,australia,2006-01-14 09:37:29
474,1188,dance,2006-01-14 09:37:29
474,1189,in netflix queue,2006-01-14 09:12:13
474,1189,police,2006-01-14 09:12:13
474,1193,mental illness,2006-01-25 05:26:25
474,1196,i am your father,2006-01-14 09:37:19
474,1196,space,2006-01-14 10:17:57
474,1196,space opera,2006-01-14 10:17:55
474,1197,inigo montoya,2006-01-14 09:43:19
474,1197,six-fingered man,2006-01-14 09:43:19
474,1198,archaeology,2006-01-21 03:14:56
474,1198,ark of the covenant,2006-01-14 10:51:06
474,1198,indiana jones,2006-01-14 10:51:04
474,1200,space,2006-01-25 05:23:21
474,1201,spaghetti western,2006-01-25 05:25:12
474,1203,court,2006-01-14 10:47:25
474,1204,middle east,2006-01-14 10:49:57
474,1206,brainwashing,2006-01-25 05:24:49
474,1207,harper lee,2006-01-14 06:32:22
474,1207,racism,2006-01-14 06:32:22
474,1208,vietnam,2006-01-25 05:23:36
474,1209,spaghetti western,2006-01-25 05:26:16
474,1210,darth vader,2006-01-14 10:52:07
474,1210,luke skywalker,2006-01-14 10:52:07
474,1210,space opera,2006-01-14 10:52:07
474,1212,ferris wheel,2006-01-14 09:11:07
474,1212,venice,2006-03-30 09:51:40
474,1212,zither,2006-03-30 09:51:40
474,1213,mafia,2006-01-25 05:25:20
474,1214,aliens,2006-01-20 22:10:34
474,1217,samurai,2006-01-14 10:51:17
474,1219,norman bates,2006-01-14 09:43:48
474,1220,saturday night live,2006-01-16 09:41:45
474,1221,mafia,2006-01-14 03:37:46
474,1222,vietnam,2006-01-14 03:49:21
474,1223,moon,2006-01-14 10:21:01
474,1224,shakespeare,2006-01-14 03:49:38
474,1225,mozart,2006-01-14 03:40:47
474,1225,salieri,2006-01-14 03:40:47
474,1228,boxing,2006-01-16 09:44:51
474,1230,new york,2006-01-14 10:47:52
474,1231,nasa,2006-01-14 03:50:02
474,1231,space,2006-01-14 10:51:44
474,1233,submarine,2006-01-25 05:23:55
474,1234,the entertainer,2006-01-18 02:03:18
474,1235,may-december romance,2006-01-14 10:49:21
474,1237,chess,2006-01-16 09:30:08
474,1237,death,2006-01-16 09:30:08
474,1240,robots,2006-01-16 07:34:48
474,1242,civil war,2006-01-14 03:41:12
474,1243,shakespeare sort of,2006-01-14 03:50:15
474,1244,black and white,2006-01-27 04:21:44
474,1245,mafia,2006-01-16 09:43:52
474,1246,high school,2006-01-14 06:28:54
474,1247,simon and garfunkel,2006-01-14 03:38:04
474,1249,hit men,2006-01-25 05:24:59
474,1250,pow,2006-01-14 10:48:11
474,1252,incest,2006-01-18 02:04:40
474,1253,aliens,2006-01-14 10:48:30
474,1254,cold,2006-01-14 09:44:54
474,1257,skiing,2006-01-16 09:41:38
474,1258,stephen king,2006-01-14 03:50:24
474,1259,stephen king,2006-01-14 03:50:38
474,1260,serial killer,2006-01-14 10:50:17
474,1262,pow,2006-01-14 10:49:11
474,1263,vietnam,2006-01-16 09:42:04
474,1266,revenge,2006-01-23 23:54:26
474,1267,assassination,2006-01-14 10:50:27
474,1267,brainwashing,2006-01-14 10:50:27
474,1269,murder,2006-01-25 05:23:48
474,1270,time travel,2006-01-14 09:40:32
474,1272,world war ii,2006-01-14 03:49:55
474,1276,prison,2006-01-18 02:02:10
474,1277,in netflix queue,2006-01-14 09:24:19
474,1278,spoof,2006-01-23 23:54:35
474,1280,in netflix queue,2006-01-14 09:11:27
474,1281,nazis,2006-01-14 10:49:04
474,1282,disney,2006-01-16 09:42:32
474,1283,gunfight,2006-01-27 04:21:35
474,1284,hammett,2006-01-27 04:19:34
474,1285,high school,2006-01-16 07:34:22
474,1288,heavy metal,2006-01-16 07:35:05
474,1288,mockumentary,2006-01-16 07:35:05
474,1288,music,2006-01-16 07:35:05
474,1291,archaeology,2006-01-14 10:49:42
474,1291,holy grail,2006-01-14 10:49:42
474,1292,television,2006-01-14 10:47:58
474,1293,india,2006-01-14 06:33:07
474,1296,e. m. forster,2006-01-14 06:34:39
474,1299,cambodia,2006-01-25 05:25:33
474,1299,vietnam,2006-01-25 05:25:33
474,1301,shakespeare sort of,2006-01-27 04:21:10
474,1301,space,2006-01-27 04:21:10
474,1302,baseball,2006-01-25 05:25:03
474,1303,india,2006-01-23 23:55:36
474,1304,crime,2006-01-25 05:24:14
474,1307,new york,2006-01-14 09:38:06
474,1333,birds,2006-01-14 09:40:41
474,1343,remake,2006-01-14 03:41:01
474,1344,lawyer,2006-01-14 09:40:56
474,1345,high school,2006-01-21 03:17:29
474,1345,prom,2006-01-21 03:17:29
474,1345,stephen king,2006-01-21 03:17:29
474,1348,vampires,2006-01-16 09:29:32
474,1350,demons,2006-01-16 07:38:09
474,1353,personals ads,2006-01-14 09:42:18
474,1354,religion,2006-01-14 09:40:50
474,1356,borg,2006-01-14 09:37:13
474,1358,ex-con,2006-01-14 09:44:10
474,1361,in netflix queue,2006-01-14 09:10:59
474,1363,religion,2006-01-16 09:29:46
474,1366,arthur miller,2006-01-14 06:32:52
474,1367,dogs,2006-01-16 09:14:23
474,1367,remake,2006-01-16 09:14:23
474,1372,klingons,2006-01-14 09:44:24
474,1374,captain kirk,2006-01-23 23:57:50
474,1376,whales,2006-01-16 07:38:40
474,1377,superhero,2006-01-16 09:14:49
474,1380,high school,2006-01-16 07:37:05
474,1381,high school,2006-01-16 09:15:54
474,1387,shark,2006-01-14 09:41:53
474,1389,shark,2006-01-16 09:12:06
474,1393,sports,2006-01-14 10:24:49
474,1394,coen brothers,2006-01-14 03:43:35
474,1396,spying,2006-01-23 23:57:33
474,1398,hemingway,2006-01-16 09:29:09
474,1407,slasher,2006-01-23 23:56:54
474,1407,spoof,2006-01-23 23:56:54
474,1408,hawkeye,2006-01-16 07:37:44
474,1408,james fennimore cooper,2006-01-16 07:37:44
474,1411,shakespeare,2006-01-14 06:33:17
474,1413,conan,2006-01-14 10:27:23
474,1416,andrew lloyd weber,2006-01-16 09:15:17
474,1423,in netflix queue,2006-01-14 09:28:05
474,1423,vietnam,2006-01-14 09:28:05
474,1441,mental illness,2006-01-16 09:41:34
474,1446,in netflix queue,2006-01-14 09:24:14
474,1449,mockumentary,2006-01-16 07:38:49
474,1466,mafia,2006-01-14 06:32:57
474,1474,jungle,2006-01-16 09:16:31
474,1485,lawyer,2006-01-16 09:43:22
474,1496,tolstoy,2006-01-14 06:32:40
474,1500,hit men,2006-01-16 07:37:21
474,1500,reunion,2006-01-16 07:37:21
474,1513,reunion,2006-01-16 09:45:29
474,1537,ballroom dance,2006-01-16 07:38:28
474,1542,in netflix queue,2006-01-14 09:27:28
474,1544,dinosaurs,2006-01-16 09:09:41
474,1545,death,2006-01-23 23:56:47
474,1569,weddings,2006-01-23 23:56:15
474,1573,transplants,2006-01-14 10:24:12
474,1580,aliens,2006-01-14 10:25:19
474,1586,military,2006-01-16 09:15:38
474,1608,president,2006-01-16 09:41:21
474,1610,tom clancy,2006-01-14 06:33:27
474,1617,police,2006-01-14 06:27:22
474,1625,twist ending,2006-01-23 23:55:17
474,1635,1970s,2006-01-14 06:33:32
474,1643,england,2006-01-16 09:44:09
474,1643,queen victoria,2006-01-16 09:44:09
474,1645,lawyers,2006-01-16 09:14:55
474,1650,henry james,2006-01-23 23:58:03
474,1653,future,2006-01-14 10:24:20
474,1663,military,2006-01-16 09:45:49
474,1672,in netflix queue,2006-01-14 09:29:14
474,1674,amish,2006-01-18 02:04:01
474,1680,alternate universe,2006-01-23 23:57:26
474,1682,tv,2006-01-14 10:26:57
474,1683,henry james,2006-01-14 03:44:05
474,1711,savannah,2006-01-16 09:16:47
474,1717,sequel,2006-01-23 23:57:13
474,1717,slasher,2006-01-23 23:57:04
474,1717,spoof,2006-01-23 23:57:04
474,1719,canada,2006-02-13 21:49:33
474,1719,death,2006-02-13 21:49:33
474,1721,shipwreck,2006-01-23 23:57:59
474,1732,coen brothers,2006-01-27 04:17:41
474,1735,charles dickens,2006-01-16 09:16:03
474,1748,amnesia,2006-01-23 23:54:59
474,1777,1980s,2006-01-14 10:27:10
474,1797,in netflix queue,2006-01-14 09:26:11
474,1810,politics,2006-01-16 09:29:54
474,1834,twist ending,2006-01-23 23:57:41
474,1836,no dvd at netflix,2006-01-14 03:10:44
474,1893,in netflix queue,2006-01-14 09:11:45
474,1900,in netflix queue,2006-01-14 09:24:49
474,1902,generation x,2006-01-23 23:55:06
474,1909,conspiracy,2006-01-14 10:27:47
474,1912,heist,2006-01-23 23:56:35
474,1913,australia,2006-01-14 06:34:14
474,1917,space,2006-01-16 09:11:02
474,1921,mathematics,2006-01-23 23:56:37
474,1931,ships,2006-01-23 23:56:11
474,1938,alcoholism,2006-01-20 22:10:11
474,1940,anti-semitism,2006-01-16 07:36:59
474,1940,judaism,2006-01-16 07:36:59
474,1942,huey long,2006-01-14 09:10:47
474,1942,in netflix queue,2006-01-14 09:10:47
474,1942,robert penn warren,2006-01-14 09:10:47
474,1945,boxing,2006-01-14 06:34:04
474,1945,coulda been a contender,2006-01-14 06:34:04
474,1947,gangs,2006-01-14 09:37:54
474,1950,racism,2006-01-18 02:02:22
474,1951,dickens,2006-01-14 06:33:54
474,1952,prostitution,2006-01-23 23:55:55
474,1953,drugs,2006-01-16 07:36:39
474,1953,police,2006-01-16 07:36:39
474,1954,boxing,2006-01-14 06:34:31
474,1954,sports,2006-01-14 06:34:31
474,1955,divorce,2006-01-14 03:43:17
474,1957,olympics,2006-01-14 03:37:49
474,1957,sports,2006-01-14 03:37:49
474,1959,adultery,2006-01-23 23:58:43
474,1959,africa,2006-01-23 23:58:43
474,1960,china,2006-01-16 07:37:26
474,1961,autism,2006-01-14 06:34:23
474,1962,rasicm,2006-01-16 07:36:26
474,1975,jason,2006-01-16 09:15:29
474,1976,jason,2006-01-16 09:06:51
474,1977,jason,2006-01-16 09:11:48
474,1978,jason,2006-01-16 09:06:45
474,1979,jason,2006-01-16 09:07:05
474,1983,halloween,2006-01-16 09:16:15
474,1984,halloween,2006-01-16 09:16:20
474,1994,ghosts,2006-01-23 23:56:44
474,1995,ghosts,2006-01-16 09:17:08
474,1996,ghosts,2006-01-16 09:10:25
474,1997,demons,2006-01-16 07:36:31
474,2006,california,2006-01-23 23:55:45
474,2006,mexico,2006-01-23 23:55:45
474,2011,time travel,2006-01-16 09:14:44
474,2019,samurai,2006-01-16 07:38:32
474,2020,adultery,2006-01-16 07:36:16
474,2022,bible,2006-01-14 09:27:55
474,2022,katzanzakis,2006-03-30 09:51:09
474,2028,world war ii,2006-01-14 03:35:52
474,2054,disney,2006-01-24 00:00:13
474,2058,police,2006-01-24 00:01:56
474,2059,twins,2006-01-16 09:16:54
474,2064,general motors,2006-01-24 00:02:36
474,2064,michigan,2006-01-24 00:02:36
474,2065,in netflix queue,2006-01-14 09:27:37
474,2066,memory,2006-01-24 00:02:13
474,2070,music,2006-01-14 06:37:01
474,2071,aids,2006-01-14 09:00:42
474,2071,in netflix queue,2006-01-14 09:00:42
474,2076,sexuality,2006-01-16 21:40:51
474,2076,suburbia,2006-01-16 21:40:51
474,2078,disney,2006-01-24 00:00:23
474,2080,disney,2006-01-24 00:01:26
474,2085,disney,2006-01-14 06:36:21
474,2097,carnival,2006-01-30 02:30:51
474,2097,ray bradbury,2006-01-30 02:30:51
474,2100,mermaid,2006-01-14 06:36:48
474,2108,weather forecaster,2006-01-24 00:01:21
474,2114,s.e. hinton,2006-01-14 06:36:29
474,2115,archaeology,2006-01-21 03:15:19
474,2116,tolkein,2006-01-16 09:20:27
474,2118,stephen king,2006-01-14 06:35:28
474,2121,stephen king,2006-01-16 09:19:15
474,2122,stephen king,2006-01-16 09:08:16
474,2139,mice,2006-01-18 02:06:24
474,2145,1980s,2006-01-24 00:02:28
474,2145,high school,2006-01-24 00:02:28
474,2160,demons,2006-01-24 00:02:39
474,2167,vampires,2006-01-16 09:18:40
474,2171,aquarium,2006-01-14 09:36:13
474,2171,boston,2006-01-14 09:36:13
474,2171,personals ads,2006-01-14 09:36:13
474,2186,murder,2006-01-14 10:26:44
474,2187,theater,2006-02-21 04:30:28
474,2194,capone,2006-01-24 00:03:38
474,2194,gangsters,2006-01-24 00:03:38
474,2202,survival,2006-01-14 10:25:13
474,2203,small towns,2006-01-24 00:02:53
474,2206,paranoia,2006-01-14 10:26:50
474,2208,train,2006-01-15 04:40:42
474,2243,journalism,2006-01-14 10:23:00
474,2247,mafia,2006-01-16 09:20:32
474,2248,in your eyes,2006-01-14 09:36:53
474,2248,lloyd dobbler,2006-01-14 09:36:53
474,2249,mafia,2006-01-16 09:20:45
474,2268,court,2006-01-14 06:36:01
474,2268,military,2006-01-14 06:36:01
474,2291,freaks,2006-01-14 10:23:57
474,2295,screwball,2006-01-14 09:34:21
474,2300,broadway,2006-01-14 10:26:02
474,2302,court,2006-01-16 09:20:39
474,2310,adolescence,2006-01-24 00:01:35
474,2312,death penalty,2006-01-16 09:28:39
474,2313,freaks,2006-01-14 10:24:02
474,2324,holocaust,2006-01-14 03:38:39
474,2329,racism,2006-01-23 23:59:11
474,2334,terrorism,2006-01-24 00:02:58
474,2335,football,2006-01-16 09:22:40
474,2336,england,2006-01-14 06:35:37
474,2351,in netflix queue,2006-01-14 09:28:51
474,2355,pixar,2006-01-14 06:35:11
474,2357,south america,2006-01-14 10:23:09
474,2360,in netflix queue,2006-01-14 09:17:44
474,2390,in netflix queue,2006-01-14 09:26:59
474,2391,heist,2006-01-24 00:03:05
474,2394,bible,2006-01-14 06:28:05
474,2394,moses,2006-01-14 09:36:22
474,2396,england,2006-01-14 06:36:40
474,2410,boxing,2006-01-16 09:21:25
474,2411,boxing,2006-01-16 09:10:40
474,2412,boxing,2006-01-16 09:12:44
474,2420,martial arts,2006-01-24 00:00:51
474,2421,martial arts,2006-01-16 09:20:06
474,2422,martial arts,2006-01-16 09:20:11
474,2423,christmas,2006-01-16 09:11:23
474,2424,e-mail,2006-01-14 09:38:37
474,2424,remake,2006-01-14 09:38:37
474,2431,doctors,2006-01-16 09:10:12
474,2442,in netflix queue,2006-01-14 09:25:03
474,2463,kidnapping,2006-01-16 09:21:37
474,2467,religion,2006-02-23 22:02:24
474,2470,australia,2006-01-16 09:19:08
474,2471,australia,2006-01-16 09:08:51
474,2491,food,2006-01-16 09:21:54
474,2494,holocaust,2006-01-14 03:10:26
474,2494,hungary,2006-01-14 03:10:26
474,2502,stapler,2006-01-24 00:02:03
474,2502,workplace,2006-01-24 00:02:09
474,2506,disability,2006-01-16 09:21:00
474,2517,stephen king,2006-01-16 09:08:25
474,2529,twist ending,2006-01-24 00:02:20
474,2550,ghosts,2006-01-24 00:00:08
474,2553,evil children,2006-01-24 01:54:53
474,2554,evil children,2006-01-24 01:54:52
474,2565,siam,2006-01-14 06:27:18
474,2571,alternate universe,2006-01-14 10:16:31
474,2572,shakespeare sort of,2006-01-16 09:28:13
474,2579,black and white,2006-01-24 00:00:56
474,2581,high school,2006-01-24 00:02:02
474,2583,southern us,2006-01-23 23:59:48
474,2598,golfing,2006-01-16 09:21:10
474,2600,virtual reality,2006-01-23 23:59:56
474,2612,motherhood,2006-01-24 00:01:52
474,2628,prequel,2006-01-24 00:03:17
474,2628,the force,2006-01-24 00:03:17
474,2640,superhero,2006-01-24 00:03:20
474,2641,superhero,2006-01-24 00:03:21
474,2642,superhero,2006-01-16 09:13:06
474,2648,in netflix queue,2006-01-14 09:09:26
474,2660,aliens,2006-01-18 02:06:34
474,2664,1950s,2006-01-24 00:00:17
474,2677,in netflix queue,2006-01-14 09:27:03
474,2692,alternate endings,2006-01-24 00:02:46
474,2693,star trek,2006-01-24 00:03:27
474,2699,spiders,2006-01-16 09:07:30
474,2710,claims to be true,2006-01-23 23:59:36
474,2710,video,2006-01-23 23:59:36
474,2712,sexuality,2006-01-24 00:00:03
474,2716,ghosts,2006-01-14 10:24:24
474,2717,ghosts,2006-01-16 09:07:13
474,2719,remake,2006-01-16 09:11:56
474,2723,superhero,2006-01-14 10:25:33
474,2726,heist,2006-01-14 10:25:07
474,2728,crucifixion,2006-01-18 02:01:45
474,2728,rome,2006-01-18 02:01:36
474,2728,slavery,2006-01-18 02:01:36
474,2745,missionary,2006-01-14 09:35:41
474,2745,priest,2006-01-14 06:27:46
474,2750,nostalgia,2006-01-17 04:27:35
474,2750,radio,2006-01-17 04:27:35
474,2761,robots,2006-01-24 00:00:19
474,2762,ghosts,2006-01-14 10:17:48
474,2762,i see dead people,2006-01-14 09:37:07
474,2787,stephen king,2006-01-16 09:19:02
474,2791,aviation,2006-01-23 23:59:01
474,2791,spoof,2006-01-23 23:59:01
474,2797,children,2006-01-24 00:04:25
474,2801,gambling,2006-01-14 10:25:41
474,2803,lawyers,2006-01-16 09:29:42
474,2804,christmas,2006-01-14 06:35:20
474,2827,aliens,2006-01-16 09:18:27
474,2863,beatles,2006-01-24 00:05:52
474,2871,river,2006-01-24 00:04:53
474,2872,england,2006-01-14 06:35:45
474,2872,king arthur,2006-01-14 06:35:45
474,2905,in netflix queue,2006-01-14 09:26:07
474,2915,prostitution,2006-01-16 09:21:18
474,2918,high school,2006-01-14 06:35:53
474,2919,academy award (best supporting actress),2006-01-16 07:31:56
474,2919,indonesia,2006-01-16 07:31:56
474,2919,journalism,2006-01-16 07:31:56
474,2927,adultery,2006-01-24 00:04:32
474,2935,gambling,2006-01-24 00:06:13
474,2937,screwball,2006-01-14 10:25:50
474,2939,in netflix queue,2006-01-14 09:29:00
474,2940,nightclub,2006-01-24 00:05:41
474,2941,island,2006-01-24 00:07:37
474,2943,vietnam,2006-02-01 22:30:53
474,2952,gambling,2006-01-14 06:38:34
474,2959,violence,2006-01-14 10:17:14
474,2966,brothers,2006-01-24 00:08:27
474,2966,lawn mower,2006-01-24 00:08:27
474,2967,evil children,2006-01-24 01:55:12
474,2968,time travel,2006-01-24 00:08:40
474,2987,live action/animation,2006-01-24 00:09:04
474,3000,anime,2006-01-24 00:06:58
474,3006,tobacco,2006-01-24 00:06:01
474,3006,true story,2006-01-24 00:06:01
474,3007,in netflix queue,2006-01-14 09:25:30
474,3011,dance marathon,2006-01-14 06:39:27
474,3028,shakespeare,2006-01-16 09:22:24
474,3030,samurai,2006-01-24 00:09:13
474,3039,class,2006-01-24 00:08:52
474,3040,camp,2006-01-16 09:09:49
474,3044,memory,2006-01-14 09:32:37
474,3044,music,2006-01-14 09:32:37
474,3052,religion,2006-01-14 06:37:39
474,3060,in netflix queue,2006-01-14 09:24:52
474,3071,high school,2006-01-16 09:30:23
474,3072,new york,2006-01-14 06:27:54
474,3077,in netflix queue,2006-01-14 09:19:02
474,3077,up series,2006-01-14 09:19:03
474,3081,ichabod crane,2006-01-16 09:22:15
474,3087,christmas,2006-01-15 04:40:26
474,3087,new york,2006-01-15 04:40:22
474,3095,depression,2006-01-14 10:24:35
474,3095,dust bowl,2006-01-14 10:24:35
474,3097,remade,2006-01-24 00:07:15
474,3098,baseball,2006-01-14 09:24:35
474,3098,sports,2006-01-14 09:24:35
474,3101,adultery,2006-01-24 00:05:12
474,3108,homeless,2006-01-16 09:28:45
474,3111,racism,2006-01-24 00:06:25
474,3114,pixar,2006-01-24 00:08:49
474,3115,men in drag,2006-01-14 06:38:03
474,3125,graham greene,2006-01-14 06:37:54
474,3135,fatherhood,2006-01-24 00:05:46
474,3147,stephen king,2006-01-14 06:38:21
474,3152,black-and-white,2006-01-18 02:07:25
474,3160,l.a.,2006-01-14 09:35:27
474,3174,andy kaufman,2006-01-14 06:39:03
474,3175,spoof,2006-01-24 00:05:15
474,3176,europe,2006-01-14 09:37:39
474,3176,murder,2006-01-14 09:37:39
474,3178,boxing,2006-01-16 09:19:49
474,3181,shakespeare,2006-01-14 03:09:12
474,3192,in netflix queue,2006-01-14 09:17:44
474,3210,high school,2006-01-16 09:19:41
474,3211,a dingo ate my baby,2006-01-14 06:37:34
474,3211,australia,2006-01-14 06:37:34
474,3247,nuns,2006-01-16 09:22:06
474,3250,in netflix queue,2006-01-14 09:29:23
474,3258,plastic surgery,2006-01-16 09:31:35
474,3259,ireland,2006-01-16 09:31:56
474,3260,e.m. forster,2006-01-14 03:42:48
474,3263,basketball,2006-01-16 09:22:46
474,3270,figure skating,2006-01-16 09:31:24
474,3273,slasher,2006-01-24 00:07:08
474,3273,spoof,2006-01-24 00:07:08
474,3281,sexuality,2006-01-16 09:18:50
474,3306,big top,2006-01-14 10:23:19
474,3306,circus,2006-01-14 10:23:19
474,3307,blind,2006-01-14 10:23:32
474,3310,orphans,2006-01-24 00:06:06
474,3317,writing,2006-01-24 00:09:08
474,3330,adolescence,2006-01-24 00:07:49
474,3330,sexuality,2006-01-24 00:08:18
474,3338,in netflix queue,2006-01-14 09:21:20
474,3341,remade,2006-01-24 00:04:46
474,3360,basketball,2006-01-21 03:19:58
474,3384,subway,2006-01-24 00:08:32
474,3385,peace corp,2006-01-16 09:22:33
474,3386,politics,2006-01-14 06:38:54
474,3386,president,2006-01-14 06:38:54
474,3408,scandal,2006-01-24 00:05:04
474,3408,true story,2006-01-24 00:05:04
474,3420,lawyers,2006-01-16 09:30:55
474,3421,college,2006-01-16 09:23:01
474,3421,toga,2006-01-16 09:23:07
474,3424,racism,2006-01-14 06:37:45
474,3429,aardman,2006-02-23 00:42:49
474,3435,insurance,2006-01-18 02:01:17
474,3447,pearl s buck,2006-01-14 06:38:15
474,3451,hepburn and tracy,2006-01-14 03:42:41
474,3451,interracial marriage,2006-01-14 10:24:39
474,3451,prejudice,2006-01-14 10:24:41
474,3451,racism,2006-01-14 10:24:37
474,3456,in netflix queue,2006-01-14 09:17:43
474,3461,island,2006-01-24 00:06:17
474,3462,factory,2006-01-14 10:25:26
474,3468,pool,2006-01-18 02:03:25
474,3469,court,2006-01-16 09:32:51
474,3469,evolution,2006-01-16 09:32:51
474,3469,religion,2006-01-16 09:32:51
474,3475,class,2006-01-24 00:06:53
474,3481,nick hornby,2006-01-14 03:38:13
474,3489,peter pan,2006-01-14 06:38:40
474,3498,in netflix queue,2006-01-14 09:25:00
474,3502,death,2006-01-16 09:33:36
474,3504,journalism,2006-01-14 06:39:10
474,3507,in netflix queue,2006-01-14 09:00:53
474,3512,transplants,2006-01-14 10:26:12
474,3515,alternate endings,2006-01-24 00:11:51
474,3526,families,2006-01-24 00:12:04
474,3528,psychiatrist,2006-01-16 09:25:51
474,3536,priest,2006-01-14 03:42:56
474,3536,rabbi,2006-01-14 03:42:56
474,3546,show business,2006-01-24 00:14:46
474,3548,1920s,2006-01-14 10:22:11
474,3549,gambling,2006-01-14 06:27:15
474,3552,golf,2006-01-16 09:23:50
474,3556,1970s,2006-01-24 00:14:31
474,3556,suicide,2006-01-24 00:14:31
474,3559,in netflix queue,2006-01-14 09:26:55
474,3566,business,2006-01-14 10:22:22
474,3566,religion,2006-01-14 10:22:22
474,3608,pee wee herman,2006-01-24 00:12:12
474,3629,mining,2006-01-24 00:11:00
474,3675,christmas,2006-01-14 10:27:16
474,3676,in netflix queue,2006-01-14 09:29:27
474,3683,coen brothers,2006-01-18 02:05:24
474,3712,television,2006-01-16 09:35:17
474,3723,shakespeare,2006-01-14 06:38:28
474,3724,vietnam,2006-01-14 09:25:54
474,3730,spying,2006-01-24 00:09:58
474,3735,police,2006-01-24 00:13:14
474,3793,superhero,2006-01-14 10:27:50
474,3801,court,2006-01-14 06:37:21
474,3811,court,2006-01-24 00:09:44
474,3816,missing children,2006-01-24 00:12:00
474,3844,diabetes,2006-01-16 09:35:48
474,3849,disability,2006-01-24 00:13:40
474,3859,in netflix queue,2006-01-14 09:19:14
474,3859,televangelist,2006-01-14 09:19:14
474,3877,superhero,2006-01-16 09:26:31
474,3897,journalism,2006-01-14 10:22:02
474,3897,music,2006-01-14 10:22:02
474,3897,rolling stone,2006-01-14 10:22:02
474,3910,blindness,2006-01-24 00:10:13
474,3910,factory,2006-01-24 00:10:13
474,3911,dogs,2006-01-14 03:42:23
474,3932,invisibility,2006-01-24 00:11:09
474,3949,drug abuse,2006-01-14 06:41:33
474,3951,in netflix queue,2006-01-14 03:15:32
474,3967,ballet,2006-01-14 06:39:49
474,3983,family,2006-01-14 10:28:03
474,3988,dr. seuss,2006-01-16 09:09:16
474,3994,superhero,2006-01-14 10:26:59
474,3996,china,2006-01-24 00:10:06
474,3996,martial arts,2006-01-24 00:10:00
474,4007,business,2006-01-24 00:14:38
474,4012,stand-up comedy,2006-01-16 09:26:07
474,4019,writing,2006-01-24 00:10:30
474,4024,edith wharton,2006-01-16 09:32:24
474,4025,pageant,2006-01-16 09:25:19
474,4027,bluegrass,2006-01-18 02:02:39
474,4029,movies,2006-01-14 10:26:29
474,4034,based on a tv show,2006-01-21 03:18:49
474,4046,quakers,2006-01-24 00:10:35
474,4077,psychopaths,2006-01-24 01:57:29
474,4105,zombies,2006-01-16 09:24:32
474,4113,tennessee williams,2006-01-14 06:40:25
474,4117,in netflix queue,2006-01-14 09:08:39
474,4138,demons,2006-01-16 09:09:54
474,4160,death penalty,2006-01-14 10:27:31
474,4164,homeless,2006-01-24 00:09:49
474,4164,new york,2006-01-24 00:09:49
474,4166,reality tv,2006-01-16 09:26:17
474,4171,eugene o'neill,2006-01-14 06:40:41
474,4174,in netflix queue,2006-01-14 09:08:02
474,4184,christmas,2006-01-24 00:09:37
474,4189,bible,2006-01-16 09:32:01
474,4189,religion,2006-01-16 09:32:01
474,4190,preacher,2006-01-18 02:01:59
474,4190,religion,2006-01-18 02:01:59
474,4191,sexuality,2006-01-24 00:09:33
474,4194,in netflix queue,2006-01-14 09:19:35
474,4204,virginity,2006-01-16 09:09:30
474,4210,hannibal lecter,2006-02-04 21:31:22
474,4210,serial killer,2006-02-04 21:31:27
474,4211,von bulow,2006-01-14 06:41:43
474,4214,college,2006-01-16 09:26:11
474,4218,in netflix queue,2006-01-14 09:28:13
474,4221,football,2006-01-16 09:25:25
474,4226,backwards. memory,2006-01-14 06:27:43
474,4232,spying,2006-01-24 00:13:44
474,4246,singletons,2006-01-14 10:22:54
474,4259,nabokov,2006-01-14 06:40:47
474,4263,alcoholism,2006-01-24 00:10:22
474,4292,union,2006-01-14 06:41:22
474,4296,death,2006-01-16 09:25:04
474,4306,fairy tales,2006-01-14 10:26:26
474,4312,in netflix queue,2006-01-14 09:29:33
474,4316,figure skating,2006-01-16 09:32:37
474,4326,race,2006-01-16 09:33:24
474,4326,rasicm,2006-01-16 09:33:24
474,4333,strangers on a train,2006-01-24 00:13:52
474,4347,holocaust,2006-01-24 00:10:26
474,4356,in netflix queue,2006-01-14 09:23:14
474,4359,adultery,2006-01-24 00:13:20
474,4361,men in drag,2006-01-24 00:13:58
474,4370,robots,2006-01-14 10:21:46
474,4380,accident,2006-01-24 00:12:50
474,4396,race,2006-01-16 09:08:04
474,4404,in netflix queue,2006-01-14 09:02:17
474,4447,lawyers,2006-01-24 00:11:14
474,4448,heist,2006-01-24 00:12:53
474,4465,rape,2006-01-24 00:09:25
474,4476,twins,2006-01-16 09:23:42
474,4477,circus,2006-01-16 09:07:49
474,4489,africa,2006-01-20 22:11:06
474,4489,immigrants,2006-01-16 09:23:56
474,4495,new york,2006-01-14 09:32:22
474,4526,aliens,2006-01-16 09:12:28
474,4537,hippies,2006-01-14 10:26:16
474,4545,robots,2006-01-16 09:26:21
474,4546,kidnapping,2006-01-24 00:14:15
474,4546,remade,2006-01-24 00:14:15
474,4558,twins,2006-01-16 09:26:38
474,4571,time travel,2006-01-14 10:22:28
474,4600,doctors,2006-01-16 09:32:04
474,4621,babies,2006-01-16 09:24:59
474,4623,baseball,2006-01-16 09:25:12
474,4638,dinosaurs,2006-01-16 09:24:52
474,4639,hollywood,2006-01-16 09:31:11
474,4639,movie business,2006-01-16 09:31:11
474,4641,adolescence,2006-01-24 00:10:52
474,4677,dogs,2006-01-16 09:13:11
474,4678,television,2006-01-24 00:14:02
474,4688,in netflix queue,2006-01-14 09:12:06
474,4787,prodigies,2006-01-24 00:11:27
474,4801,family,2006-01-24 00:11:18
474,4808,remake,2006-01-16 09:26:45
474,4809,nuclear disaster,2006-01-16 07:30:24
474,4809,union,2006-01-16 07:30:24
474,4812,nasa,2006-01-16 09:26:26
474,4812,space,2006-01-16 09:26:26
474,4823,wedding,2006-01-24 00:13:11
474,4835,loretta lynn,2006-01-14 06:40:03
474,4857,judaism,2006-01-24 01:59:30
474,4857,tradition!,2006-01-14 06:40:17
474,4874,aliens,2006-01-16 09:33:06
474,4874,psychiatrist,2006-01-16 09:33:06
474,4878,time travel,2006-01-14 10:29:41
474,4881,coen brothers,2006-01-14 06:40:55
474,4896,magic,2006-01-14 10:31:33
474,4896,wizards,2006-01-14 10:31:33
474,4902,ghosts,2006-01-16 07:30:52
474,4920,psychology,2006-01-24 02:01:59
474,4963,heist,2006-01-24 02:02:02
474,4969,in netflix queue,2006-01-14 03:12:43
474,4970,nightclub,2006-01-24 01:58:37
474,4970,singers,2006-01-24 01:58:37
474,4973,whimsical,2006-01-14 09:31:29
474,4979,new york,2006-01-15 04:40:20
474,4980,time travel,2006-01-24 01:58:29
474,4993,tolkein,2006-01-14 03:38:45
474,4998,racism,2006-02-05 09:23:02
474,5008,agatha christie,2006-01-24 02:03:50
474,5008,court,2006-01-24 02:03:50
474,5012,cross dressing,2006-01-24 02:04:23
474,5012,judaism,2006-01-24 02:04:23
474,5015,race,2006-01-24 02:01:11
474,5034,ghost,2006-01-14 06:28:18
474,5064,dumas,2006-01-24 01:59:23
474,5064,revenge,2006-01-24 01:59:23
474,5114,movie business,2006-01-24 01:58:03
474,5120,in netflix queue,2006-01-14 09:07:51
474,5135,india,2006-01-14 06:41:00
474,5139,baseball,2006-01-16 09:07:33
474,5213,religion,2006-01-16 09:12:38
474,5224,in netflix queue,2006-01-14 09:17:44
474,5238,in netflix queue,2006-01-14 09:27:32
474,5266,crime,2006-01-24 02:02:25
474,5291,in netflix queue,2006-01-14 09:08:27
474,5291,samurai,2006-03-14 04:42:10
474,5294,religion,2006-01-24 01:59:37
474,5304,in netflix queue,2006-01-14 09:09:21
474,5316,world war ii,2006-01-16 09:31:51
474,5349,superhero,2006-01-14 10:34:28
474,5353,blind,2006-01-21 03:17:01
474,5377,nick hornby,2006-01-14 03:37:53
474,5379,anti-semitism,2006-01-14 10:28:52
474,5379,judaism,2006-01-14 10:28:52
474,5398,boxing,2006-01-24 02:03:30
474,5404,books,2006-01-24 01:57:55
474,5445,future,2006-01-14 10:33:27
474,5446,australia,2006-01-14 03:46:13
474,5450,sisterhood,2006-01-24 02:00:55
474,5450,women,2006-01-24 02:00:55
474,5451,disability,2006-01-16 09:34:47
474,5451,mental illness,2006-01-16 09:34:47
474,5470,oscar wilde,2006-01-14 03:45:30
474,5475,in netflix queue,2006-01-14 09:26:18
474,5483,movie business,2006-01-14 03:45:38
474,5498,in netflix queue,2006-01-14 03:16:21
474,5502,aliens,2006-01-14 10:34:25
474,5505,adultery,2006-01-14 10:30:54
474,5505,younger men,2006-01-14 10:30:54
474,5527,as byatt,2006-01-24 02:02:52
474,5527,books,2006-01-24 02:02:52
474,5528,photography,2006-01-24 02:02:15
474,5528,psychopaths,2006-01-24 02:02:15
474,5548,homeless,2006-01-16 09:24:05
474,5577,adolescence,2006-01-24 02:00:26
474,5601,animal movie,2006-01-24 02:04:12
474,5603,crime,2006-01-24 02:00:41
474,5603,heist,2006-01-24 02:00:41
474,5618,anime,2006-01-14 10:34:36
474,5629,bible,2006-01-16 09:24:43
474,5630,hannibal lecter,2006-02-04 21:31:24
474,5633,bombs,2006-01-24 02:00:02
474,5644,baseball,2006-01-24 02:03:01
474,5644,lou gehrig,2006-01-24 02:03:01
474,5669,violence in america,2006-01-24 01:58:53
474,5673,pudding,2006-01-14 10:33:53
474,5682,holocaust,2006-01-24 01:59:49
474,5685,girl power,2006-01-14 10:34:08
474,5690,made me cry,2006-01-14 10:31:06
474,5690,orphans,2006-01-14 10:31:06
474,5721,in netflix queue,2006-01-14 09:09:36
474,5721,judaism,2006-01-14 09:09:36
474,5747,world war i,2006-01-14 03:45:12
474,5791,art,2006-01-24 01:59:41
474,5792,dating,2006-01-16 09:34:56
474,5802,teenagers,2006-01-24 02:04:02
474,5812,salute to douglas sirk,2006-01-14 03:45:05
474,5816,magic,2006-01-14 10:31:22
474,5816,wizards,2006-01-14 10:31:22
474,5820,music business,2006-01-24 02:03:39
474,5875,short films,2006-01-16 09:34:17
474,5876,graham greene,2006-01-24 02:03:15
474,5878,coma,2006-01-24 02:03:43
474,5899,africa,2006-01-17 04:15:38
474,5952,tolkein,2006-01-14 03:38:50
474,5954,crime,2006-01-24 01:57:50
474,5954,nightclub,2006-01-24 01:57:50
474,5971,anime,2006-01-24 02:01:21
474,5989,crime,2006-01-24 01:58:57
474,5991,court,2006-01-24 01:59:05
474,5991,jazz,2006-01-24 01:59:00
474,5991,murder,2006-01-24 01:59:02
474,5994,dickens,2006-01-24 02:01:26
474,5995,holocaust,2006-01-14 03:46:02
474,6002,drugs,2006-01-27 04:26:08
474,6002,planes,2006-01-27 04:26:08
474,6002,widows/widowers,2006-01-27 04:26:08
474,6003,television,2006-01-27 04:24:18
474,6016,crime,2006-01-24 01:59:17
474,6016,photography,2006-01-24 01:59:17
474,6016,violence,2006-01-24 01:59:17
474,6020,class,2006-01-27 04:23:44
474,6027,in netflix queue,2006-01-14 09:07:28
474,6031,motherhood,2006-01-24 02:00:34
474,6031,race,2006-01-24 02:00:34
474,6041,in netflix queue,2006-01-14 09:08:08
474,6063,doll,2006-01-16 09:33:14
474,6090,ghosts,2006-01-27 04:25:31
474,6101,chile,2006-01-22 11:36:15
474,6101,politics,2006-01-22 11:36:15
474,6101,south america,2006-01-22 11:36:15
474,6104,spoof,2006-01-24 02:01:19
474,6156,england,2006-01-27 04:28:21
474,6159,adolescence,2006-01-27 04:23:51
474,6163,obsession,2006-01-14 10:31:45
474,6170,horses,2006-01-27 04:24:08
474,6178,blind,2006-01-24 02:02:38
474,6178,blindness,2006-01-24 02:02:38
474,6178,race,2006-01-24 02:02:38
474,6181,civil war,2006-01-24 02:03:24
474,6181,stephen crane,2006-01-24 02:03:24
474,6183,day and hudson,2006-01-24 02:02:46
474,6183,sexuality,2006-01-24 02:02:46
474,6195,books,2006-01-29 09:37:35
474,6195,stones of summer,2006-01-29 09:37:35
474,6197,mental illness,2006-01-27 04:29:11
474,6201,england,2006-01-14 06:27:24
474,6216,world war ii,2006-01-27 04:27:09
474,6218,soccer,2006-01-24 01:58:22
474,6228,in netflix queue,2006-01-14 09:20:13
474,6232,animal movie,2006-01-24 01:58:46
474,6232,lions,2006-01-24 01:58:45
474,6235,holocaust,2006-01-27 04:24:39
474,6235,world war ii,2006-01-27 04:24:39
474,6238,immigrants,2006-01-27 04:24:56
474,6242,television,2006-01-27 04:28:00
474,6244,in netflix queue,2006-01-14 09:25:21
474,6245,prostitution,2006-01-27 04:29:21
474,6254,screwball,2006-01-14 03:44:29
474,6268,adolescence,2006-01-27 04:27:41
474,6269,big brothers,2006-01-14 10:34:56
474,6273,l.a.,2006-01-18 02:03:45
474,6281,crime,2006-01-27 04:27:29
474,6286,amnesia,2006-01-24 02:00:59
474,6288,gangs,2006-01-27 04:24:04
474,6289,titanic,2006-01-27 04:24:45
474,6291,prostitution,2006-01-24 02:00:48
474,6296,mockumentary,2006-01-24 02:01:07
474,6297,children,2006-01-27 04:25:01
474,6299,birds,2006-01-27 04:29:44
474,6305,ray bradbury,2006-01-14 03:44:50
474,6308,lawyers,2006-01-16 09:27:14
474,6327,1970s,2006-01-29 06:14:39
474,6327,movies,2006-01-14 09:03:04
474,6331,spelling bee,2006-01-24 02:10:07
474,6333,jean grey,2006-01-14 09:38:26
474,6333,magneto,2006-01-14 09:38:26
474,6333,rogue,2006-01-14 09:38:26
474,6333,superhero,2006-01-14 10:18:02
474,6333,wolverine,2006-01-14 09:38:26
474,6334,teachers,2006-01-24 02:05:40
474,6337,gambling,2006-01-27 04:27:24
474,6339,trains,2006-01-27 04:26:16
474,6341,art,2006-01-27 04:28:24
474,6350,anime,2006-01-24 02:05:43
474,6367,retro,2006-01-24 02:06:02
474,6368,movies,2006-01-27 04:24:11
474,6373,religion,2006-01-16 09:31:16
474,6375,in netflix queue,2006-01-14 09:01:26
474,6375,they might be giants,2006-01-14 09:01:26
474,6377,disney,2006-01-24 02:06:33
474,6377,fish,2006-01-24 02:06:33
474,6378,heist,2006-01-27 04:25:28
474,6380,child abuse,2006-01-14 10:28:58
474,6385,girl power,2006-01-14 09:40:10
474,6390,ninotchka remake,2006-01-27 04:28:40
474,6400,crime,2006-01-27 04:26:37
474,6407,olympics,2006-01-16 09:28:02
474,6407,tokyo,2006-01-16 09:28:02
474,6422,civil war,2006-01-24 02:09:59
474,6440,movie business,2006-01-27 04:23:57
474,6452,in netflix queue,2006-01-14 09:22:17
474,6454,nazis,2006-01-27 04:26:44
474,6466,in netflix queue,2006-01-14 09:27:07
474,6502,zombies,2006-01-14 03:44:22
474,6515,fugitive,2006-01-14 10:35:35
474,6516,in netflix queue,2006-01-14 09:28:47
474,6535,politics,2006-01-16 09:27:19
474,6536,swashbuckler,2006-01-27 04:28:46
474,6539,swashbuckler,2006-01-27 04:27:37
474,6545,dodie smith,2006-01-14 03:45:24
474,6547,flood,2006-01-16 09:34:01
474,6552,immigration,2006-01-24 02:05:59
474,6565,horses,2006-01-27 04:28:08
474,6579,japan,2006-01-27 04:27:16
474,6591,religion,2006-01-24 02:08:39
474,6592,marriage,2006-01-24 02:09:55
474,6603,othello,2006-01-16 09:31:43
474,6609,bible,2006-01-27 04:24:49
474,6620,cancer,2006-01-14 10:28:35
474,6636,road trip,2006-01-27 04:29:16
474,6639,blindness,2006-01-27 04:29:41
474,6650,family,2006-01-24 02:08:28
474,6650,multiple roles,2006-01-24 02:08:28
474,6650,murder,2006-01-24 02:08:28
474,6660,ballet,2006-01-27 04:27:45
474,6662,clousseau,2006-01-16 09:34:26
474,6667,fbi,2006-01-27 04:29:38
474,6668,in netflix queue,2006-01-14 03:14:49
474,6669,terminal illness,2006-01-24 02:07:19
474,6708,con men,2006-01-27 04:26:23
474,6708,fatherhood,2006-01-27 04:26:23
474,6710,vertriloquism,2006-01-27 04:24:29
474,6711,japan,2006-01-27 04:25:43
474,6713,in netflix queue,2006-01-14 09:25:14
474,6724,in netflix queue,2006-01-14 09:21:24
474,6732,matchmaker,2006-01-16 09:32:10
474,6744,vampire,2006-01-16 09:33:56
474,6753,animal movie,2006-01-27 04:28:15
474,6768,religion,2006-01-24 02:08:34
474,6770,adultery,2006-01-27 04:26:52
474,6770,terminal illness,2006-01-27 04:26:52
474,6773,biking,2006-01-27 04:29:29
474,6776,india,2006-01-14 03:45:44
474,6785,lonesome polecat,2006-01-14 10:34:19
474,6786,in netflix queue,2006-01-14 09:24:05
474,6787,journalism,2006-01-24 02:05:29
474,6787,watergate,2006-01-24 02:05:29
474,6788,pregnancy,2006-01-16 09:26:58
474,6791,food,2006-01-14 06:28:32
474,6807,british comedy,2006-01-27 04:26:33
474,6810,domestic violence,2006-01-27 04:28:55
474,6820,werewolf,2006-01-24 02:06:48
474,6832,amnesia,2006-01-27 04:27:54
474,6849,christmas,2006-01-16 09:27:51
474,6852,black and white,2006-01-27 04:25:25
474,6852,capote,2006-01-27 04:25:25
474,6852,crime,2006-01-27 04:25:25
474,6852,death penalty,2006-01-27 04:25:25
474,6852,murder,2006-01-27 04:25:25
474,6856,biopic,2006-01-24 02:11:57
474,6863,school,2006-01-27 04:28:04
474,6867,trains,2006-01-24 02:10:11
474,6870,child abuse,2006-01-27 04:27:04
474,6870,kidnapping,2006-01-27 04:27:04
474,6874,martial arts,2006-01-24 02:07:52
474,6874,revenge,2006-01-24 02:07:52
474,6881,thanksgiving,2006-01-14 03:46:07
474,6890,adolescence,2006-01-24 02:06:14
474,6890,violence in america,2006-01-24 02:06:14
474,6909,transplants,2006-01-24 02:06:27
474,6912,rita hayworth can dance!,2006-01-14 03:09:31
474,6918,india,2006-01-24 02:11:10
474,6932,journalism,2006-01-14 03:46:22
474,6936,christmas,2006-01-24 02:06:21
474,6944,remake,2006-01-16 09:27:04
474,6944,wedding,2006-01-16 09:27:04
474,6948,music business,2006-01-24 02:11:07
474,6948,rap,2006-01-24 02:11:07
474,6963,amish,2006-01-14 03:44:38
474,6970,hepburn and tracy,2006-01-18 02:12:56
474,6979,cold war,2006-01-24 02:11:14
474,6981,religion,2006-01-24 02:11:49
474,6984,dickens,2006-01-24 02:10:22
474,6985,saint,2006-01-14 10:33:44
474,6993,family,2006-01-24 02:06:58
474,7013,good and evil,2006-01-14 10:33:40
474,7018,court,2006-01-16 09:34:36
474,7018,scott turow,2006-01-16 09:34:36
474,7023,in netflix queue,2006-01-14 03:14:57
474,7025,in netflix queue,2006-01-14 03:13:13
474,7049,astaire and rogers,2006-01-21 03:16:20
474,7050,astaire and rogers,2006-01-21 03:16:32
474,7053,astaire and rogers,2006-01-24 02:09:51
474,7055,astaire and rogers,2006-01-24 02:10:19
474,7059,horses,2006-01-24 02:08:48
474,7061,terminal illness,2006-01-24 02:05:54
474,7062,birds,2006-01-24 02:05:35
474,7062,prison,2006-01-24 02:05:35
474,7069,in netflix queue,2006-01-14 09:20:28
474,7069,shakespeare,2006-01-14 09:20:28
474,7070,cattle drive,2006-01-24 02:09:40
474,7071,in netflix queue,2006-01-14 09:12:34
474,7073,clousseau,2006-01-16 09:37:31
474,7079,disability,2006-01-16 09:36:46
474,7086,george bernard shaw,2006-01-14 09:21:43
474,7087,e.m. forster,2006-01-24 02:09:11
474,7088,in netflix queue,2006-01-14 09:27:11
474,7090,martial arts,2006-01-24 02:07:02
474,7091,marx brothers,2006-01-30 02:31:40
474,7121,hepburn and tracy,2006-01-14 03:40:04
474,7132,marx brothers,2006-01-24 02:08:55
474,7132,opera,2006-01-24 02:08:55
474,7139,immigrants,2006-01-24 02:07:33
474,7141,in netflix queue,2006-01-14 09:19:29
474,7153,tolkein,2006-01-14 03:40:17
474,7156,vietnam,2006-01-24 02:06:41
474,7158,real estate,2006-01-14 10:32:13
474,7160,serial killer,2006-01-24 02:08:45
474,7162,civil war,2006-01-24 02:05:48
474,7190,charlotte bronte,2006-02-16 07:51:42
474,7212,cross dressing,2006-01-24 02:07:44
474,7212,men in drag,2006-01-24 02:07:44
474,7217,amnesia,2006-01-18 02:13:41
474,7218,in netflix queue,2006-01-14 03:18:25
474,7219,truckers,2006-01-24 02:10:26
474,7234,circus,2006-01-14 10:35:03
474,7256,mountain climbing,2006-01-24 02:10:57
474,7285,adolescence,2006-01-24 02:10:37
474,7301,priest,2006-01-18 02:10:29
474,7301,religion,2006-01-18 02:10:29
474,7318,religion,2006-01-24 02:09:17
474,7323,cold war,2006-01-24 02:06:54
474,7361,memory,2006-01-14 10:30:08
474,7371,grace,2006-01-14 10:30:00
474,7382,adolescence,2006-01-24 02:07:09
474,7382,crime,2006-01-24 02:07:09
474,7438,revenge,2006-01-14 10:32:28
474,7440,holocaust,2006-03-14 03:46:15
474,7451,high school,2006-01-14 10:32:42
474,7479,world war ii,2006-01-24 02:11:33
474,7493,multiple personalities,2006-01-24 02:10:50
474,7572,cancer,2006-01-14 03:46:35
474,7584,hepburn and tracy,2006-01-24 02:11:46
474,7584,marriage,2006-01-24 02:11:46
474,7614,rogers and hammerstein,2006-01-24 02:16:39
474,7618,biopic,2006-01-14 09:20:47
474,7618,in netflix queue,2006-01-14 09:20:48
474,7619,blindness,2006-01-24 02:16:07
474,7619,deaf,2006-01-24 02:16:11
474,7646,stephen king,2006-01-16 09:27:40
474,7649,space station,2006-01-24 02:12:38
474,7700,in netflix queue,2006-01-14 09:11:56
474,7705,hepburn and tracy,2006-01-18 02:14:01
474,7705,sports,2006-01-18 02:14:01
474,7713,sexuality,2006-01-24 02:13:31
474,7714,king arthur,2006-01-24 02:13:18
474,7728,adultery,2006-01-24 02:16:45
474,7748,in netflix queue,2006-01-14 09:26:42
474,7766,macbeth,2006-01-24 02:17:48
474,7789,terrorism,2006-01-24 02:12:12
474,7792,in netflix queue,2006-01-14 09:08:59
474,7831,nick and nora charles,2006-01-14 09:20:38
474,7832,nick and nora charles,2006-01-14 09:21:57
474,7833,nick and nora charles,2006-01-14 09:21:01
474,7834,nick and nora charles,2006-01-14 09:04:26
474,7835,nick and nora charles,2006-01-14 09:22:27
474,7924,in netflix queue,2006-01-14 09:21:17
474,7926,in netflix queue,2006-01-14 03:15:53
474,7932,amtrak,2006-01-15 04:39:52
474,7932,homeless,2006-01-15 04:39:52
474,7932,independent,2006-01-15 04:39:52
474,7932,new york,2006-01-15 04:39:52
474,7932,sundance award winner,2006-01-15 04:39:51
474,7932,train,2006-01-15 04:39:52
474,7934,psychology,2006-01-24 02:17:55
474,7981,police,2006-01-24 02:15:18
474,7983,show business,2006-01-24 02:13:09
474,8011,politics,2006-04-03 01:22:21
474,8014,in netflix queue,2006-01-14 09:02:24
474,8019,remade,2006-01-24 02:14:22
474,8033,in netflix queue,2006-01-14 09:01:32
474,8094,in netflix queue,2006-01-14 03:13:51
474,8153,van gogh,2006-01-16 09:36:59
474,8167,swashbuckler,2006-01-24 02:13:24
474,8183,in netflix queue,2006-01-14 09:10:01
474,8188,not available from netflix,2006-01-14 03:19:16
474,8190,in netflix queue,2006-01-14 09:24:24
474,8191,anne boleyn,2006-01-24 02:12:29
474,8197,in netflix queue,2006-01-14 09:29:04
474,8207,assassination,2006-01-24 02:14:27
474,8228,heist,2006-01-24 02:15:47
474,8235,clock,2006-01-14 09:39:53
474,8266,prince,2006-01-16 09:37:13
474,8275,in netflix queue,2006-01-14 09:23:09
474,8337,military,2006-01-24 02:13:13
474,8338,convent,2006-01-24 02:12:53
474,8338,religion,2006-01-24 02:12:53
474,8341,dickens,2006-01-14 09:04:11
474,8360,ogres,2006-01-24 02:17:16
474,8366,pregnancy,2006-01-24 02:17:00
474,8366,religion,2006-01-24 02:17:00
474,8368,magic,2006-01-14 09:39:44
474,8368,wizards,2006-01-14 09:39:44
474,8375,politics,2006-01-16 09:36:52
474,8376,high school,2006-01-24 02:16:16
474,8379,in netflix queue,2006-01-14 09:08:19
474,8382,death,2006-01-16 09:36:32
474,8424,divorce,2006-01-24 02:14:37
474,8446,world war ii,2006-01-16 09:37:22
474,8463,deafness,2006-01-24 02:15:33
474,8464,food,2006-01-24 02:17:34
474,8464,mcdonalds,2006-01-24 02:17:34
474,8507,circus,2006-01-24 02:14:50
474,8530,ireland,2006-01-24 02:14:31
474,8580,fairy tales,2006-01-14 09:10:21
474,8580,in netflix queue,2006-01-14 09:10:21
474,8607,in netflix queue,2006-01-14 09:11:17
474,8609,in netflix queue,2006-01-14 03:15:27
474,8622,politics,2006-01-24 02:14:43
474,8622,terrorism,2006-01-24 02:14:43
474,8636,doc ock,2006-01-14 09:39:58
474,8638,generation x,2006-01-24 02:12:47
474,8645,drugs,2006-01-24 02:15:55
474,8645,immigrants,2006-01-24 02:15:55
474,8695,court,2006-01-16 09:36:09
474,8714,cole porter,2006-01-16 09:37:05
474,8754,oscar (best actress),2006-03-14 04:42:01
474,8765,in netflix queue,2006-01-14 03:15:07
474,8784,psychology,2006-01-24 02:15:05
474,8796,rome,2006-01-16 09:36:25
474,8809,australia,2006-01-24 02:14:12
474,8827,stand up,2006-01-24 02:12:49
474,8838,in netflix queue,2006-01-14 03:15:58
474,8874,zombies,2006-01-24 02:17:05
474,8875,alcoholism,2006-01-24 02:14:02
474,8875,marriage,2006-01-24 02:14:02
474,8879,agatha christie,2006-04-23 09:18:55
474,8879,oscar (best supporting actress),2006-04-23 09:18:58
474,8879,train,2006-04-23 09:19:00
474,8880,disability,2006-01-24 02:16:02
474,8914,time travel,2006-01-24 02:16:51
474,8920,oscar (best actress),2006-03-14 04:42:02
474,8938,parenthood,2006-01-24 02:17:42
474,8938,psychology,2006-01-24 02:17:42
474,8943,stage,2006-01-16 09:36:13
474,8949,wine,2006-01-24 02:17:22
474,8950,psychology,2006-01-24 02:15:38
474,8951,abortion,2006-01-24 02:17:52
474,8958,biopic,2006-01-24 02:16:54
474,8961,disney,2006-01-24 02:15:15
474,8961,superhero,2006-01-24 02:15:15
474,8970,peter pan,2006-01-24 02:14:46
474,8979,hearst,2006-01-18 02:10:49
474,8983,martial arts,2006-01-24 02:15:09
474,8998,in netflix queue,2006-01-14 03:15:38
474,9018,journalism,2006-01-24 02:14:06
474,25753,gold,2006-02-15 02:15:48
474,25825,revenge,2006-01-14 10:30:43
474,25841,show business,2006-01-24 02:17:29
474,25855,in netflix queue,2006-01-14 03:13:57
474,25865,in netflix queue,2006-01-14 09:20:52
474,25886,made me cry,2006-01-14 10:33:58
474,25940,mirrors,2006-01-18 02:08:10
474,25952,in netflix queue,2006-01-14 03:15:13
474,26085,not available from netflix,2006-01-14 03:14:25
474,26131,in netflix queue,2006-01-14 09:09:42
474,26151,donkey,2006-04-23 07:51:35
474,26242,in netflix queue,2006-01-14 03:12:50
474,26662,anime,2006-01-24 02:15:36
474,26776,in netflix queue,2006-01-14 03:16:26
474,27731,in netflix queue,2006-01-14 09:12:02
474,27741,in netflix queue,2006-01-14 03:13:07
474,27790,religion,2006-01-24 02:18:46
474,27790,saints,2006-01-24 02:18:46
474,27820,animal movie,2006-01-24 02:19:18
474,27820,camels,2006-01-24 02:19:18
474,27834,fatherhood,2006-01-24 02:19:08
474,27838,revenge,2006-01-14 10:32:33
474,27878,india,2006-01-24 01:56:14
474,27882,surfing,2006-02-15 01:50:07
474,30707,boxing,2006-01-24 02:18:40
474,30749,genocide,2006-01-14 10:31:57
474,30793,roald dahl,2006-01-24 01:56:19
474,30812,biopic,2006-01-24 01:55:49
474,30812,howard hughes,2006-01-24 01:55:49
474,30812,movie business,2006-01-24 01:55:49
474,30820,child abuse,2006-01-14 10:35:21
474,30822,busniess,2006-01-14 10:32:18
474,30850,shakespeare,2006-01-14 03:45:55
474,31030,motherhood,2006-01-24 02:18:31
474,31437,orphans,2006-01-24 02:19:01
474,31658,06 oscar nominated best movie - animation,2006-04-19 21:04:16
474,31658,in netflix queue,2006-01-14 09:18:51
474,31903,marriage,2006-01-24 02:19:24
474,31923,in netflix queue,2006-01-14 09:07:45
474,32160,in netflix queue,2006-01-14 03:14:34
474,32371,in netflix queue,2006-01-14 09:27:24
474,32582,birds,2006-02-01 22:30:06
474,32582,parrots,2006-02-01 22:30:06
474,32584,fatherhood,2006-01-24 01:55:59
474,33154,business,2006-01-20 22:08:42
474,33154,money,2006-01-20 22:08:42
474,33154,scandal,2006-01-20 22:08:43
474,33166,racism,2006-01-24 01:56:22
474,33493,space,2006-01-14 10:34:47
474,33493,space opera,2006-01-14 10:34:47
474,33660,boxing,2006-01-14 09:20:02
474,34271,hip hop,2006-03-09 04:12:31
474,34359,pregnancy,2006-01-24 02:18:21
474,34405,firefly,2006-01-14 03:47:04
474,34437,in netflix queue,2006-01-14 03:15:20
474,34482,in netflix queue,2006-01-14 09:29:40
474,34528,pregnancy,2006-02-12 05:38:12
474,34542,animal movie,2006-01-24 01:56:40
474,34542,bears,2006-01-24 01:56:40
474,35015,animal movie,2006-01-14 03:21:21
474,35015,in netflix queue,2006-01-14 09:30:00
474,36517,africa,2006-02-06 22:09:07
474,36517,business,2006-02-06 22:09:07
474,36517,politics,2006-02-06 22:09:07
474,36527,mathematics,2006-01-14 09:26:38
474,36535,in netflix queue,2006-01-14 09:12:42
474,37240,in netflix queue,2006-02-01 22:30:30
474,37729,06 oscar nominated best movie - animation,2006-02-04 21:32:18
474,37733,in netflix queue,2006-01-14 09:09:15
474,37736,dickens,2006-02-15 02:10:56
474,37741,truman capote,2006-03-22 10:56:27
474,38038,06 oscar nominated best movie - animation,2006-02-11 21:23:10
474,38038,aardman,2006-02-11 21:23:41
474,38061,in netflix queue,2006-01-14 03:13:44
474,38886,divorce,2006-04-19 21:03:57
474,39234,courtroom drama,2006-02-22 10:45:26
474,39234,in netflix queue,2006-01-14 09:28:09
474,39292,in netflix queue,2006-01-14 09:19:55
474,39292,journalism,2006-01-14 09:19:55
474,39292,mccarthy hearings,2006-01-14 09:19:55
474,39292,morrow,2006-01-14 09:19:55
474,40583,in netflix queue,2006-01-14 09:02:07
474,40629,in netflix queue,2006-01-14 03:16:37
474,40815,magic,2006-01-14 09:39:36
474,40815,wizards,2006-01-14 09:39:36
474,40819,johnny cash,2006-01-14 09:03:15
474,41566,c.s. lewis,2006-01-14 03:46:57
474,41997,in netflix queue,2006-01-14 03:13:23
474,42002,in netflix queue,2006-01-14 09:29:10
474,42740,in netflix queue,2006-02-01 22:30:37
477,32,brad pitt,2009-05-17 01:18:30
477,32,bruce willis,2009-05-17 01:18:26
477,32,mindfuck,2009-05-17 01:18:41
477,32,post apocalyptic,2009-05-17 01:18:20
477,32,post-apocalyptic,2009-05-17 01:18:20
477,32,remake,2009-05-17 01:18:35
477,32,time travel,2009-05-17 01:18:24
477,32,twist ending,2009-05-17 01:18:22
477,34,villain nonexistent or not needed for good story,2009-06-12 14:24:05
477,104,adam sandler,2009-06-12 14:21:31
477,216,adam sandler,2009-06-12 14:21:58
477,216,stop looking at me swan,2009-06-12 14:22:06
477,318,morgan freeman,2009-06-10 00:47:56
477,541,androids,2010-01-07 00:36:04
477,541,artificial intelligence,2010-01-07 00:36:09
477,541,atmospheric,2010-01-07 00:36:08
477,541,cyberpunk,2010-01-07 00:36:10
477,541,future,2010-01-07 00:36:12
477,541,mindfuck,2010-01-07 00:36:18
477,541,philip k. dick,2010-01-07 00:36:16
477,589,scifi masterpiece,2008-01-24 17:21:14
477,593,disturbing,2009-05-04 08:19:19
477,593,drama,2009-05-04 08:19:51
477,593,gothic,2009-05-04 08:19:38
477,593,psychology,2009-05-04 08:19:27
477,593,suspense,2009-05-04 08:19:49
477,733,michael bay,2009-05-10 15:00:58
477,733,terrorism,2009-05-10 15:00:53
477,750,black comedy,2009-05-17 01:29:19
477,750,dark comedy,2009-05-17 01:29:13
477,750,satire,2009-05-17 01:29:11
477,832,give me back my son!,2010-03-29 11:17:16
477,832,it was melodramatic and kind of dumb,2010-03-29 11:17:13
477,832,mel gibson,2010-03-29 11:17:09
477,903,alfred hitchcock,2009-05-18 00:18:45
477,903,atmospheric,2009-05-18 00:18:55
477,903,imdb top 250,2009-05-18 00:18:37
477,903,james stewart,2009-05-18 00:18:32
477,904,imdb top 250,2009-05-18 00:17:57
477,904,james stewart,2009-05-18 00:17:36
477,904,mystery,2009-05-18 00:17:44
477,904,photographer,2009-05-18 00:17:48
477,904,photography,2009-05-18 00:17:50
477,908,alfred hitchcock,2009-05-18 00:18:17
477,908,imdb top 250,2009-05-18 00:18:20
477,922,eerie,2009-06-15 09:41:38
477,922,movie business,2009-06-15 09:41:29
477,1089,humorous,2009-05-17 01:28:03
477,1089,neo-noir,2009-05-17 01:27:59
477,1089,quentin tarantino,2009-05-17 01:27:54
477,1089,religion,2009-05-17 01:28:16
477,1089,tarantino,2009-05-17 01:28:07
477,1196,classic,2010-01-07 00:36:46
477,1196,george lucas,2010-01-07 00:36:33
477,1196,harrison ford,2010-01-07 00:36:32
477,1196,music,2010-01-07 00:36:55
477,1196,original plot,2010-01-07 00:36:48
477,1196,sci-fi,2010-01-07 00:36:37
477,1196,sequel,2010-01-07 00:36:40
477,1219,alfred hitchcock,2009-05-18 00:19:13
477,1219,black and white,2009-05-18 00:19:33
477,1219,imdb top 250,2009-05-18 00:19:21
477,1219,remade,2009-05-18 00:19:25
477,1222,anti-war,2009-05-17 01:28:45
477,1274,animation,2009-06-12 14:25:31
477,1274,anime,2009-06-12 14:25:29
477,1274,visually stunning,2009-06-12 14:25:44
477,2393,cameo:whoopi goldberg,2009-05-14 13:21:13
477,2393,space opera,2009-05-14 13:21:03
477,2393,star trek,2009-05-14 13:21:04
477,2694,adam sandler,2009-06-12 14:23:08
477,2706,best comedy,2009-06-11 16:00:16
477,2706,chris klein,2009-06-11 16:00:21
477,2706,dumb,2009-06-11 16:00:11
477,2706,jason biggs,2009-06-11 16:00:23
477,2706,not funny,2009-06-11 16:00:27
477,2706,pizza beer,2009-06-11 16:00:07
477,2706,seann william scott,2009-06-11 16:00:24
477,2706,teen,2009-06-11 16:00:02
477,2761,animation,2009-06-12 14:24:32
477,3000,adventure,2009-05-04 08:20:38
477,3000,atmospheric,2009-05-04 08:20:34
477,3000,fantasy world,2009-05-04 08:20:27
477,3000,studio ghibli,2009-05-04 08:20:20
477,3000,surreal,2009-05-04 08:20:22
477,3527,aliens,2010-07-09 21:58:38
477,3527,arnold schwarzenegger,2010-03-29 11:16:32
477,3527,dialogue,2010-03-29 11:16:45
477,3527,guns,2010-07-09 21:58:32
477,3527,jesse ventura,2010-03-29 11:16:33
477,3527,macho,2010-03-29 11:16:37
477,3527,sci-fi,2010-03-29 11:16:49
477,3527,scifi cult,2010-03-29 11:16:52
477,3994,atmospheric,2009-05-04 08:18:21
477,3994,comics,2009-05-04 08:18:00
477,3994,father-son relationship,2009-05-04 08:18:33
477,3994,mindfuck,2009-05-04 08:18:28
477,3994,unique,2009-05-04 08:18:13
477,4226,mystery,2009-10-20 23:04:32
477,4226,twist ending,2009-10-20 23:04:39
477,4454,claymation,2009-06-15 09:43:13
477,4454,creativity,2009-06-15 09:43:07
477,4454,dystopia,2009-06-15 09:43:10
477,4454,free to download,2009-06-15 09:42:55
477,4454,imagination,2009-06-15 09:42:58
477,4454,no dialogue,2009-06-15 09:43:16
477,4454,social commentary,2009-06-15 09:43:05
477,4725,mental hospital,2009-09-13 13:36:03
477,4725,psychology,2009-09-13 13:36:10
477,4725,suspense,2009-09-13 13:36:08
477,4725,well done,2009-09-13 13:36:20
477,4878,dreamlike,2009-05-17 01:21:02
477,4878,hallucinatory,2009-05-17 01:21:26
477,4878,mental illness,2009-05-17 01:21:23
477,4878,psychology,2009-05-17 01:21:09
477,4878,social commentary,2009-05-17 01:21:18
477,4878,teen,2009-05-17 01:21:36
477,4878,thought-provoking,2009-05-17 01:21:02
477,5459,crappy sequel,2010-01-07 00:33:40
477,5459,first was much better,2010-01-07 00:33:52
477,5459,sequel,2010-01-07 00:34:13
477,7361,cult film,2009-05-17 01:19:00
477,7361,imagination,2009-10-20 23:04:07
477,7361,jim carrey,2009-05-17 01:19:17
477,7361,love,2009-10-20 23:04:05
477,7361,surreal,2009-10-20 23:04:01
477,7439,comic book,2008-01-25 01:47:04
477,8783,atmospheric,2009-05-18 01:13:44
477,8783,good soundtrack,2009-05-18 01:14:04
477,8783,m. night shyamalan,2009-05-18 01:14:01
477,8961,animation,2009-06-12 14:46:32
477,8961,samuel l. jackson,2009-06-12 14:46:37
477,41569,big budget,2010-01-07 00:39:19
477,42422,love,2009-09-08 10:42:41
477,45499,halle berry,2010-01-07 00:39:39
477,45499,hugh jackman,2010-01-07 00:39:32
477,45730,bad,2009-05-18 01:15:31
477,45730,disappointing,2009-05-18 01:15:21
477,45730,faerie tale,2009-05-18 01:15:26
477,45730,fairy tale,2009-05-18 01:15:23
477,45730,far fetched,2009-05-18 01:14:57
477,45730,m. night shyamalan,2009-05-18 01:15:04
477,45730,paul giamatti,2009-05-18 01:15:08
477,47610,costume drama,2009-05-18 01:16:48
477,47610,edward norton,2009-05-18 01:16:18
477,47610,magic,2009-05-18 01:16:35
477,47610,paul giamatti,2009-05-18 01:16:20
477,52885,dreamlike,2009-10-20 23:03:28
477,53468,zombies,2009-09-28 09:30:34
477,54503,friendship,2009-06-10 00:48:22
477,54503,high school,2009-06-10 00:48:37
477,54503,michael cera,2009-06-10 00:48:14
477,54503,nerds,2009-06-10 00:48:53
477,54503,self discovery,2009-06-10 00:48:39
477,54503,shenanigans,2009-06-10 00:48:42
477,54503,virginity,2009-06-10 00:48:47
477,55167,anime,2010-08-27 23:56:22
477,56174,alone in the world,2010-01-07 00:34:36
477,56174,apocalypse,2010-01-07 00:34:37
477,56174,based on a book,2010-01-07 00:34:41
477,56174,last man on earth,2010-01-07 00:34:44
477,56174,plot holes,2010-01-07 00:34:31
477,56174,post apocalyptic,2010-01-07 00:34:55
477,56174,post-apocalyptic,2010-01-07 00:34:59
477,56174,religion,2010-01-07 00:34:29
477,56174,vampire,2010-01-07 00:35:02
477,56367,michael cera,2009-06-10 00:49:18
477,56367,notable soundtrack,2009-06-10 00:49:16
477,56367,pregnancy,2009-06-10 00:49:14
477,56367,teenage pregnancy,2009-06-10 00:49:13
477,56367,witty,2009-06-10 00:49:36
477,57669,black comedy,2010-03-29 11:16:02
477,57669,colin farrell,2010-03-29 11:16:01
477,57669,dark comedy,2010-03-29 11:15:59
477,57669,drugs,2010-03-29 11:16:04
477,57669,friendship,2010-03-29 11:16:07
477,57669,irreverent,2010-03-29 11:16:19
477,57669,ralph fiennes,2010-03-29 11:16:12
477,57669,stylized,2010-03-29 11:16:14
477,59141,movies about movies,2009-05-04 08:15:55
477,60069,last man on earth,2009-05-04 08:17:32
477,60069,love story,2009-05-04 08:17:36
477,60069,post apocalyptic,2009-05-04 08:17:19
477,60069,social commentary,2009-05-04 08:17:16
477,61323,brad pitt,2010-03-29 11:14:43
477,61323,coen bros,2010-03-29 11:14:46
477,61323,coen brothers,2010-03-29 11:14:44
477,61323,dark comedy,2010-03-29 11:14:48
477,61323,espionage,2010-03-29 11:14:51
477,61323,george clooney,2010-03-29 11:14:50
477,61323,john malkovich,2010-03-29 11:14:52
477,61323,satire,2010-03-29 11:14:57
477,61323,twists & turns,2010-03-29 11:15:04
477,61323,weird,2010-03-29 11:15:01
477,62336,2d animation,2010-08-27 23:56:51
477,62336,cult film,2010-08-27 23:57:01
477,62336,stylish,2010-08-27 23:56:55
477,62336,surreal,2010-08-27 23:56:57
477,66934,joss whedon,2009-06-12 14:32:48
477,66934,nathan fillion,2009-06-12 14:32:58
477,66934,neil patrick harris,2009-06-12 14:32:54
477,66934,parody,2009-06-12 14:32:39
477,67087,andy samberg,2010-03-29 11:37:48
477,67087,bromance,2010-03-29 11:38:07
477,67087,bromantic,2010-03-29 11:38:04
477,67087,comedy,2010-03-29 11:37:58
477,67087,jaime pressly,2010-03-29 11:37:53
477,67087,jason segel,2010-03-29 11:37:43
477,67087,masculinity,2010-03-29 11:37:51
477,67087,paul rudd,2010-03-29 11:37:46
477,68237,2001-like,2009-09-14 11:23:34
477,68237,sci-fi,2009-09-14 11:23:40
477,68237,solitude,2009-09-14 11:23:45
477,68319,bad plot,2010-01-07 00:38:06
477,68319,comic book,2009-05-10 15:01:52
477,68319,hugh jackman,2010-01-07 00:38:12
477,68319,ryan reynolds,2010-01-07 00:38:11
477,68319,too many characters,2009-05-10 15:44:44
477,68358,future,2009-06-15 09:45:04
477,68358,lack of development,2010-01-07 00:38:44
477,68358,lack of story,2010-01-07 00:38:46
477,68358,quick cuts,2009-06-15 09:45:09
477,68358,sci-fi,2010-01-07 00:38:53
477,68358,simon pegg,2009-06-15 09:45:16
477,68358,space,2010-01-07 00:38:52
477,68358,space travel,2010-01-07 00:38:51
477,68358,time travel,2010-01-07 00:38:49
477,68791,artificial intelligence,2010-01-07 00:37:29
477,68791,bad acting,2010-01-07 00:37:42
477,68791,bad plot,2010-01-07 00:37:22
477,68791,bad script,2010-01-07 00:37:39
477,68791,christian bale,2010-01-07 00:37:26
477,68791,fighting the system,2010-01-07 00:37:32
477,68791,franchise,2010-01-07 00:37:55
477,68791,new composer,2009-05-27 13:26:21
477,68791,post-apocalyptic,2010-01-07 00:37:34
477,68791,robots,2009-05-27 13:26:32
477,68791,sci-fi,2010-01-07 00:37:51
477,68791,sequel,2010-01-07 00:37:53
477,68945,recap,2009-06-30 16:04:31
477,69526,bad plot,2010-01-07 00:35:20
477,69526,michael bay,2010-01-07 00:35:29
477,69526,needed more autobots,2009-06-30 15:16:02
477,69526,plot holes,2010-01-07 00:35:32
477,69526,ridiculous,2010-01-07 00:35:37
477,69526,shia labeouf,2009-06-30 15:16:12
477,69526,stop using useless characters for filler,2009-06-30 15:15:59
477,69757,artistic,2010-07-24 15:22:14
477,69757,funny,2010-07-24 15:22:21
477,69757,humorous,2010-07-24 15:22:04
477,69757,inspiring,2010-07-24 15:22:10
477,69757,intelligent,2010-07-24 15:22:12
477,69757,quirky,2010-07-24 15:22:25
477,69757,romance,2010-07-24 15:22:03
477,69757,zooey deschanel,2010-07-24 15:22:00
477,70286,intelligent sci-fi,2009-08-17 10:42:49
477,72224,bad humor,2011-02-05 15:34:29
477,72998,bad science,2010-01-06 00:05:24
477,72998,futuristic,2010-01-06 00:05:31
477,72998,graphic design,2010-01-06 00:05:32
477,72998,james cameron,2010-01-06 00:05:36
477,72998,military,2010-01-06 00:05:34
477,72998,poor dialogue,2010-01-06 00:05:37
477,72998,sci-fi,2010-01-06 00:05:51
477,72998,superficial plot,2010-01-06 00:05:25
477,72998,unoriginal,2010-01-07 00:13:36
477,72998,white guilt,2010-01-06 00:05:42
477,79132,dreamlike,2010-08-01 04:29:48
477,79132,surreal,2010-08-01 04:29:38
477,79132,visually appealing,2010-08-01 04:29:41
477,79702,geeky,2010-08-27 23:44:24
477,79702,michael cera,2010-08-27 23:44:13
477,79702,stylized,2010-08-27 23:44:16
477,79702,video games,2010-08-27 23:44:20
477,82242,male nudity,2010-12-30 14:27:50
477,82461,action choreography,2011-02-05 15:33:26
477,82461,horrid characterisation,2011-02-05 15:33:20
477,82461,poor plot development,2011-02-05 15:33:15
477,82461,sequel,2011-02-05 15:33:22
477,82461,soundtrack,2011-02-05 15:33:23
487,112552,passion,2015-04-18 16:59:01
487,112552,psychological,2015-04-18 16:59:01
487,112552,suspense,2015-04-18 16:59:01
506,112552,jazz,2015-02-21 10:52:58
506,112552,music,2015-02-21 10:52:58
506,112552,tense,2015-02-21 10:52:58
509,80834,adventure,2015-07-04 14:56:19
509,80834,animation,2015-07-04 14:56:19
509,80834,fantasy,2015-07-04 14:56:19
513,750,purity of essence,2006-10-05 00:47:36
513,750,slim pickens,2006-10-05 00:47:36
513,6787,deep throat,2006-10-05 00:52:49
520,3039,dan aykroyd,2012-01-15 14:20:24
520,60516,enjoyable,2012-01-15 14:59:42
533,356,bubba gump shrimp,2015-02-24 12:57:46
533,356,lieutenant dan,2015-02-24 12:57:46
533,356,stupid is as stupid does,2015-02-24 12:57:46
537,527,based on a true story,2015-02-17 11:01:12
537,527,biography,2015-02-17 11:01:52
537,527,disturbing,2015-02-17 11:01:53
537,527,holocaust,2015-02-17 11:01:50
537,1625,mystery,2015-02-17 10:55:01
537,1721,romance,2015-02-17 10:58:42
537,2329,edward norton,2015-02-17 10:50:49
537,2329,emotional,2015-02-17 10:50:59
537,2329,politics,2015-02-17 10:51:01
537,2571,philosophy,2015-02-17 10:44:58
537,2571,post apocalyptic,2015-02-17 10:45:01
537,3949,depressing,2015-02-17 10:52:27
537,3949,psychology,2015-02-17 10:52:31
537,5989,cheating,2015-02-17 10:21:37
537,5989,intelligent,2015-02-17 10:20:27
537,5989,leonardo dicaprio,2015-02-17 10:20:05
537,5989,lies,2015-02-17 10:20:29
537,5989,smart,2015-02-17 10:21:10
537,5989,tom hanks,2015-02-17 10:20:08
537,5989,twists & turns,2015-02-17 10:20:59
537,8533,memory loss,2015-02-17 10:59:23
537,8533,romance,2015-02-17 10:59:13
537,8533,sad,2015-02-17 10:59:34
537,55765,corruption,2015-02-17 10:18:39
537,55765,denzel washington,2015-02-17 10:18:35
537,55765,mafia,2015-02-17 10:19:19
537,55765,organized crime,2015-02-17 10:18:49
537,58295,heist,2015-02-17 10:10:43
537,58295,robbery,2015-02-17 10:10:58
537,58295,small time criminals,2015-02-17 10:10:56
537,69122,casino,2015-02-17 10:31:47
537,69122,comedy,2015-02-17 10:31:39
537,69122,funny,2015-02-17 10:31:57
537,69122,hotel,2015-02-17 10:31:48
537,69122,las vegas,2015-02-17 10:31:38
537,69481,war,2015-02-17 11:46:42
537,72998,beautiful scenery,2015-02-17 10:30:29
537,72998,graphic design,2015-02-17 10:30:42
537,72998,music,2015-02-17 10:30:59
537,72998,politics,2015-02-17 10:31:03
537,72998,romance,2015-02-17 10:30:52
537,72998,thought-provoking,2015-02-17 10:31:26
537,72998,too long,2015-02-17 10:30:37
537,72998,visually stunning,2015-02-17 10:30:33
537,79132,big budget,2015-02-17 10:29:11
537,79132,clever,2015-02-17 10:29:02
537,79132,complicated,2015-02-17 10:28:53
537,79132,dead wife,2015-02-17 10:30:00
537,79132,great soundtrack,2015-02-17 10:28:38
537,79132,heist,2015-02-17 10:29:14
537,79132,intellectual,2015-02-17 10:29:19
537,79132,mindfuck,2015-02-17 10:29:45
537,79132,philosophy,2015-02-17 10:28:44
537,79132,psychological,2015-02-17 10:29:25
537,79132,psychology,2015-02-17 10:29:22
537,79132,suspense,2015-02-17 10:29:04
537,79132,thought-provoking,2015-02-17 10:28:50
537,80489,crime,2015-02-17 10:18:03
537,80489,fbi,2015-02-17 10:18:09
537,80489,romance,2015-02-17 10:17:01
537,80489,too much love interest,2015-02-17 10:17:34
537,80906,business,2015-02-21 03:50:59
537,80906,corruption,2015-02-21 03:50:48
537,80906,economics,2015-02-21 03:50:52
537,80906,investor corruption,2015-02-21 03:50:54
537,80906,politics,2015-02-21 03:50:49
537,80906,truth,2015-02-21 03:50:57
537,89745,captain america,2015-02-17 10:36:16
537,89745,silly,2015-02-17 10:36:53
537,89745,superhero,2015-02-17 10:36:11
537,89745,superhero team,2015-02-17 10:36:38
537,90439,bank,2015-02-17 10:44:19
537,90439,big corporations,2015-02-17 10:04:11
537,90439,business,2015-02-17 10:03:55
537,90439,corruption,2015-02-17 10:04:14
537,90439,financial crisis,2015-02-17 10:04:27
537,90439,kevin spacey,2015-02-17 10:04:05
537,90439,realistic,2015-02-17 10:04:01
537,90439,suspense,2015-02-17 10:43:25
537,90439,wall street,2015-02-17 10:44:12
537,92259,emotional,2015-02-17 10:50:13
537,92259,sexuality,2015-02-17 10:49:46
537,95067,interesting scenario,2015-02-17 10:42:12
537,95441,crude humor,2015-02-17 10:32:38
537,97304,cia,2015-02-17 10:02:48
537,97304,politics,2015-02-17 10:03:01
537,97304,thrilling,2015-02-17 10:02:40
537,99114,soundtrack,2015-02-17 10:33:35
537,104218,adam sandler,2015-02-19 11:41:42
537,104841,cliche characters,2015-02-17 10:40:13
537,104841,long shots,2015-02-17 10:40:06
537,104841,predictable,2015-02-17 10:39:44
537,104841,simple,2015-02-17 10:39:54
537,104841,slow action,2015-02-17 10:40:27
537,104841,visually appealing,2015-02-17 10:40:38
537,105504,hostage,2015-02-17 10:46:18
537,105504,ocean,2015-02-17 10:46:10
537,105504,suspense,2015-02-17 10:45:49
537,106782,stock market,2015-02-17 11:11:33
537,106782,wall street,2015-02-17 11:11:28
543,85565,comedy,2013-08-21 02:07:43
567,1,fun,2018-05-03 02:33:33
567,101,off-beat comedy,2018-05-03 02:53:36
567,101,quirky,2018-05-03 02:53:34
567,308,cynical,2018-05-03 03:03:18
567,356,bittersweet,2018-05-03 02:59:05
567,356,emotional,2018-05-03 02:58:57
567,356,heartwarming,2018-05-03 02:59:01
567,356,touching,2018-05-03 02:58:59
567,541,atmospheric,2018-05-03 02:43:10
567,541,dreamlike,2018-05-03 02:43:08
567,541,existentialism,2018-05-03 02:43:03
567,541,philosophical,2018-05-03 02:43:06
567,750,black comedy,2018-05-03 03:02:07
567,750,dark comedy,2018-05-03 03:02:04
567,750,quirky,2018-05-03 03:02:09
567,1203,claustrophobic,2018-05-03 01:54:12
567,1203,confrontational,2018-05-03 01:53:30
567,1203,earnest,2018-05-03 01:54:18
567,1203,good dialogue,2018-05-03 01:53:25
567,1203,great screenplay,2018-05-03 01:53:32
567,1203,gritty,2018-05-03 01:53:56
567,1203,motivational,2018-05-03 01:53:51
567,1203,thought-provoking,2018-05-03 01:53:27
567,1237,atmospheric,2018-05-03 02:42:06
567,1237,cerebral,2018-05-03 02:42:16
567,1237,existentialism,2018-05-03 02:42:03
567,1237,philosophical,2018-05-03 02:42:24
567,1237,reflective,2018-05-03 02:42:18
567,1260,atmospheric,2018-05-03 02:27:29
567,1260,chilly,2018-05-03 02:27:41
567,1260,creepy,2018-05-03 02:27:47
567,1260,menacing,2018-05-03 02:27:45
567,1260,mental illness,2018-05-03 02:27:34
567,1260,oninous,2018-05-03 02:27:50
567,1653,intelligent,2018-05-03 02:51:56
567,1653,thought-provoking,2018-05-03 02:51:58
567,1704,heartwarming,2018-05-03 02:55:26
567,1704,inspirational,2018-05-03 02:55:23
567,1916,avant-garde romantic comedy,2018-05-03 01:42:13
567,1916,elegiac,2018-05-03 01:42:41
567,1916,melancholy,2018-05-03 01:42:15
567,1916,quirky,2018-05-03 01:42:10
567,1916,wry,2018-05-03 01:42:52
567,1921,artsy,2018-05-03 02:55:02
567,1921,atmospheric,2018-05-03 02:54:33
567,1921,cerebral,2018-05-03 02:54:46
567,1921,enigmatic,2018-05-03 02:54:49
567,1921,existentialism,2018-05-03 02:54:35
567,1921,hallucinatory,2018-05-03 02:54:31
567,1921,insanity,2018-05-03 02:54:53
567,1921,paranoia,2018-05-03 02:54:55
567,1921,paranoid,2018-05-03 02:54:37
567,1921,surreal,2018-05-03 02:54:41
567,1921,tense,2018-05-03 02:54:45
567,1921,visually appealing,2018-05-03 02:54:43
567,2138,atmospheric,2018-05-03 01:56:00
567,2138,beautiful,2018-05-03 01:55:52
567,2324,bittersweet,2018-05-03 02:29:49
567,2324,emotional,2018-05-03 02:29:51
567,2324,heartwarming,2018-05-03 02:29:55
567,2324,poignant,2018-05-03 02:30:00
567,2324,sentimental,2018-05-03 02:29:53
567,2324,tear jerker,2018-05-03 02:29:57
567,2324,tearjerking,2018-05-03 02:29:47
567,2731,emotional,2018-05-03 02:29:21
567,2731,gentle,2018-05-03 02:29:28
567,2731,heartwarming,2018-05-03 02:29:30
567,2731,lyrical,2018-05-03 02:29:23
567,2731,reflective,2018-05-03 02:29:13
567,3134,downbeat,2018-05-03 03:00:34
567,3134,poignant,2018-05-03 03:00:36
567,3266,black comedy,2018-05-03 01:43:24
567,3266,crazy,2018-05-03 01:43:22
567,3266,dark,2018-05-03 01:43:19
567,3266,dark comedy,2018-05-03 01:43:15
567,3266,dark humor,2018-05-03 01:43:28
567,3266,serial killer,2018-05-03 01:43:32
567,3424,great cinematography,2018-05-03 02:01:36
567,3671,dark humor,2018-05-03 01:46:55
567,3671,easygoing,2018-05-03 01:47:07
567,3671,silly,2018-05-03 01:47:05
567,3676,art house,2018-05-03 01:40:58
567,3676,atmospheric,2018-05-03 01:40:43
567,3676,creepy,2018-05-03 01:40:42
567,3676,cryptic,2018-05-03 01:40:31
567,3676,dark,2018-05-03 01:41:00
567,3676,disturbing,2018-05-03 01:40:40
567,3676,dreamlike,2018-05-03 01:40:45
567,3676,enigmatic,2018-05-03 01:40:38
567,3676,fucked up,2018-05-03 01:41:06
567,3676,gruesome,2018-05-03 01:41:03
567,3676,hallucinatory,2018-05-03 01:40:48
567,3676,insane,2018-05-03 01:40:56
567,3676,paranoid,2018-05-03 01:41:08
567,3676,strange,2018-05-03 01:40:54
567,3676,surreal,2018-05-03 01:40:28
567,3676,weird,2018-05-03 01:40:51
567,3994,atmospheric,2018-05-03 02:24:58
567,3994,somber,2018-05-03 02:25:03
567,4144,atmospheric,2018-05-03 01:52:04
567,4144,beautiful,2018-05-03 01:52:46
567,4144,bittersweet,2018-05-03 01:52:43
567,4144,dreamy,2018-05-03 01:52:37
567,4144,elegant,2018-05-03 01:52:09
567,4144,heartbreaking,2018-05-03 01:52:20
567,4144,intimate,2018-05-03 01:52:15
567,4144,loneliness,2018-05-03 01:52:07
567,4144,long takes,2018-05-03 01:52:52
567,4144,longing,2018-05-03 01:52:22
567,4144,melancholic,2018-05-03 01:52:06
567,4144,melancholy,2018-05-03 01:52:11
567,4144,moody,2018-05-03 01:52:13
567,4144,nocturnal,2018-05-03 01:52:17
567,4144,romantic,2018-05-03 01:52:48
567,4144,unique,2018-05-03 01:52:40
567,4144,visually appealing,2018-05-03 01:52:24
567,4144,visually stunning,2018-05-03 01:52:30
567,4226,cerebral,2018-05-03 01:35:41
567,4226,dreamlike,2018-05-03 01:35:45
567,4552,"""artsy""",2018-05-03 02:31:18
567,4552,atmospheric,2018-05-03 02:31:14
567,4552,gritty,2018-05-03 02:31:20
567,4552,hallucinatory,2018-05-03 02:31:15
567,4552,surreal,2018-05-03 02:31:05
567,4552,visually stunning,2018-05-03 02:31:12
567,4878,atmospheric,2018-05-03 01:36:21
567,4878,cerebral,2018-05-03 01:36:33
567,4878,dreamlike,2018-05-03 01:36:17
567,4878,enigmatic,2018-05-03 01:36:38
567,4878,hallucinatory,2018-05-03 01:36:30
567,4878,mental illness,2018-05-03 01:36:19
567,4878,mindfuck,2018-05-03 01:36:42
567,4878,philosophy,2018-05-03 01:36:23
567,4878,psychological,2018-05-03 01:36:35
567,4878,quirky,2018-05-03 01:36:28
567,4878,surreal,2018-05-03 01:36:11
567,4878,thought-provoking,2018-05-03 01:36:13
567,4878,weird,2018-05-03 01:36:25
567,5673,anger,2018-05-03 01:37:28
567,5673,awkward,2018-05-03 01:37:15
567,5673,bittersweet,2018-05-03 01:37:07
567,5673,hallucinatory,2018-05-03 01:37:30
567,5673,quirky,2018-05-03 01:37:09
567,5673,sad,2018-05-03 01:37:26
567,5673,surreal,2018-05-03 01:37:34
567,5673,symbolism,2018-05-03 01:37:32
567,5673,tense,2018-05-03 01:37:11
567,5673,unconventional,2018-05-03 01:36:56
567,5673,unique,2018-05-03 01:37:17
567,5673,wistful,2018-05-03 01:37:23
567,5690,beautiful,2018-05-03 01:56:39
567,5690,downbeat,2018-05-03 01:56:41
567,5690,grim,2018-05-03 01:56:37
567,5690,poignant,2018-05-03 01:56:28
567,5690,tear jerker,2018-05-03 01:56:44
567,5690,tragedy,2018-05-03 01:56:35
567,5690,tragic,2018-05-03 01:56:49
567,6214,dark,2018-05-03 01:49:51
567,6214,disturbing,2018-05-03 01:49:43
567,6291,depressing,2018-05-03 02:50:38
567,6291,melancholy,2018-05-03 02:50:40
567,6291,sad,2018-05-03 02:50:50
567,6377,heartwarming,2018-05-03 02:45:42
567,6669,meditative,2018-05-03 02:36:58
567,6669,philosophical,2018-05-03 02:36:54
567,6669,poignant,2018-05-03 02:37:00
567,6669,purposefulness,2018-05-03 02:36:56
567,6818,atmospheric,2018-05-03 01:32:12
567,6818,bleak,2018-05-03 01:32:13
567,6818,disturbing,2018-05-03 01:32:17
567,6818,gritty,2018-05-03 01:32:20
567,6818,harsh,2018-05-03 01:32:15
567,7024,bleak,2018-05-03 01:59:50
567,7024,confrontational,2018-05-03 02:00:16
567,7024,disturbing,2018-05-03 01:59:35
567,7024,harsh,2018-05-03 01:59:47
567,7024,haunting,2018-05-03 02:00:09
567,7024,inhumane,2018-05-03 02:00:13
567,7024,thought-provoking,2018-05-03 01:59:39
567,7361,arthouse,2018-05-03 01:39:04
567,7361,artistic,2018-05-03 01:39:11
567,7361,atmospheric,2018-05-03 01:38:51
567,7361,beautiful,2018-05-03 01:37:50
567,7361,bittersweet,2018-05-03 01:37:57
567,7361,colourful,2018-05-03 01:38:16
567,7361,comedy,2018-05-03 01:38:21
567,7361,dreamlike,2018-05-03 01:38:01
567,7361,emotional,2018-05-03 01:37:47
567,7361,feel-good,2018-05-03 01:39:46
567,7361,happpiness,2018-05-03 01:38:55
567,7361,humane,2018-05-03 01:40:11
567,7361,insightful,2018-05-03 01:38:44
567,7361,intelligent,2018-05-03 01:39:06
567,7361,lovely,2018-05-03 01:38:57
567,7361,melancholy,2018-05-03 01:38:12
567,7361,mind-bending,2018-05-03 01:38:48
567,7361,philosophy,2018-05-03 01:37:53
567,7361,quirky,2018-05-03 01:38:07
567,7361,quirky romantic,2018-05-03 01:38:35
567,7361,romantic,2018-05-03 01:38:14
567,7361,surreal,2018-05-03 01:38:24
567,7361,surrealism,2018-05-03 01:38:03
567,7361,thought-provoking,2018-05-03 01:38:09
567,8335,heartbreaking,2018-05-03 02:29:06
567,8477,post-apocalyptic,2018-05-03 01:34:37
567,25771,mindfuck,2018-05-03 01:34:29
567,25771,surreal,2018-05-03 01:34:24
567,25771,surrealism,2018-05-03 01:34:26
567,26717,boring,2018-05-03 02:31:32
567,26717,psychedelic,2018-05-03 02:31:34
567,26717,symbolic,2018-05-03 02:31:36
567,27773,bizarre,2018-05-03 01:48:31
567,27773,claustrophobic,2018-05-03 01:48:37
567,27773,depressing,2018-05-03 01:48:23
567,27773,disturbing,2018-05-03 01:48:26
567,27773,hallucinatory,2018-05-03 01:48:24
567,27773,paranoid,2018-05-03 01:48:38
567,27773,surreal,2018-05-03 01:48:33
567,27773,twisted,2018-05-03 01:48:59
567,30810,heartwarming,2018-05-03 02:00:57
567,30810,off-beat comedy,2018-05-03 02:00:48
567,30810,quirky,2018-05-03 02:00:31
567,30810,trippy,2018-05-03 02:01:07
567,30810,visually appealing,2018-05-03 02:00:41
567,30810,whimsical,2018-05-03 02:00:34
567,40491,depression,2018-05-03 01:33:04
567,45880,cinematography,2018-05-03 02:55:47
567,45880,lyrical,2018-05-03 02:55:51
567,48394,atmospheric,2018-05-03 02:47:04
567,48394,bittersweet,2018-05-03 02:47:10
567,48394,visually appealing,2018-05-03 02:47:07
567,48780,atmospheric,2018-05-03 02:41:10
567,48780,enigmatic,2018-05-03 02:41:08
567,50872,clever,2018-05-03 01:58:05
567,50872,inspirational,2018-05-03 01:58:08
567,56782,atmospheric,2018-05-03 01:47:28
567,56782,cerebral,2018-05-03 01:47:19
567,56782,character study,2018-05-03 01:48:08
567,56782,gritty,2018-05-03 01:47:22
567,56782,intense,2018-05-03 01:47:25
567,56782,long shots,2018-05-03 01:47:33
567,56782,morality,2018-05-03 01:47:48
567,56782,visually appealing,2018-05-03 01:47:16
567,57502,abstract,2018-05-03 02:26:06
567,57502,dark,2018-05-03 02:26:07
567,57502,psychedelic,2018-05-03 02:26:01
567,57502,surreal,2018-05-03 02:25:58
567,58301,dark,2018-05-03 01:49:16
567,58301,dark humor,2018-05-03 01:49:20
567,58301,intelligent,2018-05-03 01:49:18
567,58301,thought-provoking,2018-05-03 01:49:27
567,58559,dark,2018-05-03 02:26:34
567,58559,gritty,2018-05-03 02:26:41
567,63062,emotional,2018-05-03 02:36:34
567,68954,bittersweet,2018-05-03 02:45:58
567,68954,emotional,2018-05-03 02:45:59
567,68954,heartbreaking,2018-05-03 02:45:55
567,68954,touching,2018-05-03 02:46:02
567,71899,bittersweet,2018-05-03 01:44:04
567,71899,black comedy,2018-05-03 01:44:10
567,71899,character study,2018-05-03 01:43:56
567,71899,dark comedy,2018-05-03 01:43:53
567,71899,friendship,2018-05-03 01:43:49
567,71899,loneliness,2018-05-03 01:43:59
567,71899,mental illness,2018-05-03 01:43:51
567,71899,philosophical,2018-05-03 01:43:54
567,71899,poignant,2018-05-03 01:44:03
567,71899,quirky,2018-05-03 01:44:08
567,71899,sad,2018-05-03 01:44:01
567,71899,sweet,2018-05-03 01:44:12
567,71899,touching,2018-05-03 01:43:47
567,74791,surreal,2018-05-03 02:35:12
567,74791,whimsical,2018-05-03 02:35:10
567,79132,cerebral,2018-05-03 02:56:30
567,79132,dreamlike,2018-05-03 02:56:23
567,79132,philosophy,2018-05-03 02:56:25
567,79132,thought-provoking,2018-05-03 02:56:20
567,80463,good dialogue,2018-05-03 02:39:07
567,80463,loneliness,2018-05-03 02:38:45
567,80463,witty,2018-05-03 02:38:37
567,89745,fun,2018-05-03 02:25:37
567,89745,great humor,2018-05-03 02:25:34
567,89745,visually appealing,2018-05-03 02:25:32
567,94959,quirky,2018-05-03 02:39:20
567,95558,beautiful,2018-05-03 02:58:24
567,95558,emotional,2018-05-03 02:58:19
567,95558,poetic,2018-05-03 02:58:26
567,96079,beautiful cinematography,2018-05-03 02:56:02
567,96079,beautifully filmed,2018-05-03 02:56:04
567,96079,cinematography,2018-05-03 02:56:06
567,99764,moving,2018-05-03 01:34:13
567,99764,philosopical,2018-05-03 01:34:11
567,99764,surreal,2018-05-03 01:34:16
567,99764,weird,2018-05-03 01:34:15
567,99917,artistic,2018-05-03 02:44:03
567,99917,artsy,2018-05-03 02:44:14
567,99917,atmospheric,2018-05-03 02:44:12
567,99917,beautiful,2018-05-03 02:44:05
567,99917,dreamlike,2018-05-03 02:44:09
567,99917,existentialism,2018-05-03 02:44:07
567,104875,quirky,2018-05-03 02:31:53
567,104944,emotional,2018-05-03 02:33:02
567,104944,feel-good,2018-05-03 02:32:55
567,104944,heartwarming,2018-05-03 02:33:04
567,104944,mental illness,2018-05-03 02:33:10
567,104944,touching,2018-05-03 02:32:53
567,105504,suspense,2018-05-03 02:48:50
567,105504,tense,2018-05-03 02:48:52
567,106766,atmospheric,2018-05-03 01:58:40
567,106766,cinematography,2018-05-03 01:58:44
567,106766,depressing,2018-05-03 01:58:39
567,106766,funny,2018-05-03 01:58:37
567,107406,fatalistic,2018-05-03 02:46:25
567,108932,cheeky,2018-05-03 01:55:02
567,108932,clever,2018-05-03 01:54:35
567,108932,colorful,2018-05-03 01:54:36
567,108932,feel-good,2018-05-03 01:55:00
567,108932,fun,2018-05-03 01:54:32
567,108932,imaginative,2018-05-03 01:54:41
567,108932,quirky,2018-05-03 01:54:38
567,109487,bad dialogue,2018-05-03 02:59:22
567,109487,philosophical issues,2018-05-03 02:59:31
567,109487,thought-provoking,2018-05-03 02:59:27
567,109487,visually appealing,2018-05-03 02:59:19
567,112421,adorable,2018-05-03 01:50:33
567,112421,black comedy,2018-05-03 01:50:21
567,112421,eccentric,2018-05-03 01:50:27
567,112421,introspection,2018-05-03 01:50:25
567,112421,mental illness,2018-05-03 01:50:17
567,112421,quirky,2018-05-03 01:50:19
567,112552,inspirational,2018-05-03 02:37:56
567,112552,inspiring,2018-05-03 02:37:58
567,112552,intense,2018-05-03 02:37:54
567,112852,funny,2018-05-03 02:23:02
567,112852,great visuals,2018-05-03 02:22:13
567,112852,humorous,2018-05-03 02:22:16
567,112852,unlikely hero,2018-05-03 02:22:58
567,113705,bittersweet,2018-05-03 02:34:53
567,114627,atmospheric,2018-05-03 02:43:43
567,114627,bizzare,2018-05-03 02:43:47
567,114627,eerie,2018-05-03 02:43:41
567,114627,symbolism,2018-05-03 02:43:39
567,116797,inspirational,2018-05-03 02:47:48
567,116797,intelligent,2018-05-03 02:47:45
567,117877,philosophical,2018-05-03 03:00:15
567,117877,trippy,2018-05-03 03:00:11
567,117887,heartwarming,2018-05-03 02:32:18
567,119145,slick,2018-05-03 02:45:28
567,122882,beautiful,2018-05-03 01:57:24
567,122882,cinematography,2018-05-03 01:57:33
567,122882,visually appealing,2018-05-03 01:57:16
567,122912,dark,2018-05-03 01:33:31
567,122912,emotional,2018-05-03 01:33:12
567,122912,sad,2018-05-03 01:33:20
567,122912,visually appealing,2018-05-03 01:33:25
567,122912,visually stunning,2018-05-03 01:33:23
567,122916,awesome,2018-05-03 02:21:07
567,122916,humor,2018-05-03 02:21:25
567,122916,quirky,2018-05-03 02:21:31
567,122916,unconventional,2018-05-03 02:21:05
567,122916,white guilt,2018-05-03 02:21:21
567,122918,fun,2018-05-03 02:35:32
567,122922,visually appealing,2018-05-03 02:52:37
567,127298,depressing,2018-05-03 02:37:29
567,127298,understated,2018-05-03 02:37:36
567,134130,smart,2018-05-03 03:01:17
567,134170,funny,2018-05-03 01:51:32
567,134170,ridiculous,2018-05-03 01:51:23
567,134170,silly,2018-05-03 01:51:42
567,138036,slick,2018-05-03 02:53:16
567,138036,stylish,2018-05-03 02:53:10
567,139385,cinematography,2018-05-03 02:56:49
567,139385,visually appealing,2018-05-03 02:56:53
567,139385,visually striking,2018-05-03 02:57:06
567,139644,atmospheric,2018-05-03 02:42:48
567,139644,tension,2018-05-03 02:42:45
567,140174,moving,2018-05-03 02:58:00
567,140174,touching,2018-05-03 02:58:02
567,141890,moving,2018-05-03 02:49:37
567,143367,contemplative,2018-05-03 01:45:59
567,143367,philosophical,2018-05-03 01:45:57
567,143367,thought-provoking,2018-05-03 01:45:55
567,143367,tragic,2018-05-03 01:46:08
567,148626,funny,2018-05-03 03:01:48
567,148626,interesting,2018-05-03 03:01:44
567,148626,witty,2018-05-03 03:01:42
567,148881,existential,2018-05-03 01:33:39
567,148881,surreal,2018-05-03 01:33:42
567,152077,creepy,2018-05-03 02:57:27
567,152077,suspense,2018-05-03 02:57:23
567,153070,nightmare,2018-05-03 01:41:42
567,155288,suspense,2018-05-03 02:36:05
567,155288,thought-provoking,2018-05-03 02:36:03
567,156605,quirky,2018-05-03 01:50:53
567,156605,sweet,2018-05-03 01:50:55
567,156605,understated,2018-05-03 01:50:56
567,161634,intense,2018-05-03 02:54:01
567,164179,beautiful visuals,2018-05-03 02:28:10
567,164179,cerebral,2018-05-03 02:28:06
567,164179,cinematography,2018-05-03 02:28:16
567,164179,good cinematography,2018-05-03 02:28:26
567,164179,smart,2018-05-03 02:28:19
567,164179,thought-provoking,2018-05-03 02:28:08
567,164179,visually appealing,2018-05-03 02:28:13
567,164909,bittersweet,2018-05-03 03:00:56
567,164909,visually appealing,2018-05-03 03:00:58
567,167746,funny,2018-05-03 02:30:25
567,167746,heartwarming,2018-05-03 02:30:33
567,168252,dark,2018-05-03 01:59:02
567,168252,emotional,2018-05-03 01:59:06
567,168252,gritty,2018-05-03 01:59:00
567,168252,heartbreaking,2018-05-03 01:59:08
567,168252,predictible plot,2018-05-03 01:59:17
567,170945,paranoia,2018-05-03 02:41:44
567,170945,suspenseful,2018-05-03 02:41:41
567,174055,brilliant,2018-05-03 02:20:39
567,174055,inspiring,2018-05-03 02:20:36
567,174055,tense,2018-05-03 02:20:29
567,176371,atmospheric,2018-05-03 01:44:36
567,176371,beautiful,2018-05-03 01:44:38
567,176371,cinematography,2018-05-03 01:44:35
567,176371,dark,2018-05-03 01:44:53
567,176371,dreamlike,2018-05-03 01:44:44
567,176371,existentialism,2018-05-03 01:44:40
567,176371,moody,2018-05-03 01:44:46
567,176371,philosophical,2018-05-03 01:44:49
567,176419,allegorical,2018-05-03 02:59:44
567,176419,uncomfortable,2018-05-03 02:59:48
567,176419,unsettling,2018-05-03 02:59:46
567,180031,atmospheric,2018-05-03 02:02:30
567,180031,dreamlike,2018-05-03 02:02:43
567,180985,bad music,2018-05-03 02:22:00
573,248,bad,2007-08-09 00:05:45
573,248,sinbad,2007-08-09 00:05:45
573,413,comedy,2007-08-09 00:00:56
573,540,bad,2007-08-09 00:01:37
573,707,bad,2007-08-09 00:01:42
573,836,seen at the cinema,2007-08-09 00:02:24
573,1441,not seen,2007-08-09 00:00:56
573,1779,good,2007-08-09 00:01:34
573,1801,seen more than once,2007-08-09 00:01:57
573,2116,classic,2007-08-09 00:02:24
573,2431,bad,2007-08-09 00:01:42
573,2662,classic,2007-08-09 00:02:42
573,2951,bad,2007-08-09 00:01:41
573,4015,bad,2007-08-09 00:03:59
573,4343,really bad,2007-08-09 00:04:39
573,4343,seann william scott,2007-08-09 00:04:39
573,4446,sci-fi,2007-08-09 00:01:26
573,4448,boring,2007-08-09 00:04:08
573,5064,remake,2007-08-09 00:03:56
573,5254,great movie,2007-08-09 00:05:25
573,5254,wesley snipes,2007-08-09 00:05:25
573,6016,not seen,2007-08-09 00:00:53
573,6157,bad,2007-08-09 00:05:33
573,6157,ben affleck,2007-08-09 00:05:33
573,6373,classic,2007-08-09 00:00:55
573,35836,best picture,2007-08-09 00:05:05
573,35836,classic,2007-08-09 00:05:05
573,35836,hilarious,2007-08-09 00:05:05
573,35836,steve carell,2007-08-09 00:05:05
573,52712,horrible acting,2007-08-10 13:00:48
573,52712,interesting,2007-08-10 13:01:00
599,293,action,2017-06-26 13:49:02
599,293,assassin,2017-06-26 13:48:26
599,293,assassination,2017-06-26 13:49:52
599,293,assassins,2017-06-26 13:49:44
599,293,awkward romance,2017-06-26 13:49:27
599,293,corruption,2017-06-26 13:49:15
599,293,crime,2017-06-26 13:49:01
599,293,disturbing,2017-06-26 13:49:04
599,293,drama,2017-06-26 13:49:09
599,293,french,2017-06-26 13:49:10
599,293,friendship,2017-06-26 13:48:59
599,293,gary oldman,2017-06-26 13:48:50
599,293,great acting,2017-06-26 13:48:48
599,293,guns,2017-06-26 13:49:39
599,293,hit men,2017-06-26 13:49:25
599,293,hitman,2017-06-26 13:48:33
599,293,humorous,2017-06-26 13:49:37
599,293,imdb top 250,2017-06-26 13:49:35
599,293,jean reno,2017-06-26 13:48:41
599,293,lolita theme,2017-06-26 13:49:48
599,293,loneliness,2017-06-26 13:49:46
599,293,love story,2017-06-26 13:48:52
599,293,luc besson,2017-06-26 13:48:57
599,293,natalie portman,2017-06-26 13:48:46
599,293,organized crime,2017-06-26 13:49:12
599,293,police,2017-06-26 13:49:41
599,293,police corruption,2017-06-26 13:49:19
599,293,quirky,2017-06-26 13:48:55
599,293,sniper,2017-06-26 13:49:42
599,293,tense,2017-06-26 13:49:50
599,293,touching,2017-06-26 13:49:07
599,293,unique,2017-06-26 13:49:17
599,296,1990s,2017-06-26 13:55:37
599,296,achronological,2017-06-26 13:54:35
599,296,action,2017-06-26 13:52:36
599,296,action packed,2017-06-26 13:55:35
599,296,aggressive,2017-06-26 13:55:33
599,296,amazing,2017-06-26 13:57:58
599,296,amazing dialogues,2017-06-26 13:54:33
599,296,anthology,2017-06-26 13:55:31
599,296,assassin,2017-06-26 13:53:02
599,296,atmospheric,2017-06-26 13:52:56
599,296,awesome,2017-06-26 13:55:59
599,296,bad ass,2017-06-26 13:54:31
599,296,bad language,2017-06-26 13:54:29
599,296,bad-ass,2017-06-26 13:57:56
599,296,bible,2017-06-26 13:57:55
599,296,biblical references,2017-06-26 13:55:29
599,296,big boys with guns,2017-06-26 13:57:53
599,296,big name actors,2017-06-26 13:57:51
599,296,black comedy,2017-06-26 13:52:30
599,296,black humor,2017-06-26 13:54:41
599,296,black humour,2017-06-26 13:57:50
599,296,blood,2017-06-26 13:54:08
599,296,blood splatters,2017-06-26 13:54:27
599,296,bloody,2017-06-26 13:53:51
599,296,bruce willis,2017-06-26 13:52:32
599,296,brutality,2017-06-26 13:55:43
599,296,casual violence,2017-06-26 13:57:49
599,296,character development,2017-06-26 13:55:27
599,296,characters,2017-06-26 13:54:26
599,296,classic,2017-06-26 13:52:40
599,296,classic movie,2017-06-26 13:57:47
599,296,coke,2017-06-26 13:57:46
599,296,comedy,2017-06-26 13:52:58
599,296,conversation,2017-06-26 13:55:24
599,296,cool,2017-06-26 13:53:25
599,296,cool style,2017-06-26 13:57:44
599,296,crime,2017-06-26 13:52:33
599,296,crime scene scrubbing,2017-06-26 13:57:43
599,296,cult,2017-06-26 13:53:11
599,296,cult classic,2017-06-26 13:55:22
599,296,cult film,2017-06-26 13:52:25
599,296,dance,2017-06-26 13:57:41
599,296,dancing,2017-06-26 13:54:24
599,296,dark,2017-06-26 13:53:24
599,296,dark comedy,2017-06-26 13:52:19
599,296,dark humor,2017-06-26 13:53:05
599,296,dialogue,2017-06-26 13:53:15
599,296,different,2017-06-26 13:57:40
599,296,diner,2017-06-26 13:57:38
599,296,disjointed timeline,2017-06-26 13:54:04
599,296,disturbing,2017-06-26 13:55:21
599,296,drama,2017-06-26 13:56:01
599,296,drug overdose,2017-06-26 13:57:36
599,296,drugs,2017-06-26 13:52:28
599,296,drugs & music,2017-06-26 13:57:35
599,296,ensemble cast,2017-06-26 13:53:39
599,296,entertaining,2017-06-26 13:55:19
599,296,entirely dialogue,2017-06-26 13:53:49
599,296,episodic,2017-06-26 13:55:17
599,296,exciting,2017-06-26 13:53:47
599,296,fast paced,2017-06-26 13:53:56
599,296,fast-paced,2017-06-26 13:55:15
599,296,film noir,2017-06-26 13:57:33
599,296,film-noir,2017-06-26 13:57:02
599,296,foul language,2017-06-26 13:58:06
599,296,fun,2017-06-26 13:53:41
599,296,funny,2017-06-26 13:53:03
599,296,gangster,2017-06-26 13:53:09
599,296,gangsters,2017-06-26 13:53:26
599,296,genius,2017-06-26 13:56:29
599,296,golden watch,2017-06-26 13:55:13
599,296,good dialogue,2017-06-26 13:52:52
599,296,good music,2017-06-26 13:53:16
599,296,gore,2017-06-26 13:55:11
599,296,great acting,2017-06-26 13:55:09
599,296,great dialogue,2017-06-26 13:53:22
599,296,great soundtrack,2017-06-26 13:53:00
599,296,gritty,2017-06-26 13:53:46
599,296,guns,2017-06-26 13:54:10
599,296,harvey keitel,2017-06-26 13:58:04
599,296,heroin,2017-06-26 13:54:43
599,296,highly quotable,2017-06-26 13:53:20
599,296,hit men,2017-06-26 13:53:32
599,296,hitman,2017-06-26 13:55:05
599,296,homosexuality,2017-06-26 13:56:02
599,296,humour,2017-06-26 13:56:04
599,296,iconic,2017-06-26 13:54:48
599,296,imdb top 250,2017-06-26 13:53:08
599,296,innovative,2017-06-26 13:54:50
599,296,intellectual,2017-06-26 13:56:05
599,296,intelligent,2017-06-26 13:54:22
599,296,intense,2017-06-26 13:53:31
599,296,interesting,2017-06-26 13:55:41
599,296,intertwining storylines,2017-06-26 13:54:20
599,296,interwoven storylines,2017-06-26 13:56:07
599,296,ironic,2017-06-26 13:54:51
599,296,irony,2017-06-26 13:54:18
599,296,john travolta,2017-06-26 13:52:54
599,296,killer-as-protagonist,2017-06-26 13:54:54
599,296,los angeles,2017-06-26 13:56:09
599,296,mafia,2017-06-26 13:53:34
599,296,masterpiece,2017-06-26 13:52:51
599,296,meaningless violence,2017-06-26 13:56:11
599,296,milkshake,2017-06-26 13:56:12
599,296,mobster,2017-06-26 13:56:14
599,296,mobsters,2017-06-26 13:56:15
599,296,monologue,2017-06-26 13:56:17
599,296,motherfucker,2017-06-26 13:54:57
599,296,multiple stories,2017-06-26 13:54:58
599,296,multiple storylines,2017-06-26 13:52:23
599,296,neo-noir,2017-06-26 13:54:46
599,296,noir,2017-06-26 13:53:28
599,296,non-linear,2017-06-26 13:52:47
599,296,non-linear timeline,2017-06-26 13:56:18
599,296,nonlinear,2017-06-26 13:52:21
599,296,nonlinear narrative,2017-06-26 13:54:17
599,296,nonlinear storyline,2017-06-26 13:56:20
599,296,nonlinear timeline,2017-06-26 13:56:21
599,296,notable soundtrack,2017-06-26 13:53:13
599,296,offensive,2017-06-26 13:56:23
599,296,organised crime,2017-06-26 13:56:25
599,296,organized crime,2017-06-26 13:52:43
599,296,original,2017-06-26 13:54:39
599,296,original plot,2017-06-26 13:54:15
599,296,out of order,2017-06-26 13:56:26
599,296,palme d'or,2017-06-26 13:58:10
599,296,parody,2017-06-26 13:56:31
599,296,philosophical,2017-06-26 13:55:00
599,296,pop culture references,2017-06-26 13:54:38
599,296,psychological,2017-06-26 13:56:33
599,296,pulp,2017-06-26 13:54:44
599,296,quentin tarantino,2017-06-26 13:52:18
599,296,quirky,2017-06-26 13:52:44
599,296,quotable,2017-06-26 13:54:06
599,296,r:disturbing violent content including rape,2017-06-26 13:55:02
599,296,r:disturbing violent images,2017-06-26 13:56:35
599,296,r:graphic sexuality,2017-06-26 13:56:37
599,296,r:some violence,2017-06-26 13:56:39
599,296,r:strong bloody violence,2017-06-26 13:56:41
599,296,r:strong language,2017-06-26 13:54:12
599,296,r:sustained strong stylized violence,2017-06-26 13:56:43
599,296,r:violence,2017-06-26 13:53:44
599,296,random,2017-06-26 13:55:03
599,296,rape,2017-06-26 13:53:37
599,296,retro,2017-06-26 13:54:02
599,296,roger avary,2017-06-26 13:58:02
599,296,royal with cheese,2017-06-26 13:56:50
599,296,samuel l. jackson,2017-06-26 13:52:22
599,296,sarcasm,2017-06-26 13:56:52
599,296,satire,2017-06-26 13:56:54
599,296,sexy,2017-06-26 13:56:55
599,296,smart writing,2017-06-26 13:56:57
599,296,sophisticated,2017-06-26 13:56:58
599,296,soundtrack,2017-06-26 13:53:59
599,296,splatter,2017-06-26 13:57:00
599,296,steve buscemi,2017-06-26 13:58:14
599,296,storytelling,2017-06-26 13:52:55
599,296,stylish,2017-06-26 13:53:18
599,296,stylized,2017-06-26 13:52:34
599,296,suspense,2017-06-26 13:58:00
599,296,tarantino,2017-06-26 13:52:38
599,296,thought-provoking,2017-06-26 13:57:18
599,296,thriller,2017-06-26 13:53:35
599,296,travolta,2017-06-26 13:55:39
599,296,twist ending,2017-06-26 13:57:19
599,296,uma thurman,2017-06-26 13:52:50
599,296,unique,2017-06-26 13:57:21
599,296,unpredictable,2017-06-26 13:54:36
599,296,unusual,2017-06-26 13:57:22
599,296,very funny,2017-06-26 13:53:54
599,296,violence,2017-06-26 13:52:27
599,296,violent,2017-06-26 13:52:46
599,296,witty,2017-06-26 13:53:57
599,924,aliens,2017-06-26 13:59:43
599,924,apes,2017-06-26 14:00:22
599,924,arthur c. clarke,2017-06-26 13:59:46
599,924,artificial intelligence,2017-06-26 13:59:12
599,924,atmospheric,2017-06-26 13:59:17
599,924,cinematography,2017-06-26 13:59:26
599,924,classic,2017-06-26 13:59:34
599,924,computer,2017-06-26 13:59:53
599,924,confusing ending,2017-06-26 13:59:39
599,924,cult film,2017-06-26 13:59:31
599,924,dull,2017-06-26 14:00:11
599,924,future,2017-06-26 13:59:30
599,924,futuristic,2017-06-26 13:59:36
599,924,imdb top 250,2017-06-26 14:00:04
599,924,masterpiece,2017-06-26 13:59:22
599,924,meditative,2017-06-26 13:59:28
599,924,music,2017-06-26 13:59:33
599,924,mystery,2017-06-26 14:00:02
599,924,oscar (best effects - visual effects),2017-06-26 13:59:51
599,924,overrated,2017-06-26 14:00:13
599,924,philosophical,2017-06-26 13:59:19
599,924,relaxing,2017-06-26 13:59:58
599,924,revolutionary,2017-06-26 13:59:54
599,924,robots,2017-06-26 13:59:41
599,924,sci-fi,2017-06-26 13:59:11
599,924,setting:space/space ship,2017-06-26 13:59:56
599,924,slow,2017-06-26 13:59:25
599,924,slow paced,2017-06-26 14:00:06
599,924,soundtrack,2017-06-26 13:59:45
599,924,space,2017-06-26 13:59:16
599,924,space travel,2017-06-26 13:59:50
599,924,spacecraft,2017-06-26 13:59:48
599,924,stanley kubrick,2017-06-26 13:59:14
599,924,superb soundtrack,2017-06-26 14:00:25
599,924,surreal,2017-06-26 13:59:23
599,924,technology,2017-06-26 14:00:27
599,924,tedious,2017-06-26 14:00:14
599,924,visual,2017-06-26 13:59:59
599,924,visually appealing,2017-06-26 13:59:20
599,1732,black comedy,2017-06-26 13:51:01
599,1732,bowling,2017-06-26 13:51:11
599,1732,classic,2017-06-26 13:51:44
599,1732,coen brothers,2017-06-26 13:50:56
599,1732,comedy,2017-06-26 13:51:08
599,1732,crime,2017-06-26 13:51:32
599,1732,cult classic,2017-06-26 13:51:20
599,1732,cult film,2017-06-26 13:51:00
599,1732,dark comedy,2017-06-26 13:50:58
599,1732,deadpan,2017-06-26 13:51:43
599,1732,drugs,2017-06-26 13:51:26
599,1732,funny,2017-06-26 13:51:31
599,1732,great dialogue,2017-06-26 13:51:04
599,1732,great soundtrack,2017-06-26 13:51:23
599,1732,highly quotable,2017-06-26 13:51:36
599,1732,imdb top 250,2017-06-26 13:51:41
599,1732,jeff bridges,2017-06-26 13:51:09
599,1732,john goodman,2017-06-26 13:51:18
599,1732,julianne moore,2017-06-26 13:51:34
599,1732,kidnapping,2017-06-26 13:51:39
599,1732,marijuana,2017-06-26 13:51:21
599,1732,nudity (full frontal),2017-06-26 13:51:28
599,1732,off-beat comedy,2017-06-26 13:51:13
599,1732,philip seymour hoffman,2017-06-26 13:51:15
599,1732,quirky,2017-06-26 13:51:03
599,1732,ransom,2017-06-26 13:51:48
599,1732,rug,2017-06-26 13:51:46
599,1732,sarcasm,2017-06-26 13:51:25
599,1732,satirical,2017-06-26 13:51:06
599,1732,steve buscemi,2017-06-26 13:51:16
599,1732,violence,2017-06-26 13:51:37
599,2959,action,2017-06-26 14:02:10
599,2959,atmospheric,2017-06-26 14:01:46
599,2959,based on a book,2017-06-26 14:01:56
599,2959,brad pitt,2017-06-26 14:01:33
599,2959,challenging,2017-06-26 14:02:43
599,2959,chuck palahniuk,2017-06-26 14:02:29
599,2959,classic,2017-06-26 14:02:05
599,2959,clever,2017-06-26 14:02:40
599,2959,complicated,2017-06-26 14:02:03
599,2959,consumerism,2017-06-26 14:02:45
599,2959,crime,2017-06-26 14:02:15
599,2959,dark,2017-06-26 14:02:08
599,2959,dark comedy,2017-06-26 14:01:31
599,2959,david fincher,2017-06-26 14:02:06
599,2959,disturbing,2017-06-26 14:01:48
599,2959,double life,2017-06-26 14:02:38
599,2959,edward norton,2017-06-26 14:01:36
599,2959,fighting,2017-06-26 14:02:17
599,2959,great acting,2017-06-26 14:02:31
599,2959,helena bonham carter,2017-06-26 14:02:19
599,2959,imaginary friend,2017-06-26 14:02:25
599,2959,imdb top 250,2017-06-26 14:02:21
599,2959,mental illness,2017-06-26 14:01:43
599,2959,mind-blowing,2017-06-26 14:02:35
599,2959,mindfuck,2017-06-26 14:01:52
599,2959,narrated,2017-06-26 14:02:14
599,2959,nudity (topless),2017-06-26 14:02:42
599,2959,palahnuik,2017-06-26 14:02:28
599,2959,philosophical,2017-06-26 14:01:51
599,2959,philosophy,2017-06-26 14:01:38
599,2959,postmodern,2017-06-26 14:02:34
599,2959,powerful ending,2017-06-26 14:02:01
599,2959,psychological,2017-06-26 14:01:49
599,2959,psychological thriller,2017-06-26 14:02:33
599,2959,psychology,2017-06-26 14:01:30
599,2959,quirky,2017-06-26 14:01:58
599,2959,satirical,2017-06-26 14:02:00
599,2959,schizophrenia,2017-06-26 14:02:47
599,2959,social commentary,2017-06-26 14:01:34
599,2959,societal criticism,2017-06-26 14:02:26
599,2959,stylized,2017-06-26 14:02:12
599,2959,surreal,2017-06-26 14:01:40
599,2959,terrorism,2017-06-26 14:02:46
599,2959,thought-provoking,2017-06-26 14:01:41
599,2959,twist,2017-06-26 14:02:23
599,2959,twist ending,2017-06-26 14:01:28
599,2959,violence,2017-06-26 14:01:44
599,2959,violent,2017-06-26 14:01:54
600,273,gothic,2009-03-23 00:24:24
606,1357,music,2007-04-17 07:16:33
606,1948,british,2007-04-25 22:50:49
606,3578,romans,2007-03-07 04:29:04
606,5694,70mm,2007-04-04 06:08:12
606,6107,world war ii,2007-05-07 01:49:07
606,7382,for katie,2007-02-12 06:46:59
606,7936,austere,2007-03-09 06:18:54
610,3265,gun fu,2017-05-04 04:39:44
610,3265,heroic bloodshed,2017-05-04 04:39:38
610,168248,heroic bloodshed,2017-05-04 04:44:30
